,R2,MAE,MSE,RMSE,MAPE
gbr,0.9856307112143909,2.6483512305522128,40.55717299230001,5.884693404218872,0.005813210390176585
xgb,0.9837608385652107,3.1683182008804813,44.740253963084456,6.133222151661288,0.006875545109331041
rf,0.9830722363621142,3.6269572808737687,47.47044349720646,6.542485108647199,0.007840052495500347
BayesianRidge,0.9719970051044304,3.7779912032310876,76.44735921511378,8.260434306074409,0.008441755946555338
