,R2,MAE,MSE,RMSE,MAPE
xgb,0.9777839913604863,3.4817448991344824,54.60892925732772,6.7525814713914984,0.0074064198761439794
gbr,0.9765636316001748,3.1681468695545045,56.600560111733685,6.793632900417241,0.006801684876467237
rf,0.9714188994345738,4.184019722780304,67.5830987882287,7.744245914959462,0.008845153146509247
BayesianRidge,0.9703003904245667,3.928499442194152,72.75347240747912,7.8991979927739475,0.008519231487588815
