,R2,MAE,MSE,RMSE,MAPE
gbr,0.9876099855818923,2.145974111925109,31.23410446272486,4.929467245759765,0.004643220335720436
xgb,0.9849799108426666,3.0488873937053063,36.40596203986314,5.463656335572193,0.006524730486463392
rf,0.9733651157304456,4.75891440828521,66.97307528305143,7.727640598895382,0.010292719178229666
BayesianRidge,0.9692003846579036,3.595117930934233,77.56176323799252,8.383758104718385,0.007854076595413432
