,R2,MAE,MSE,RMSE,MAPE
BayesianRidge,0.9739130658275673,3.2167025138267276,55.48292801448637,7.177083799778122,0.00710112346172047
gbr,0.9708117416253712,2.910570081058917,55.90781910947724,6.788736272488016,0.006457854953748121
xgb,0.9656092216903938,3.5557555684735696,72.6339379549335,7.893709242537224,0.007899373915523608
rf,0.9612982613734223,4.5618858780914415,78.25454233433366,8.362441605401699,0.010000366980299855
