,R2,MAE,MSE,RMSE,MAPE
xgb,0.9881917808105841,2.4724524381083826,24.191127085771225,4.486699063606681,0.005186845792900732
gbr,0.9865513263427192,2.212724935221276,28.93614543219342,4.794642008950712,0.004706615560113382
BayesianRidge,0.9808886505451715,2.733759445630679,41.10794845234331,6.039998343075114,0.005922298957852735
rf,0.976133867101027,3.850891708004532,48.836753970632415,6.706641774096073,0.008152978029579452
