,R2,MAE,MSE,RMSE,MAPE
gbr,0.9761164876491557,2.9606413996379493,53.35978160070734,6.981585314274907,0.006640095052777366
xgb,0.9747264733896772,3.5499810194200085,61.21871701277271,7.433306096031916,0.007908894013920278
rf,0.9633333109355144,4.511664875939183,78.38680693800717,8.367715411270352,0.00995836871113098
BayesianRidge,0.9631402204345406,4.306587505889993,88.36170909265597,8.881147810146848,0.009756199722264405
