,R2,MAE,MSE,RMSE,MAPE
xgb,0.9801250846483949,3.4044258499145506,53.14467088226483,6.686894209150479,0.007244986209704115
rf,0.9781626951135529,4.134543560635153,57.99581301497574,7.467146853359225,0.00879085534345548
gbr,0.9754768468294248,3.0749565959796987,66.038884861745,7.157494378997737,0.006548474014321392
BayesianRidge,0.9560004620329154,4.5595446576033725,119.1437217702485,10.290774786883118,0.009773030046126443
