,R2,MAE,MSE,RMSE,MAPE
gbr,0.985868229017149,2.5525306112606545,37.91340880604289,5.793551571537136,0.005321765905501152
xgb,0.9846980028314064,3.068873409763459,40.67011495732463,5.866395415863485,0.00650721950063316
rf,0.9759259137289893,4.502982982196456,62.2993164282704,7.628912899456473,0.009685248388991671
BayesianRidge,0.9754512963070876,3.385775001529692,63.42877874566111,7.40595174843248,0.007108295824253599
