,R2,MAE,MSE,RMSE,MAPE
xgb,0.9804603642919746,3.394305969361336,50.44428857187095,6.904163136122364,0.007451628744212525
gbr,0.9765355789825589,3.218157141147401,62.198500323232636,7.493613542147718,0.0071853708124597765
rf,0.9749104273244299,4.385164787674528,64.86746193737176,7.785942166967341,0.00953103232073484
BayesianRidge,0.9675273826562203,3.9554779336517782,84.89551564081195,8.796505845658556,0.00877397320079206
