,R2,MAE,MSE,RMSE,MAPE
gbr,0.9249794512636351,7.5790139673922,266.6115387596632,14.659796766572589,0.016086816330420455
