,R2,MAE,MSE,RMSE,MAPE
gbr,0.9326407706672988,7.5085582701175095,228.4358291507573,14.639219937246162,0.015982925268220916
