,R2,MAE,MSE,RMSE,MAPE
gbr,0.9709113762534434,5.89611814122477,109.18040588952465,9.8266911257629,0.012600563378455446
