,R2,MAE,MSE,RMSE,MAPE
gbr,0.9362078870712891,7.6522912941428824,201.957585857712,13.804683881652698,0.016209095727544445
