,R2,MAE,MSE,RMSE,MAPE
gbr,0.9623412798338645,5.478773783674761,126.46509799101048,10.584178666418497,0.011617491306565034
