,R2,MAE,MSE,RMSE,MAPE
gbr,0.9559625326886826,7.127225816895631,141.99976343885652,11.715611524271594,0.014830020724348622
