,R2,MAE,MSE,RMSE,MAPE
gbr,0.9599778684736855,6.583000140194615,141.4467727861558,10.854368820353171,0.013845272829705501
