,R2,MAE,MSE,RMSE,MAPE
gbr,0.9562940652020302,6.348446835172338,144.19108181411124,11.260599395157747,0.013466765173576983
