,R2,MAE,MSE,RMSE,MAPE
gbr,0.946310067328897,5.473985439107315,146.82951352360868,11.292802746007553,0.011692100650349976
