,R2,MAE,MSE,RMSE,MAPE
gbr,0.9608766999522352,6.043676062643731,142.11426396349097,11.072197885963325,0.012748810227032925
