,R2,MAE,MSE,RMSE,MAPE
gbr,0.955195151875874,5.86000593315826,142.4365192962466,10.720813925666912,0.012451484576812217
