,R2,MAE,MSE,RMSE,MAPE
gbr,0.957638539579037,6.368819370545005,134.34850993417706,10.873061694680137,0.013376368578740083
