,R2,MAE,MSE,RMSE,MAPE
gbr,0.9225089492629964,6.89102794938497,226.79619673720086,13.690821417641605,0.014867086226026166
