,R2,MAE,MSE,RMSE,MAPE
gbr,0.9423608910810224,6.581461247346665,192.25155480032916,13.20562139530632,0.013760034163412486
