,R2,MAE,MSE,RMSE,MAPE
gbr,0.941809819992154,7.04375826370274,204.4321371352721,12.604560547704462,0.015319875507300079
