,R2,MAE,MSE,RMSE,MAPE
gbr,0.9582127848433682,6.188464039189027,148.4368157687951,11.247341213447747,0.013111636656888592
