,R2,MAE,MSE,RMSE,MAPE
gbr,0.9517156845490222,6.91611964228769,143.13924817281674,11.311002885810769,0.014909169953613952
