,R2,MAE,MSE,RMSE,MAPE
gbr,0.9518931936170176,6.426541846435427,166.17651711369282,11.92527813432024,0.013611284148066834
