,R2,MAE,MSE,RMSE,MAPE
gbr,0.947046586266271,6.9172993728169985,187.42233577404764,12.869413106719865,0.014661689831785613
