,R2,MAE,MSE,RMSE,MAPE
gbr,0.9436936806591435,6.827621846111866,191.68734621008298,12.095589957217168,0.01451865279843777
