,R2,MAE,MSE,RMSE,MAPE
gbr,0.9593540767119778,6.049994664959564,117.87769377051916,10.21436194649695,0.012779310173689462
