,R2,MAE,MSE,RMSE,MAPE
gbr,0.9326958376466175,7.2384671879286815,239.18831242117085,14.120305653320397,0.015811014305201123
