,R2,MAE,MSE,RMSE,MAPE
gbr,0.9305559194181059,7.960460445779563,246.48360625945753,13.815552798323711,0.017283240355712978
