,R2,MAE,MSE,RMSE,MAPE
gbr,0.9417656884031192,7.192622144951303,209.69232965099027,13.217811193854473,0.015421494231255412
