,R2,MAE,MSE,RMSE,MAPE
gbr,0.93509982281021,7.879212582953912,212.84175084992452,13.782473456810687,0.01709552963978783
