,R2,MAE,MSE,RMSE,MAPE
gbr,0.9319295370369387,6.985431208809845,209.35534255653926,13.003365961696332,0.015055780161053583
