,R2,MAE,MSE,RMSE,MAPE
gbr,0.9592381412579712,6.315025023083935,138.84954998551206,11.268268802627759,0.013398865062284793
