,R2,MAE,MSE,RMSE,MAPE
gbr,0.9236856663414464,7.341777065145891,246.64436430045834,14.138351425471484,0.015892408200226433
