,R2,MAE,MSE,RMSE,MAPE
gbr,0.9589714058412524,5.54998461063998,128.47437636472768,10.569642566703532,0.011699320622442408
