,R2,MAE,MSE,RMSE,MAPE
gbr,0.9563105374977269,6.1437390892502055,142.73671988141353,10.872931586293543,0.01296994767389456
