,R2,MAE,MSE,RMSE,MAPE
gbr,0.9241973956170035,7.4536511308649125,283.22910684372675,15.101954236597896,0.015997890145110053
