,R2,MAE,MSE,RMSE,MAPE
gbr,0.9384001183148541,7.23924570121432,225.36211220692226,13.925985371709576,0.015587447498337348
