,R2,MAE,MSE,RMSE,MAPE
gbr,0.9641981686094689,6.170883405353283,127.4600886887655,10.245966486085827,0.012990655711420229
