,R2,MAE,MSE,RMSE,MAPE
gbr,0.95976749897191,5.991940521105976,119.92016844231311,10.515881406622345,0.012466575261970746
