,R2,MAE,MSE,RMSE,MAPE
gbr,0.9667884830097574,5.340750633660798,114.36424478303277,9.753629786213168,0.010833564953985717
