,R2,MAE,MSE,RMSE,MAPE
gbr,0.9345017859852822,7.009256473962639,248.07254319087787,14.346380119174736,0.014821602323498472
