,R2,MAE,MSE,RMSE,MAPE
gbr,0.9527160539793611,6.741037854797942,167.30992353249766,12.036541982143623,0.014198636373961857
