,R2,MAE,MSE,RMSE,MAPE
gbr,0.9484601972393172,6.662233139406082,179.70475340460774,12.283154723548027,0.013844668718842943
