,R2,MAE,MSE,RMSE,MAPE
gbr,0.9464574770263502,6.741902841216931,201.08515538227303,12.672478969827841,0.014620769644828186
