,R2,MAE,MSE,RMSE,MAPE
gbr,0.9644874990329505,6.110859599468049,131.9832156570247,10.820077886558858,0.012980804970964335
