,R2,MAE,MSE,RMSE,MAPE
gbr,0.9494593203810086,6.311518421321748,164.06640681502455,11.810065705725155,0.013405031433893946
