,R2,MAE,MSE,RMSE,MAPE
gbr,0.937243938904561,7.231065581763714,218.97368248165813,12.871114009466874,0.015523268029167947
