,R2,MAE,MSE,RMSE,MAPE
gbr,0.9573412582887739,6.645952608936563,154.17306889137132,12.068803235389643,0.013698039632997625
