,R2,MAE,MSE,RMSE,MAPE
gbr,0.9420914146125862,7.3915017422332365,193.1010248380237,13.349674915829604,0.01571231126977073
