,R2,MAE,MSE,RMSE,MAPE
gbr,0.9652264893369628,6.07038217952771,119.1907732600899,9.839094911444027,0.012966793200084554
