,R2,MAE,MSE,RMSE,MAPE
gbr,0.9547679630210448,6.39917203575178,135.88774292289423,11.182882740247873,0.013350569678102933
