,R2,MAE,MSE,RMSE,MAPE
gbr,0.9567284715161712,6.3823996725695595,136.12097126470672,10.619543232348345,0.013596090227919008
