,R2,MAE,MSE,RMSE,MAPE
gbr,0.94958897851414,5.657912559655401,159.25939984408643,11.181063246123486,0.012113342482951567
