,R2,MAE,MSE,RMSE,MAPE
gbr,0.9658652092186228,5.82109209878786,119.12360235145533,10.075474167322565,0.01200200724028914
