,R2,MAE,MSE,RMSE,MAPE
gbr,0.9628032187090504,6.273488085544908,130.14559502850247,10.955778713150725,0.013151191301457843
