,R2,MAE,MSE,RMSE,MAPE
gbr,0.9383846524681511,8.61344687332878,240.98849283138642,15.190773151889221,0.018298102623770886
