,R2,MAE,MSE,RMSE,MAPE
gbr,0.940439430611782,6.867311294725394,203.88898264785604,13.587892822871684,0.014980422111113811
