,R2,MAE,MSE,RMSE,MAPE
gbr,0.9498002452589016,7.047673394934921,156.71636420489267,11.825190819423922,0.015285475215209118
