,R2,MAE,MSE,RMSE,MAPE
gbr,0.9289127997327368,7.6956051719725425,253.87293795881027,15.547306726722008,0.016474277675866938
