,R2,MAE,MSE,RMSE,MAPE
gbr,0.9425997492219658,7.039295897572101,210.350379159136,12.827543482552446,0.015154856628775231
