,R2,MAE,MSE,RMSE,MAPE
gbr,0.9575543404741195,5.58871803104147,144.71405300034536,11.28940517421092,0.012018492749204124
