,R2,MAE,MSE,RMSE,MAPE
gbr,0.9512110181551655,6.093513279041535,175.58834055472104,11.946437472871782,0.013180627493032167
