,R2,MAE,MSE,RMSE,MAPE
gbr,0.9399715068174679,7.8157006342576025,232.89084685154575,14.274947882082992,0.01690599285663554
