,R2,MAE,MSE,RMSE,MAPE
gbr,0.9661250763086551,5.733570262162729,107.34957951328279,9.856638613834688,0.011983783935158518
