,R2,MAE,MSE,RMSE,MAPE
gbr,0.9519665079294315,6.31574638640182,157.62512425360836,11.558380250311405,0.013373984980285867
