,R2,MAE,MSE,RMSE,MAPE
xgb,0.9838413998659286,3.358555357280531,61.06558488087417,7.3676387753186745,0.00734672347880481
