,R2,MAE,MSE,RMSE,MAPE
xgb,0.98573632102738,3.4393629180881917,53.8402401605959,7.279950514628044,0.0074400879412009156
