,R2,MAE,MSE,RMSE,MAPE
xgb,0.990396140381043,3.108042893582877,35.187986725957686,5.767589093361375,0.006764173169265589
