,R2,MAE,MSE,RMSE,MAPE
xgb,0.9804454893282706,3.661753797661432,74.38516249291754,8.363343387440661,0.008014699459625414
