,R2,MAE,MSE,RMSE,MAPE
xgb,0.9851428890621703,3.544244845186909,53.07385310195711,7.165481304788374,0.007664057785852036
