,R2,MAE,MSE,RMSE,MAPE
xgb,0.9820789740797174,3.5128653935799434,66.08153779562109,7.883530804661783,0.007714375927396097
