,R2,MAE,MSE,RMSE,MAPE
xgb,0.9852297257730006,3.4656672317945514,56.34160607017011,7.3623614982052485,0.007592472712455807
