,R2,MAE,MSE,RMSE,MAPE
xgb,0.9863817280157093,3.4395750905948317,49.17302770279393,6.8755984820663985,0.007513302060758888
