,R2,MAE,MSE,RMSE,MAPE
xgb,0.9746851276774908,4.014717664137838,92.49405438006936,9.028004282727103,0.008929384741708967
