,R2,MAE,MSE,RMSE,MAPE
xgb,0.9816929855571151,3.6089901775220206,71.48758758333541,8.221066611492535,0.00791722093202749
