,R2,MAE,MSE,RMSE,MAPE
xgb,0.9805646125508162,3.713991157269228,73.48462467608621,8.361288061885725,0.008143635352680829
