,R2,MAE,MSE,RMSE,MAPE
xgb,0.9862316204359349,3.4421806268075086,48.29725546502024,6.7380225973332815,0.007537276705913703
