,R2,MAE,MSE,RMSE,MAPE
xgb,0.9855740582961285,3.261962053495141,52.61205541163904,7.082822332271138,0.007116423747360182
