,R2,MAE,MSE,RMSE,MAPE
xgb,0.9898774269609201,3.0890050760904946,36.882592888009356,6.001694915781713,0.006717579807135596
