,R2,MAE,MSE,RMSE,MAPE
xgb,0.986623744747801,3.3604412892860105,50.01257118210319,6.836771575803356,0.0073553940124459925
