,R2,MAE,MSE,RMSE,MAPE
xgb,0.9815421767813204,3.484256959536527,68.95711848371171,7.969023603138643,0.007633030355262947
