,R2,MAE,MSE,RMSE,MAPE
xgb,0.9827287548394107,3.601176133197542,64.05804761496138,7.818726856594333,0.007800148825429688
