,R2,MAE,MSE,RMSE,MAPE
xgb,0.9847230832643193,3.3314653409074806,54.2359587220108,7.206126538539041,0.00721279884197807
