,R2,MAE,MSE,RMSE,MAPE
xgb,0.9858347641559062,3.405932870570971,51.16973029523622,7.070548415923187,0.007389740179553123
