,R2,MAE,MSE,RMSE,MAPE
xgb,0.9836566916368936,3.435673026724184,58.84397319430401,7.443221840767144,0.007525966510309618
