,R2,MAE,MSE,RMSE,MAPE
xgb,0.98520419928218,3.343272604099929,55.16053466507374,7.260294702619528,0.0072784344628147295
