,R2,MAE,MSE,RMSE,MAPE
xgb,0.9804348119917092,3.655105533371065,68.86863377453682,8.012588034402507,0.007986901549704852
