,R2,MAE,MSE,RMSE,MAPE
xgb,0.9867270651886463,3.3136256763062755,50.20458887684409,6.9053832087193046,0.0072367872171961115
