,R2,MAE,MSE,RMSE,MAPE
xgb,0.9803590478505548,3.5942064676273118,74.73583913487366,8.198218703146733,0.007815395523604987
