,R2,MAE,MSE,RMSE,MAPE
xgb,0.9841322924082224,3.5251503691302988,57.94845941415032,7.4702808466927575,0.007794147258791184
