,R2,MAE,MSE,RMSE,MAPE
xgb,0.9829798703926247,3.5070328357076916,60.817251979605466,7.612958524241316,0.007706693016169141
