,R2,MAE,MSE,RMSE,MAPE
xgb,0.9877160355538791,3.3175379391158395,46.8976398597226,6.703620265063047,0.007254085355648927
