,R2,MAE,MSE,RMSE,MAPE
xgb,0.986406661683017,3.422394333240598,51.127585395150696,7.0402965470494605,0.007420899003212834
