,R2,MAE,MSE,RMSE,MAPE
xgb,0.9871123425606552,3.3819876050820694,46.38967970180859,6.7075811815868445,0.007370046793278825
