,R2,MAE,MSE,RMSE,MAPE
xgb,0.9866030699496096,3.494415703447566,50.61768880357656,7.023524580340167,0.007612323264904543
