,R2,MAE,MSE,RMSE,MAPE
xgb,0.983472012750213,3.3760753274930835,62.78838972168448,7.4533153363477425,0.007420245599029178
