,R2,MAE,MSE,RMSE,MAPE
xgb,0.98572074887573,3.3307254242907627,55.59434988367624,7.120955804560151,0.0072074769363565825
