,R2,MAE,MSE,RMSE,MAPE
xgb,0.9825611064111953,3.6679833686393173,61.49253417996133,7.69503937929684,0.00801301625905608
