,R2,MAE,MSE,RMSE,MAPE
xgb,0.9815970335990883,3.7368032337626063,69.46888271806448,8.270453691084256,0.008196246942830566
