,R2,MAE,MSE,RMSE,MAPE
xgb,0.9841098616967061,3.497566579369709,57.25769402951926,7.365992918614121,0.007641328191239531
