,R2,MAE,MSE,RMSE,MAPE
xgb,0.9834994026641599,3.4695141889846335,60.001498115220194,7.515476467287352,0.00759887791028589
