,R2,MAE,MSE,RMSE,MAPE
xgb,0.9830693402522709,3.646370226643492,66.6506219021883,7.999880203794907,0.008018934444254135
