,R2,MAE,MSE,RMSE,MAPE
xgb,0.9862093046708154,3.196558837006599,47.81252084787881,6.69796200341778,0.006894150949744235
