,R2,MAE,MSE,RMSE,MAPE
xgb,0.986578775051884,3.3039701177295364,49.09509517089522,6.825450977261302,0.007169713733692229
