,R2,MAE,MSE,RMSE,MAPE
xgb,0.9862944228361468,3.3312298096732413,49.54643833172489,6.915362359826612,0.007275646647562315
