,R2,MAE,MSE,RMSE,MAPE
xgb,0.9832916941886065,3.468255619658656,63.51602082956848,7.730356996755184,0.007565505907625347
