,R2,MAE,MSE,RMSE,MAPE
xgb,0.9876234961791376,3.1403249116494045,45.48724102139167,6.559545255245027,0.006831107525691407
