,R2,MAE,MSE,RMSE,MAPE
xgb,0.9890602695584446,3.376507361733831,41.24605880287553,6.318632579929334,0.007350534689318998
