,R2,MAE,MSE,RMSE,MAPE
xgb,0.9864768564337856,3.2911671914212577,48.10277040470388,6.833224051345789,0.007177045918028581
