,R2,MAE,MSE,RMSE,MAPE
xgb,0.9842812089993078,3.5535425426134353,58.30601815117283,7.364927848885465,0.007845104074219783
