,R2,MAE,MSE,RMSE,MAPE
xgb,0.9854238483905826,3.286203081422631,52.60315517570505,7.0251793445070145,0.00722773474545
