,R2,MAE,MSE,RMSE,MAPE
xgb,0.9863896829954077,3.5065976984231653,49.83436702646116,6.895511319006273,0.007584524060781572
