,R2,MAE,MSE,RMSE,MAPE
xgb,0.9825664580401579,3.5882410201095993,63.24214939377564,7.690548947215847,0.007814306543555489
