,R2,MAE,MSE,RMSE,MAPE
xgb,0.985696372735527,3.4710493865099368,52.45881689978462,7.123806766073265,0.00759528784546141
