,R2,MAE,MSE,RMSE,MAPE
xgb,0.9841524237149682,3.5571722374465637,57.759398596932954,7.25989893193731,0.007659630191103545
