,R2,MAE,MSE,RMSE,MAPE
xgb,0.9847195267241169,3.376622607758884,51.916652893632204,7.132697982498269,0.007309530679214182
