,R2,MAE,MSE,RMSE,MAPE
xgb,0.9892608089274539,3.192048512677084,39.01375281317076,6.139894266563479,0.0069384487831272625
