,R2,MAE,MSE,RMSE,MAPE
xgb,0.9855930090664179,3.140001698565594,50.467030442954254,6.867387119719977,0.006876776732704519
