,R2,MAE,MSE,RMSE,MAPE
xgb,0.9804083970437686,3.6207059847595118,72.90584523736564,8.2344808382648,0.008006858573019944
