,R2,MAE,MSE,RMSE,MAPE
xgb,0.9859089129554665,3.4193789887051507,53.61944893956712,7.123253417199206,0.007433932648403434
