,R2,MAE,MSE,RMSE,MAPE
xgb,0.9864374428035495,3.3450056798900265,49.12479498736222,6.842114374757777,0.007227964255822518
