,R2,MAE,MSE,RMSE,MAPE
xgb,0.9847224419573971,3.52191009215188,56.89691946638453,7.390585059901284,0.007640942477220178
