,R2,MAE,MSE,RMSE,MAPE
xgb,0.983775464017244,3.6110543786234834,60.42183191142417,7.6071314506976915,0.007966208182452836
