,R2,MAE,MSE,RMSE,MAPE
xgb,0.979989316356565,3.718417732266784,75.17808021707272,8.238571256489587,0.008209172939902507
