,R2,MAE,MSE,RMSE,MAPE
xgb,0.9822933097505743,3.6254685328878855,63.282651897952135,7.6641448628345445,0.007937671564484012
