,R2,MAE,MSE,RMSE,MAPE
xgb,0.984333961572859,3.7031149283165754,58.37318141513784,7.443012573755799,0.008088006741917432
