,R2,MAE,MSE,RMSE,MAPE
gbr,0.9774167214422296,4.8247216886438515,88.85035276458885,9.215927676847276,0.011004466150255993
rf,0.975088874359346,4.906964112950549,96.42117290370685,9.625556455444915,0.010958365200630005
xgb,0.9750420091516491,5.005587123320774,97.42944579575705,9.691074580975423,0.011195572375851112
BayesianRidge,0.9750388527235534,5.66998913999875,97.51728577479687,9.704363185459183,0.012984441126364482
