,R2,MAE,MSE,RMSE,MAPE
xgb,0.9731322902876011,4.914076461319957,107.21139921584697,10.056641736209635,0.011203730620325373
gbr,0.9709497976154889,4.964914779178687,115.48358345364177,10.456924691218644,0.011456411992729306
BayesianRidge,0.9674462643697573,6.083041587740647,128.67579237354593,11.111445963172944,0.014027595558336705
rf,0.966193702348124,5.253547563992449,134.09967472571077,11.298251082060235,0.012094320173283357
