,R2,MAE,MSE,RMSE,MAPE
rf,0.9671856835897097,5.228728582529309,129.49904099700743,11.161091519602097,0.012004395493677876
gbr,0.9666199632641452,5.344152710914709,131.55697602884817,11.208601030304044,0.012286175546243573
xgb,0.9654242785479692,5.360370843909122,136.78794080590984,11.420950200939215,0.012299300860243608
BayesianRidge,0.9633892889140284,6.304364154410122,144.48646240075362,11.83730366038105,0.014632286249900674
