,R2,MAE,MSE,RMSE,MAPE
xgb,0.9683208140027082,4.941362788823112,121.85041563739176,10.400654056044015,0.011335926952241423
gbr,0.9679550030256114,4.902149394457308,122.15273442795717,10.461338187365566,0.011370216310912859
BayesianRidge,0.9668514648921664,5.584358894221556,125.63895481892533,10.710562226443093,0.012945351642502054
rf,0.9637206907023161,5.110844832036383,139.74075871789162,11.354207124725999,0.011776262832679091
