,R2,MAE,MSE,RMSE,MAPE
gbr,0.9732118788266064,4.942072332880108,101.21340490646729,9.816220924466979,0.011437171730707968
xgb,0.9703779116665006,5.323544691949175,113.0980715820217,10.29397649861826,0.01223582557278529
BayesianRidge,0.9671371726927328,6.485380829378782,125.81267662474815,11.025362062536846,0.015085567786000337
rf,0.9651026998822549,5.527489378587071,133.56607626900168,11.160831744736916,0.012646489347801654
