,R2,MAE,MSE,RMSE,MAPE
xgb,0.9740395694813984,4.882173760832796,103.65175396287955,10.066003629083085,0.011008189998851
rf,0.9727957802969562,4.980394981880392,108.35164800880281,10.22066446472611,0.01116804113892159
BayesianRidge,0.9717310294346072,5.8140005957100716,113.40848681870042,10.41955546755474,0.013260172789654509
gbr,0.9715081388118465,5.008076024397165,114.13737225703554,10.492182341756669,0.011421477914577191
