,R2,MAE,MSE,RMSE,MAPE
gbr,0.9782786911839085,4.610858785049324,83.63651723420641,8.904500684820599,0.01054119695716234
xgb,0.9757543631237467,4.643965068245701,91.22401133538631,9.095958280474962,0.010481410366029452
BayesianRidge,0.9744563330378984,5.707566370999168,97.66974281263688,9.698282710471894,0.013079556740773357
rf,0.9742757460126675,4.921349220071385,97.77517738388158,9.58925009674655,0.011099564935942285
