,R2,MAE,MSE,RMSE,MAPE
gbr,0.9725032879191863,4.800516511038626,102.18490596062824,9.833298940207875,0.011063172745762382
xgb,0.9677186855195945,5.076779791895669,120.32822348286814,10.597868336791963,0.011659477495581279
BayesianRidge,0.9648452656448745,6.225170885080772,129.82039407471763,11.216354579533837,0.014434297075693613
rf,0.9635155476984874,5.108781889615104,136.66289209559417,11.242513211407152,0.011746823372364618
