,R2,MAE,MSE,RMSE,MAPE
xgb,0.9678737414755396,5.115810120610187,116.15574285946771,10.696036100142276,0.011474672615773356
gbr,0.9672094268113556,4.935987095202009,119.18863334068665,10.682259164239627,0.011139096818079766
BayesianRidge,0.9655541246937627,5.971567395038851,125.54932640758452,11.08415204483816,0.013586750863224176
rf,0.9633927829680958,5.171446518868224,131.40589122109395,11.161310630500056,0.011602627082828224
