,R2,MAE,MSE,RMSE,MAPE
xgb,0.9763940889351399,4.805163562118116,93.47047205246892,9.392048911031345,0.010792949511802147
gbr,0.9762684157485104,4.776508653747585,94.52840864430124,9.425976529934953,0.010825554743311464
rf,0.9719940944755908,4.937534988713161,110.28979339145899,10.205825638574442,0.011165082384011626
BayesianRidge,0.970014358396714,5.998574768717472,118.95543394353521,10.629639581757703,0.013704572405739723
