,R2,MAE,MSE,RMSE,MAPE
xgb,0.9709144188306686,4.994885981501653,109.34464667571085,10.316838038411687,0.011399520114523908
gbr,0.9695149724058918,4.932747235473849,114.48512756111901,10.504798071154996,0.011396456886791499
rf,0.9684130460902282,5.065345447312446,118.62729480449266,10.637615508672585,0.011531508014639156
BayesianRidge,0.9683715477274024,5.962321484037922,119.06807902811852,10.76597536750934,0.013769859638039086
