,R2,MAE,MSE,RMSE,MAPE
gbr,0.9693378931718971,4.854970805481929,117.88426299966304,10.682651307056402,0.011092906420651865
xgb,0.9684029640774072,4.97844756728636,120.90432394140535,10.847494486914336,0.011306863496688732
rf,0.9657768759111859,5.065354560295671,129.23981455971847,11.200785778713255,0.011522592755940001
BayesianRidge,0.9654095357821898,5.9395459232901695,131.8291962461706,11.295072919114741,0.013693584567987718
