,R2,MAE,MSE,RMSE,MAPE
gbr,0.9694866876635541,5.19166362533432,108.63737231366777,10.144362087061294,0.011835820964231726
xgb,0.9671014130632622,5.380316660523183,116.47701046658649,10.515490577422478,0.012161279248784716
rf,0.9662697097170586,5.24899133803593,119.3756280781964,10.598062900049003,0.011891417873257232
BayesianRidge,0.9635714868606685,6.420917572988546,129.55396377648336,11.15284176714187,0.01458807077808503
