,R2,MAE,MSE,RMSE,MAPE
xgb,0.9780028660185873,4.576944638996359,83.59268482214136,8.9957122470257,0.010365167874502638
gbr,0.977916458467357,4.399905064619484,84.18040828101243,8.893756063501513,0.010028084703310805
rf,0.9761197967396914,4.738824579663509,90.6635371070543,9.408736600260024,0.010779654155949005
BayesianRidge,0.974973104831592,5.665893064286808,96.12551149253076,9.599151851965491,0.013099374100609537
