,R2,MAE,MSE,RMSE,MAPE
xgb,0.9710826841657039,4.567293919575913,102.49731803962791,9.514496724905054,0.010277144671858762
gbr,0.9690855042667994,4.638968584326318,109.66551567986407,9.845591153993855,0.010506533420864066
BayesianRidge,0.9681928462580807,5.806663741907522,114.20921117663826,10.366156512307807,0.013223233926966407
rf,0.9679340013703586,5.01101712619172,113.70411500709312,10.158252566721027,0.011308230231544241
