,R2,MAE,MSE,RMSE,MAPE
BayesianRidge,0.9611119527277671,4.6248481221840185,123.03077884471236,10.506080594537575,0.009805457904224832
gbr,0.9592353519914001,4.4802791811132145,132.02597396336904,10.480760228958413,0.009656847553282392
rf,0.9568166622266485,4.254175677058615,140.75284913163696,10.623314719028466,0.009112235470729459
xgb,0.9493573064277891,5.150376094325527,161.6067264746876,11.52577871846374,0.011139253869767291
