,R2,MAE,MSE,RMSE,MAPE
xgb,0.9579033957995599,4.950363769989472,103.3734976197926,9.46110964946461,0.010741007346245385
rf,0.9569684797416589,4.740139412830837,111.34272990663172,9.92725812461376,0.01045071236909845
gbr,0.953970961039448,4.9813389124012355,112.25763499723419,10.153602963194661,0.010828826909290348
BayesianRidge,0.953604469750396,4.774199063441742,118.6619638792271,10.475491055261442,0.010307432215694062
