,R2,MAE,MSE,RMSE,MAPE
gbr,0.9453638199633165,5.102896830552031,140.31742587988248,10.85509158716489,0.011278072509504368
rf,0.9384227344091528,4.939802455600605,162.147903548986,11.72097760893907,0.010993894398896606
xgb,0.9377525704089049,5.237505371277038,163.44600541513688,11.70416837675977,0.011523861300289637
BayesianRidge,0.9296447660376135,5.942935055223574,177.079271429029,12.770915477413864,0.012957808911217759
