,R2,MAE,MSE,RMSE,MAPE
rf,0.9556269567635226,4.115952887858628,137.3054291847523,10.227453058437368,0.008684657726497572
xgb,0.9542341607236644,4.535501228309609,142.0868303679008,10.531960650009685,0.00941471075885459
BayesianRidge,0.9519055226932798,4.644859271861267,145.08221128620525,10.772491908779516,0.009713675671867834
gbr,0.9471429327507008,4.642864494625387,167.1300844723758,11.011720575669711,0.009692087953532184
