,R2,MAE,MSE,RMSE,MAPE
xgb,0.9723909797185255,4.155946028425887,86.80397579087133,8.799724450570567,0.009155002589766158
rf,0.9671919596794419,4.1445897149828435,119.33798796287545,9.771886545922685,0.009284742587099786
gbr,0.9649429923882599,4.2697118643895156,124.71784519136156,9.781895876299618,0.00951339138865898
BayesianRidge,0.9632059802875073,4.493188691488688,131.61820184408035,10.458618518138566,0.010062960398866179
