,R2,MAE,MSE,RMSE,MAPE
gbr,0.9638596955857764,4.241023527300591,106.19929131100642,9.490060261424558,0.009717453825410846
rf,0.9545315833509018,4.216617404320352,134.19374772682937,10.466483696134757,0.009813775792952053
xgb,0.9520702173149802,5.106367077068523,138.8797374038922,11.240030148655496,0.01144407842347719
BayesianRidge,0.9435742201277199,5.080462721788922,165.68339003016632,11.743384431506424,0.011504764864651917
