,R2,MAE,MSE,RMSE,MAPE
rf,0.9532166111414083,4.38455865695244,133.25418598968452,10.581445164260417,0.009798020459543979
gbr,0.9492036522067424,4.745261103163511,143.71679437170525,10.676898894086852,0.010615252188728845
BayesianRidge,0.9419000116926668,4.8376932731328735,156.81442970707252,11.705781659522572,0.010766080411020626
xgb,0.9192445303400568,5.425392469801343,226.0246670613814,12.689478186117437,0.011935177993667279
