,R2,MAE,MSE,RMSE,MAPE
gbr,0.9309507057000342,5.153245860692699,158.01816151935213,11.847131380272808,0.011537185779687558
xgb,0.9272868712985968,5.656613088155294,194.11296692165536,12.679075445876954,0.012488995347175708
rf,0.9262274576317042,4.887828340096363,172.3086411339626,12.221497967988585,0.011199849333135666
BayesianRidge,0.9202531900302151,5.816106779233991,188.58367344212417,13.247495550175021,0.013019942984825913
