,R2,MAE,MSE,RMSE,MAPE
gbr,0.9641547935946508,4.093132251551128,102.93427817533498,9.57415766288074,0.008642857559295792
xgb,0.9621038362192532,4.602689963675834,108.39204965501952,9.707112674009293,0.009773860380241372
rf,0.9602826686874408,4.0617215085128215,114.78272194074543,9.934451592124244,0.008693413192223309
BayesianRidge,0.9564849851231021,4.687801651231987,121.07669494428626,10.492764853238615,0.010021939740774302
