,R2,MAE,MSE,RMSE,MAPE
gbr,0.9730921157054249,3.687077806407571,65.34796255864534,7.691278971201484,0.007882014425383877
rf,0.9667544620511807,3.9439140670249073,86.83743845960899,8.549957936304551,0.008583021285584476
BayesianRidge,0.958986946676456,4.606296328752509,109.25091422919186,9.520484442409373,0.009945461791415377
xgb,0.9583555674644779,4.310316999738998,97.37683167276772,9.147836704923538,0.00929561970518961
