,R2,MAE,MSE,RMSE,MAPE
xgb,0.958696240705709,5.178348933039485,126.62717279678017,10.228657689403631,0.01109531850467558
rf,0.9537887140190648,4.749475200016035,137.92199937152662,10.749874683510654,0.010490599959429034
gbr,0.9523706313692166,5.081534678966259,142.51702941644785,11.16692610280018,0.011166638169940391
BayesianRidge,0.9425190544826274,5.668181226852656,160.2769999559304,12.074837579324262,0.012322013930107106
