,R2,MAE,MSE,RMSE,MAPE
rf,0.947366021337271,4.742734628098404,158.19626138618236,11.988654676493503,0.010546838424314559
xgb,0.9395217912010934,4.927452767403634,163.54750373090116,11.415698308482522,0.010562552096501239
gbr,0.9391485325449824,5.213634377682301,176.64659135820983,12.722449155962002,0.011399825059760619
BayesianRidge,0.9346087655615252,5.428472287144961,190.00358592965375,13.177185596115388,0.011770802450903558
