,R2,MAE,MSE,RMSE,MAPE
xgb,0.9666391855829006,4.587516512942385,110.46757290382652,10.140819888619912,0.01034144671420009
rf,0.9663839343714734,3.9938557208614,103.87193799632693,9.634366906786793,0.009131091814091753
gbr,0.9650221719938941,4.068976664077729,110.00811032633074,9.773032709938196,0.009292262319182046
BayesianRidge,0.9556346177982424,4.799064012200511,135.34087857923578,11.158208225459646,0.010789536048610708
