,R2,MAE,MSE,RMSE,MAPE
BayesianRidge,0.9707809440917512,4.014060364549861,90.60022394107125,9.118205390933639,0.00865108728606906
rf,0.9695430461123962,3.668880312899481,93.58746859236412,9.18428059800371,0.008014208194537818
xgb,0.965784024512614,4.547605779149511,103.99167278247269,9.745579034420746,0.009890095824507337
gbr,0.9616517573409723,4.411412237419765,117.34472851803385,10.313451705350042,0.00958856635654461
