,R2,MAE,MSE,RMSE,MAPE
rf,0.9525577503077365,4.2974417938947465,139.41943685261458,10.805547740788684,0.009654682109318441
BayesianRidge,0.9518382415904008,4.896794289624262,132.37032230043047,11.001124647531967,0.010499760869050538
gbr,0.9499138904167508,4.548341452674485,147.67604575004214,11.074734390062419,0.010146960443049632
xgb,0.9447045579592848,4.91362996694204,161.60884127993188,11.621549663661508,0.010726869293815465
