,R2,MAE,MSE,RMSE,MAPE
BayesianRidge,0.9398975081770059,4.618965804888466,161.52487151290438,11.737494871153045,0.009984441275123646
rf,0.9275307893854816,4.665804263910623,191.67789009549483,12.459360703058419,0.010164749462811975
gbr,0.9255525537379192,5.112589005702089,197.44064633926604,12.686179350577307,0.01103143842871622
xgb,0.9149099474904112,5.525656880788259,232.18573263921576,13.894433073337979,0.012253332693143484
