,R2,MAE,MSE,RMSE,MAPE
gbr,0.9633292130896478,4.471485437304817,117.11151840106477,9.928479027652463,0.009838729222496678
rf,0.9624771168876103,4.058383310437477,119.93240400699366,9.840918529815635,0.009036781579526958
xgb,0.9596282406732273,4.723210480836061,117.89207257932658,10.419165205895641,0.01027177151212423
BayesianRidge,0.9518761250164248,4.977647843114198,143.80614498281727,11.310928759242184,0.010921669921136435
