,R2,MAE,MSE,RMSE,MAPE
rf,0.9531547968108092,4.107516111246364,138.14998242416263,10.450835483140738,0.009246539498426765
gbr,0.9525536270914774,4.273693824018009,140.01857545109345,10.368191147247966,0.009503777435822206
BayesianRidge,0.9284196468639891,5.250003391518497,199.259072055031,12.827450698483972,0.011588835247126188
xgb,0.9183541274234299,5.571499719934779,233.73990949138707,13.93389590369579,0.012395322989253419
