,R2,MAE,MSE,RMSE,MAPE
gbr,0.9580325365941251,4.13199905047859,119.57967607513663,10.030559132981127,0.008908985245787506
rf,0.9576537785354997,3.9050534535915338,114.72043348258129,9.911644057139151,0.00849848737073123
xgb,0.9447978152466415,4.85442036809148,140.2910150395701,11.401788639414413,0.010515648146166557
BayesianRidge,0.9341452230619642,5.42476326652345,171.0283851228682,12.610044199837532,0.011569934858644809
