,R2,MAE,MSE,RMSE,MAPE
xgb,0.9650824498828301,4.570413625447958,97.9234030735643,9.446867375120116,0.009930622090722872
rf,0.9507248166405933,4.7563104164885335,153.29480872772572,11.415826627987666,0.010709433787945538
gbr,0.9329786955669317,5.405478986441281,198.78460991027333,12.654745233472042,0.012213531697107666
BayesianRidge,0.9235382389210962,6.301209346719041,215.2679355583115,14.135055380381052,0.014096159370140532
