,R2,MAE,MSE,RMSE,MAPE
gbr,0.952019359482575,4.581869779338065,143.22729413524385,11.019740105893401,0.010050002638091454
rf,0.9447306667862045,4.362021415069864,158.50447646816207,11.04039679443713,0.00968936755606144
xgb,0.9312003723129244,4.9548394179702155,189.4797687402569,11.549847185821065,0.011089126325106582
BayesianRidge,0.9307990714470508,5.338947524697004,189.80796936699574,12.663706374429406,0.011711872504228796
