,R2,MAE,MSE,RMSE,MAPE
gbr,0.9804220241434333,3.2832039789956093,50.86038006468633,6.937445575414287,0.006983159722481841
rf,0.9762674470909577,3.3477024021457167,62.162769011302416,7.731301525400761,0.007214509598807925
BayesianRidge,0.9706819122293613,4.067335586444004,78.95093961793879,8.684398332935897,0.008643050841839852
xgb,0.9638160147150554,4.101346040559603,97.45246414443088,9.274726387177026,0.00873742591135642
