,R2,MAE,MSE,RMSE,MAPE
gbr,0.9672742639049771,6.155949760668066,124.88049079984474,11.005162982016596,0.014066257220517422
xgb,0.9671633258498415,5.660362523427819,124.6006478673939,10.916086762687595,0.012820988633295288
rf,0.9575771096309046,5.845479398508379,160.499844259173,12.347548365949164,0.01322873404963269
BayesianRidge,0.9492788203627874,8.548327138260172,191.86205622136043,13.748689252498261,0.01963519650995648
