,R2,MAE,MSE,RMSE,MAPE
xgb,0.8658949136734009,7.079266255776337,128.29065698398708,11.103556623995186,0.013210597830931406
