,R2,MAE,MSE,RMSE,MAPE
xgb,0.8690287172794342,7.133072055669165,116.83402684501432,10.708238652737158,0.013241762086466293
