,R2,MAE,MSE,RMSE,MAPE
xgb,0.8723627984523773,7.271102766158563,128.98107396990454,11.221312803557346,0.013576233342920033
