,R2,MAE,MSE,RMSE,MAPE
xgb,0.8873600602149964,7.145568373709014,110.13229874922982,10.439355581541053,0.013292373669523214
