,R2,MAE,MSE,RMSE,MAPE
xgb,0.8788415670394898,7.102129931634247,117.21581089749206,10.767224926803433,0.013155950124786143
