,R2,MAE,MSE,RMSE,MAPE
xgb,0.8605681359767914,7.697928521725328,134.2015310054942,11.435701182252364,0.014404157990198587
