,R2,MAE,MSE,RMSE,MAPE
xgb,0.8858116030693054,6.697732982416262,106.46113612988563,10.170402042946396,0.01249872568347955
