,R2,MAE,MSE,RMSE,MAPE
xgb,0.8401928126811982,7.827998023197568,141.95393542373395,11.797187112919547,0.014606310452239517
