,R2,MAE,MSE,RMSE,MAPE
xgb,0.8706443846225739,7.382994408044446,125.9364758318421,11.08895513359754,0.013803171665966238
