,R2,MAE,MSE,RMSE,MAPE
xgb,0.8876058340072632,6.8998803293194255,107.99655694028002,10.337439217022363,0.012900959337060407
