,R2,MAE,MSE,RMSE,MAPE
xgb,0.8865909039974212,6.552449006546004,99.26321661869922,9.874391687110643,0.012257416745550276
