,R2,MAE,MSE,RMSE,MAPE
xgb,0.872221952676773,7.21883869270795,115.22976315810988,10.655608392181083,0.013542417407628238
