,R2,MAE,MSE,RMSE,MAPE
xgb,0.862712687253952,7.075013259361531,124.20663763980289,11.067007663840496,0.013166922126644923
