,R2,MAE,MSE,RMSE,MAPE
xgb,0.8468926906585693,7.502555123690901,133.8959777302761,11.502650320295562,0.01390995239937535
