,R2,MAE,MSE,RMSE,MAPE
xgb,0.8631336748600006,7.154224086032018,120.31457568606258,10.877118814303737,0.013363509995524913
