,R2,MAE,MSE,RMSE,MAPE
xgb,0.9049058020114898,6.376489386962125,93.42005354889743,9.514775184981104,0.011861996760960516
