,R2,MAE,MSE,RMSE,MAPE
xgb,0.8761843800544739,7.076625430945194,108.97188619379001,10.395445526296196,0.013150868243461589
