,R2,MAE,MSE,RMSE,MAPE
xgb,0.8529895722866059,7.77843844215449,140.24207100017844,11.77237179431369,0.014406643429000738
