,R2,MAE,MSE,RMSE,MAPE
xgb,0.8621608495712281,7.272737679237357,123.55170305370771,11.056908277961025,0.013479427087485757
