,R2,MAE,MSE,RMSE,MAPE
xgb,0.8792202234268188,7.411417479400475,117.26541749982512,10.640538489703761,0.01387182848756536
