,R2,MAE,MSE,RMSE,MAPE
xgb,0.8299299359321595,8.105386162003503,149.30270198816817,12.088599348474999,0.015040361572697373
