,R2,MAE,MSE,RMSE,MAPE
xgb,0.8378143846988678,8.086917361794594,147.13919417878054,11.99500060371041,0.015080871239510208
