,R2,MAE,MSE,RMSE,MAPE
xgb,0.8421990633010864,7.800853512005621,140.21022115661953,11.65366622126482,0.014517032791488
