,R2,MAE,MSE,RMSE,MAPE
xgb,0.8767451763153076,7.126814029259118,130.88987542293077,11.244534870542607,0.013297205846660266
