,R2,MAE,MSE,RMSE,MAPE
xgb,0.8543182790279389,7.702471925023954,151.83638658770116,12.100110560400134,0.014318175782772941
