,R2,MAE,MSE,RMSE,MAPE
xgb,0.8942729651927948,6.708495369874322,97.45374109237846,9.827121359248121,0.012519222765420451
