,R2,MAE,MSE,RMSE,MAPE
xgb,0.8739715158939362,7.208812231703611,111.15570136837525,10.505319281282018,0.013419308842855185
