,R2,MAE,MSE,RMSE,MAPE
xgb,0.8773670196533203,6.7620431284172025,107.59967273577129,10.226214974332214,0.012541385740295011
