,R2,MAE,MSE,RMSE,MAPE
xgb,0.8538792192935943,7.61599682336566,142.30546168605764,11.802636064161337,0.014121234572079953
