,R2,MAE,MSE,RMSE,MAPE
xgb,0.8429694533348083,7.865795090853732,143.7484155801662,11.870436120312824,0.01465687122128619
