,R2,MAE,MSE,RMSE,MAPE
xgb,0.8460937023162842,7.6566034881049685,145.55761775204581,12.024571788982243,0.014222636587511531
