,R2,MAE,MSE,RMSE,MAPE
xgb,0.8426182866096497,7.805777684274513,139.00028976923937,11.698737034144134,0.014548162224751637
