,R2,MAE,MSE,RMSE,MAPE
xgb,0.8773763537406921,7.426890121906403,124.55122423648734,11.125969690038488,0.013772776172489834
