,R2,MAE,MSE,RMSE,MAPE
xgb,0.8761366784572602,7.4012329751296715,127.42145394331833,11.217411949511241,0.013775291270157105
