,R2,MAE,MSE,RMSE,MAPE
xgb,0.8653498411178588,7.420207553173929,120.78205947131198,10.931286418561774,0.013735021461580493
