,R2,MAE,MSE,RMSE,MAPE
xgb,0.8816541016101838,7.270787278736398,117.8402103087657,10.738523555548415,0.013482917256419794
