,R2,MAE,MSE,RMSE,MAPE
xgb,0.8300102174282074,8.098929389068697,154.29562253851864,12.287471388101105,0.014987346523225076
