,R2,MAE,MSE,RMSE,MAPE
xgb,0.8650136888027191,7.60174998499632,134.71942909541613,11.391668705298839,0.014137178385244037
