,R2,MAE,MSE,RMSE,MAPE
xgb,0.863154512643814,7.453702012224507,120.80231129999133,10.882916216258558,0.013925953144547826
