,R2,MAE,MSE,RMSE,MAPE
xgb,0.856249850988388,7.471990208242131,128.05475462894145,11.256835311964341,0.013909518803432618
