,R2,MAE,MSE,RMSE,MAPE
xgb,0.870552122592926,7.3107021224162425,120.06001449750502,10.839711557063207,0.01363818375611349
