,R2,MAE,MSE,RMSE,MAPE
xgb,0.8831513941287994,6.604000325935388,109.51408255101792,10.324766143520666,0.01230516926852034
