,R2,MAE,MSE,RMSE,MAPE
xgb,0.8538597106933594,7.802640975107096,145.1020599265336,11.91087364026355,0.014566661465693156
