,R2,MAE,MSE,RMSE,MAPE
xgb,0.8776045978069306,7.371777106975687,119.98789601033707,10.895865889790192,0.013717617577461136
