,R2,MAE,MSE,RMSE,MAPE
xgb,0.8756632804870605,6.921287686897047,115.8287583090226,10.716940688277024,0.012886254323488205
