,R2,MAE,MSE,RMSE,MAPE
xgb,0.8851426780223847,6.898519042442585,106.38056671416238,10.25643371635642,0.012803464582961563
