,R2,MAE,MSE,RMSE,MAPE
xgb,0.8563828289508819,7.556543832537772,140.1624385912038,11.82402754883741,0.014083987871004035
