,R2,MAE,MSE,RMSE,MAPE
xgb,0.8510346472263336,7.49997224718052,143.693673252885,11.78023408075033,0.014029247686829801
