,R2,MAE,MSE,RMSE,MAPE
xgb,0.8382955849170685,7.616077821307047,142.90863090049592,11.836082609468217,0.014164420706771935
