,R2,MAE,MSE,RMSE,MAPE
xgb,0.8735185742378235,7.293447949320795,120.89122786672063,10.879411813420779,0.013610350307877078
