,R2,MAE,MSE,RMSE,MAPE
xgb,0.8333995997905731,8.128774136311085,151.67595663104655,12.248756161380237,0.015168451968058685
