,R2,MAE,MSE,RMSE,MAPE
xgb,0.8724023699760437,7.116723251741382,113.67239636715676,10.558792823136304,0.013203711729512835
