,R2,MAE,MSE,RMSE,MAPE
xgb,0.8864127933979035,6.960615014581471,115.15421880335705,10.607515283218323,0.012908831850279431
