,R2,MAE,MSE,RMSE,MAPE
xgb,0.8831046938896179,6.423734473185604,104.74055774660894,10.129008264130047,0.01203076775309895
