,R2,MAE,MSE,RMSE,MAPE
xgb,0.8542784631252289,7.586724576481705,128.6255134845715,11.21912851260324,0.01415414598647936
