,R2,MAE,MSE,RMSE,MAPE
xgb,0.8677567839622498,7.2518970601112756,133.820509612399,11.458640515044667,0.01343277848971176
