,R2,MAE,MSE,RMSE,MAPE
xgb,0.8855945467948914,6.577921660292733,104.26490107636425,10.153569624403643,0.012312935680778032
