,R2,MAE,MSE,RMSE,MAPE
xgb,0.8718401551246643,6.938577934990606,120.98840582479514,10.898518593752609,0.012920978006464783
