,R2,MAE,MSE,RMSE,MAPE
xgb,0.8720867514610291,7.162994600413612,113.78368986069256,10.585961503037733,0.013293819859163345
