,R2,MAE,MSE,RMSE,MAPE
xgb,0.8697372853755951,7.097887484431891,122.38958768926325,10.979207018081524,0.013181093351709172
