,R2,MAE,MSE,RMSE,MAPE
xgb,0.8453539490699769,7.715738920333368,144.36152822841663,11.881891529408193,0.014306336225470442
