,R2,MAE,MSE,RMSE,MAPE
xgb,0.8731007516384125,7.22800408047444,132.04480373752673,11.407794297314513,0.013422961247265946
