,R2,MAE,MSE,RMSE,MAPE
xgb,0.8698744893074035,7.332097069272926,120.89074797951655,10.92436418678432,0.013582817127904758
