,R2,MAE,MSE,RMSE,MAPE
xgb,0.9883422618637026,3.086807083192375,42.683425018096166,6.39438032578432,0.0069390488839489745
gbr,0.9869643071832128,3.809400445116277,48.050725290498114,6.800138960004635,0.00851763675962115
