,R2,MAE,MSE,RMSE,MAPE
xgb,0.9903916202737104,3.0747514357335186,34.96598015862814,5.855638400357221,0.006807901800386864
gbr,0.9881355403267353,3.83366146748671,43.36738188623307,6.463626650141892,0.008483286666512888
