,R2,MAE,MSE,RMSE,MAPE
xgb,0.9924114091530571,2.8624163654964887,28.637957438532823,5.2696782399792,0.006385881802963234
gbr,0.9911792130687246,3.4812956377777056,33.43226747686163,5.705460789492109,0.007710223634162208
