,R2,MAE,MSE,RMSE,MAPE
xgb,0.9861665853567632,3.2514103674190813,51.67317390042565,6.862682619349135,0.0072851072295536555
gbr,0.9860697748633196,3.807543961029544,51.83959854128417,6.939889292772183,0.008517387475758063
