,R2,MAE,MSE,RMSE,MAPE
xgb,0.9899303920128851,3.0473748713451334,37.81819206749698,6.004817855014261,0.006788716059745845
gbr,0.9881588107661192,3.657954622481192,44.39739638798657,6.523403325750225,0.008107353965381906
