,R2,MAE,MSE,RMSE,MAPE
xgb,0.9868452153795332,3.3283101791561185,50.18776539229707,6.846526322710875,0.007486135077553105
gbr,0.9858412997920984,4.0248656866293695,54.174494585387286,7.213526883536963,0.00905040533219328
