,R2,MAE,MSE,RMSE,MAPE
xgb,0.9894685057615664,2.940849340048456,37.75986289431196,5.986209860243433,0.0065305833144058386
gbr,0.988400683965871,3.4956106128272615,41.88220321825783,6.339243962300019,0.007786139598582392
