,R2,MAE,MSE,RMSE,MAPE
xgb,0.9888926921778642,3.080863862180394,40.845505100528314,6.261448348095875,0.006852718316637492
gbr,0.988226536612195,3.665745428529367,43.13399706473835,6.461414864844265,0.008111738828259486
