,R2,MAE,MSE,RMSE,MAPE
xgb,0.9907092239313261,3.1473629626713993,33.86168581904435,5.75346377777584,0.00698314397995572
gbr,0.9890413354612642,3.831614269169033,39.8749237097494,6.25226452307839,0.008453637810780299
