,R2,MAE,MSE,RMSE,MAPE
xgb,0.987710398619129,3.2205665112878608,45.70110156775334,6.543566759299326,0.007187489523394567
gbr,0.9865070398753953,3.871061038607845,49.99526412094962,6.908790382917447,0.008606626912567337
