,R2,MAE,MSE,RMSE,MAPE
xgb,0.9887818510790307,2.995851310100231,41.62171291347925,6.279663813300367,0.006638226374924669
gbr,0.9872319926935462,3.725014959145322,47.28742291021439,6.7204963886289395,0.008262297487609257
