,R2,MAE,MSE,RMSE,MAPE
xgb,0.9883040518002391,3.0282427768175713,43.341179021518,6.321954517491106,0.006853037776441244
gbr,0.9874942283298415,3.672529254772799,46.06486070650099,6.616732417536431,0.008241366039355973
