,R2,MAE,MSE,RMSE,MAPE
xgb,0.9896914438821719,3.0953468598786937,37.61048698978444,6.050056237850665,0.006892465877551145
gbr,0.9888900916909881,3.821622645555012,40.898307707340656,6.317677818323483,0.008504216107219414
