,R2,MAE,MSE,RMSE,MAPE
xgb,0.991552800514009,2.8522588971711196,30.574705930917837,5.434289795589422,0.006278494447703209
gbr,0.990947441290697,3.403480500822397,32.61899947619686,5.60438235696112,0.0074489637278160395
