,R2,MAE,MSE,RMSE,MAPE
xgb,0.9909447321434545,2.9371027584886926,32.87619396223984,5.525863186374183,0.006479237382354215
gbr,0.9904820504647921,3.5150579611228467,34.32554610787942,5.706511318970167,0.007723728430982671
