,R2,MAE,MSE,RMSE,MAPE
xgb,0.9858905736129622,3.390129667261845,50.769524234634645,7.0558183693056,0.007498442313490847
gbr,0.9844826095317151,4.104324906236405,55.551743001474236,7.396065408839698,0.009080081740313663
