,R2,MAE,MSE,RMSE,MAPE
xgb,0.9892432710025455,3.0368299675349784,39.24212541608171,6.071891140796423,0.006825198529680029
gbr,0.9885239395819546,3.576728400524781,41.94487675923405,6.308239403303618,0.007962283430840059
