,R2,MAE,MSE,RMSE,MAPE
xgb,0.9883703799343297,3.13343881651448,40.7187848979048,6.300819297251449,0.006999316213513183
gbr,0.9876852979379629,3.726914482454216,43.04985202746883,6.475452611840015,0.00826689495327134
