,R2,MAE,MSE,RMSE,MAPE
xgb,0.9913969717567463,2.7617912659559183,31.04691225616749,5.473151871955631,0.006096596506660737
gbr,0.9900925128046729,3.3993886149913015,35.75602344706026,5.860225271443917,0.007528778476883722
