,R2,MAE,MSE,RMSE,MAPE
xgb,0.9890222111000366,3.139826304061951,39.95464536979675,6.216508908802673,0.0070368705717148315
gbr,0.9880941770625153,3.783380244171945,43.240613808573286,6.483880014244795,0.008428877631489421
