,R2,MAE,MSE,RMSE,MAPE
xgb,0.9880681784643025,2.945496579434009,44.23793703335931,6.212480971761314,0.006621454420012579
gbr,0.9876493824605509,3.570153274425839,45.87086669398944,6.418452410873806,0.007942635897993653
