,R2,MAE,MSE,RMSE,MAPE
xgb,0.9907929592862901,2.8204043680613435,34.01683435346021,5.743630866224236,0.006290390785050495
gbr,0.9899782944728956,3.380780627278414,36.99443125497744,6.0079130831798455,0.007526109253054028
