,R2,MAE,MSE,RMSE,MAPE
xgb,0.9891643030062832,3.0300925458334538,40.57853178637509,6.2235205114567735,0.00675590503524313
gbr,0.9884129043284421,3.575142499404914,43.125662298339634,6.422130726665296,0.007949904206270949
