,R2,MAE,MSE,RMSE,MAPE
xgb,0.9851910844623697,3.093614178547885,51.04729274578787,6.895327401330879,0.006903020317393925
gbr,0.9842847815493243,3.7236893750974716,54.18548242910047,7.15209858895616,0.008249779341608776
