,R2,MAE,MSE,RMSE,MAPE
xgb,0.9883741255454869,3.2498978250287798,41.46947032955039,6.305280744803488,0.007239709506496069
gbr,0.9880303783428067,3.7374488538140986,42.65462192351124,6.403633081446491,0.008279568216539114
