,R2,MAE,MSE,RMSE,MAPE
xgb,0.9874923617680331,3.1978573721697474,45.70567276393425,6.634222831687905,0.007086159481057926
gbr,0.9871446176592753,3.746011100786565,46.768954913452234,6.744837535690306,0.008314186786762282
