,R2,MAE,MSE,RMSE,MAPE
xgb,0.9886131068744305,3.190469615076248,42.02006670115265,6.348578018031416,0.007175128936204052
gbr,0.9875232214237981,3.799924158642699,46.019426651545494,6.6786237870281395,0.008519768394596203
