,R2,MAE,MSE,RMSE,MAPE
gbr,0.9872881937130952,3.5571288501031484,46.28134238899769,6.638517133229011,0.007892543494760632
xgb,0.9868912052840398,3.12857445761282,48.248147207043175,6.862044652095416,0.007019280254193747
