,R2,MAE,MSE,RMSE,MAPE
xgb,0.9877130513188656,3.150013521747172,44.02998890836143,6.486131694710382,0.007024661295724384
gbr,0.9858741111958667,3.8491507408437022,50.71015834311312,6.955904480080541,0.0085685022058726
