,R2,MAE,MSE,RMSE,MAPE
xgb,0.9882680310085485,2.9808406115618196,41.533037543282774,6.227732286259624,0.00667566188609244
gbr,0.9869030959929962,3.601970758940245,46.7883050076578,6.6957246325034045,0.008058151719257813
