,R2,MAE,MSE,RMSE,MAPE
xgb,0.9886397576541276,3.200519364794917,42.588976720741286,6.499100354172515,0.007144698839328711
gbr,0.9878133972813167,3.715450798568168,45.785871185978856,6.713118861102738,0.008230664636686223
