,R2,MAE,MSE,RMSE,MAPE
xgb,0.9870768559269203,3.1924984366257174,44.72375584486912,6.554392786768069,0.007195774000900768
gbr,0.9858411609278166,3.913371902680466,49.218193417445335,6.919944152387062,0.008746972681436557
