,R2,MAE,MSE,RMSE,MAPE
xgb,0.9910315026961992,2.9320833849021777,32.016865247806116,5.487456808426568,0.006460350528631188
gbr,0.9898855280370589,3.6185910306359985,36.20288616473564,5.873195769179406,0.007961151294578217
