,R2,MAE,MSE,RMSE,MAPE
xgb,0.9868268301149381,3.095152443365765,45.568657028546795,6.426429533782901,0.0069113240291195
gbr,0.9865648575956996,3.697473333255553,46.231944124990896,6.564229614839826,0.008186398429117472
