,R2,MAE,MSE,RMSE,MAPE
xgb,0.9884919328316645,3.1849719727550183,39.960173344361024,6.239500932013048,0.0070297265870957635
gbr,0.9864116412162364,3.8681335959181515,47.31483370197933,6.8136851567598,0.008517591099805277
