,R2,MAE,MSE,RMSE,MAPE
xgb,0.9878806306323016,2.9490232128224223,43.16647295636928,6.461634647586412,0.006635147473213823
gbr,0.9874283776218296,3.497188680190709,44.59435067132372,6.595869428817913,0.007818075919985023
