,R2,MAE,MSE,RMSE,MAPE
xgb,0.9853895418202224,3.258411813015205,50.690153242077606,6.900581313308526,0.007272480062812893
gbr,0.9849312619760072,3.821634130026505,52.54861244631735,7.071421163085749,0.008471098095256074
