,R2,MAE,MSE,RMSE,MAPE
xgb,0.9887249222790493,3.0625109059925033,42.51266774230046,6.388013073618157,0.006900783546286991
gbr,0.9878967663702889,3.7221350246574803,45.555783777066694,6.614401037525154,0.00835817961896308
