,R2,MAE,MSE,RMSE,MAPE
xgb,0.992395607824338,2.7587467039938525,27.168933390477303,5.132123529260828,0.006083671754959552
gbr,0.9912361882793121,3.338803958724322,31.299137318888235,5.518591506024938,0.007354830567776516
