,R2,MAE,MSE,RMSE,MAPE
xgb,0.9906768589029304,2.931326401371089,34.22619047407379,5.710299192946,0.006534108445985036
gbr,0.9894918622232114,3.4723118568947404,38.220637434578585,6.025336201798396,0.007702123739118699
