,R2,MAE,MSE,RMSE,MAPE
xgb,0.9917584599980603,2.7687443509405276,30.290196730335644,5.422742986725921,0.006069075513784203
gbr,0.9911798515961336,3.258224109451195,32.22137881975653,5.615303380318569,0.0071163771836543835
