,R2,MAE,MSE,RMSE,MAPE
xgb,0.990041890001739,3.2376885811349703,36.14060748274001,5.933523276974308,0.0071246459140476195
gbr,0.989380732442058,3.89798005437333,38.50752231220793,6.166587022739261,0.00859759808468134
