,R2,MAE,MSE,RMSE,MAPE
xgb,0.9917350690606686,2.8442267118535334,28.923302359082054,5.320157111118151,0.006256206040309592
gbr,0.9910070332065322,3.4351944335485145,31.723011545520496,5.600735564113736,0.0075496524854967734
