,R2,MAE,MSE,RMSE,MAPE
gbr,0.9901646218860399,3.4302373605578254,35.34273446806013,5.864256558888363,0.007615365505134838
xgb,0.9900807732586394,2.8677722529204694,35.421397330001085,5.808315568606359,0.0063749024783796475
