,R2,MAE,MSE,RMSE,MAPE
xgb,0.9899793327860122,3.0014393265715005,37.720513669453545,5.949953583678665,0.006674630039271064
gbr,0.9878260957088291,3.7692579026079,45.65330653066145,6.609304783064988,0.008391993763427814
