,R2,MAE,MSE,RMSE,MAPE
xgb,0.9903458823503695,2.9726359906690534,36.824332563208635,5.938022401559678,0.006593089661078752
gbr,0.9898573786775998,3.535222470623785,38.78751804025647,6.091480670020035,0.007810356888976305
