,R2,MAE,MSE,RMSE,MAPE
xgb,0.9841394637462528,3.38292735248307,59.39171902562076,7.4327081054288175,0.007668620840175463
gbr,0.9833861790332674,3.9981388706564793,62.65714651988647,7.715796670256667,0.00901971124149182
