,R2,MAE,MSE,RMSE,MAPE
xgb,0.9918920732953321,2.8576264690281934,28.961510191042045,5.289259549015555,0.00635260205436064
gbr,0.9905287217713861,3.5533654278935494,33.81656397253464,5.744713521504945,0.007930058290110894
