,R2,MAE,MSE,RMSE,MAPE
xgb,0.989091338560827,3.0251872954805052,39.43346591867496,6.168262269314838,0.006737882755715116
gbr,0.9879339416430153,3.6028107441736203,43.71629785016056,6.5225854438616455,0.008019528462009849
