,R2,MAE,MSE,RMSE,MAPE
xgb,0.9881109581159885,3.1718747336812156,43.480264025277314,6.3584594733723065,0.007112932486738087
gbr,0.9873920552089391,3.7972031667437114,45.9190796644118,6.596918785694132,0.008455247438288672
