,R2,MAE,MSE,RMSE,MAPE
xgb,0.985749306591563,3.4263765062593747,52.805631725872864,7.044633592342242,0.007706032360084094
gbr,0.9853394449168276,3.9858051305982953,54.25873810695185,7.161384637990207,0.008917019959443974
