,R2,MAE,MSE,RMSE,MAPE
xgb,0.9479562820234209,7.345404235183551,184.57128331454254,12.607420640815047,0.01557721497270963
gbr,0.9441034016029526,7.1315097086225805,203.2372076842384,12.9979523956234,0.015214527618364287
