,R2,MAE,MSE,RMSE,MAPE
xgb,0.96431674998947,6.570500797001008,119.65494282326645,10.400617291525133,0.013698969750736398
gbr,0.9595243093749584,6.540465765211041,134.9551961276871,11.057458046344273,0.01374929422128419
