,R2,MAE,MSE,RMSE,MAPE
gbr,0.9559301674838299,7.051778952727801,179.6709225172061,12.29107394942515,0.015085030048494544
xgb,0.9513711837779786,7.77751575796476,193.32803345069638,12.922748629030796,0.016652259020160196
