,R2,MAE,MSE,RMSE,MAPE
gbr,0.9544685839011852,5.842384952599092,137.34635000387078,10.604483032478502,0.012389634662322261
xgb,0.944882467024611,6.60219009327222,163.17234074389904,12.01037132308462,0.013934998571049942
