,R2,MAE,MSE,RMSE,MAPE
gbr,0.9351286114138097,7.249779214488856,189.84243570226403,13.24497489990697,0.015217819123950219
xgb,0.928953461945812,7.8407739285376765,204.6762706892283,13.831034399557845,0.016519020895859778
