,R2,MAE,MSE,RMSE,MAPE
gbr,0.9400797669568004,7.64890796546288,182.45446972338223,12.562759130625306,0.01609791763571518
xgb,0.9390381478750515,7.884112016050277,188.77148603872726,13.025373175791552,0.016534731071081728
