,R2,MAE,MSE,RMSE,MAPE
gbr,0.9024930628007592,9.871892762367754,332.3459620988114,17.763452844582815,0.021053417512693306
xgb,0.8919336790589659,10.695862379767306,363.9640101784613,18.556633416634355,0.02266917047576759
