,R2,MAE,MSE,RMSE,MAPE
gbr,0.9563590676008703,6.806571478933589,143.57062124310215,11.373811160364976,0.01428680528539771
xgb,0.950868252420439,7.166633267966651,160.30155365097409,11.967818469716809,0.015103771259401913
