,R2,MAE,MSE,RMSE,MAPE
gbr,0.9541356612896266,6.8228602666499345,159.45506359306825,11.737260838565911,0.014488372955880884
xgb,0.9502300252076449,7.437806271788894,170.62960988349894,12.305439082332303,0.015725369264899154
