,R2,MAE,MSE,RMSE,MAPE
gbr,0.9538682267355272,7.030439795648635,171.0292542726669,12.409642477151246,0.015188305157425802
xgb,0.9461500172618132,7.672453429519488,188.88179468710914,13.340655858781858,0.016343631616838432
