,R2,MAE,MSE,RMSE,MAPE
xgb,0.9477630454902585,7.589037969773815,172.6521977833508,12.554110729098484,0.016236468383759098
gbr,0.9357467170643803,7.717650230485785,209.64507058844168,13.65002655127688,0.016767088336821275
