,R2,MAE,MSE,RMSE,MAPE
gbr,0.963961805606119,6.619746878747679,134.90608159552667,10.812959974052445,0.014024616323901642
xgb,0.9612721435359841,6.9600146065660695,140.640966421403,11.24834211445468,0.014688364126212956
