,R2,MAE,MSE,RMSE,MAPE
gbr,0.9232169561853792,7.827685360510012,244.43916445294698,14.748837297375184,0.016982330079821552
xgb,0.9144160484426497,8.800383013719129,270.2231193023823,15.597271783556403,0.019054637796961687
