,R2,MAE,MSE,RMSE,MAPE
gbr,0.9445540060259022,7.601511048402561,186.34368418208084,12.913577005644717,0.016156794240015634
xgb,0.9378877041305719,8.294849929251722,209.54279230358125,13.82225148550377,0.017482399618350068
