,R2,MAE,MSE,RMSE,MAPE
xgb,0.9307685023646967,7.8519483345934145,213.0791603388539,13.764059602354857,0.016693838590671296
gbr,0.9248367808142326,7.567931594026154,230.1919049280175,13.841676223823503,0.01610214125712423
