,R2,MAE,MSE,RMSE,MAPE
gbr,0.9640125564446151,5.822238941032583,118.37489161396574,10.53432055994874,0.011894269777861143
xgb,0.9620533260038483,6.17971586047757,129.7312135092427,10.96313582720226,0.012787684935856716
