,R2,MAE,MSE,RMSE,MAPE
gbr,0.9539176041738914,6.840551137612136,148.5132351610921,11.947090953683098,0.01449838682804944
xgb,0.9463971032179106,7.467278038631972,166.65285475315915,12.554176159271355,0.015777067529778064
