,R2,MAE,MSE,RMSE,MAPE
xgb,0.9340089082817379,8.272838750892557,248.92706356523522,14.653071626224076,0.017790258110779732
gbr,0.9311912848673302,8.100617603635227,257.6344333477408,15.03136093292063,0.017426496221651273
