,R2,MAE,MSE,RMSE,MAPE
xgb,0.9321186624542552,8.569330440923219,222.77044081426348,14.52822962554176,0.018196564321825228
gbr,0.9314966399187279,8.164489700896272,221.04342789196863,14.348160331817677,0.01768003043425396
