,R2,MAE,MSE,RMSE,MAPE
gbr,0.9413895465660851,8.147211753539612,217.1510434380124,13.398406442155254,0.01770691209182392
xgb,0.9328804047768825,8.945752603772892,247.1886496124222,14.51836416487296,0.019209541590575287
