,R2,MAE,MSE,RMSE,MAPE
gbr,0.9424971420320085,7.121298163455013,190.56670290161088,12.6638180984206,0.014943521110569324
xgb,0.9372308725175673,7.5688480642011084,202.05580994473144,13.16210097382355,0.015878687249896568
