,R2,MAE,MSE,RMSE,MAPE
gbr,0.9605042595932227,6.217479062433965,171.1418672190204,11.80344510490553,0.013128870138578084
xgb,0.9591962327191466,6.897879392562373,176.2783707469216,12.093369212623156,0.014684855419035862
