,R2,MAE,MSE,RMSE,MAPE
gbr,0.9339809278797901,8.239249077339185,188.72092641187254,13.018372221653536,0.017363409558517194
xgb,0.9298546430931799,8.544654344784316,202.9163497736434,13.558636993818274,0.017920123042700804
