,R2,MAE,MSE,RMSE,MAPE
gbr,0.9276998400409976,7.875581546324456,234.19548508241755,14.760716024329406,0.016711809295586515
xgb,0.9266419177346229,8.542124643239667,239.55435536822597,14.75374600873935,0.01802091445679137
