,R2,MAE,MSE,RMSE,MAPE
xgb,0.944979894600799,7.065023881284651,176.5529816252763,12.418540376402293,0.014729153440882149
gbr,0.944907560648889,6.830622663001089,175.35419803458814,12.509334024749558,0.01434912379867961
