,R2,MAE,MSE,RMSE,MAPE
gbr,0.9397507673062993,7.2697071854316535,193.14870441239935,12.918164471538452,0.015320916159608516
xgb,0.9350124707537184,7.934432522812711,205.54554478193003,13.557221266998047,0.016729600594358483
