,R2,MAE,MSE,RMSE,MAPE
gbr,0.9306028966934751,7.540701755475763,225.7569695107487,13.919893647672135,0.01602019382726324
xgb,0.9300029130814703,7.976043569913474,229.9061838476951,14.032838572973148,0.016828862269768576
