,R2,MAE,MSE,RMSE,MAPE
gbr,0.9143937255847545,8.37121939022332,265.76424429513526,15.243275309905965,0.018058717744244567
xgb,0.8940396363531609,9.781398844401043,312.73861969432255,16.8649763624992,0.021071169752619214
