,R2,MAE,MSE,RMSE,MAPE
gbr,0.9353287283452516,6.765329797776933,156.71156486121714,12.07552947954444,0.014204829382806325
xgb,0.9341766911124804,6.8545333666729675,153.04039970970993,11.71360950131188,0.014314409955807244
