,R2,MAE,MSE,RMSE,MAPE
gbr,0.933971939233292,7.867482300580191,223.33030534759646,14.252146151295227,0.017400214893029797
xgb,0.9334104113919383,8.109568261587492,224.95954453675785,14.2578503534385,0.017720268105132123
