,R2,MAE,MSE,RMSE,MAPE
xgb,0.9434913381773414,7.165981852213541,185.32413326154256,12.658500698771231,0.015033820579977274
gbr,0.9431834102057426,7.0380862400680355,185.03039810836088,12.740577392967824,0.014821339332770267
