,R2,MAE,MSE,RMSE,MAPE
xgb,0.9438205678594009,7.858403189054099,204.6333718460668,13.972262460494624,0.016517388224160368
gbr,0.9394486765090617,8.230242634515392,227.18142414124844,14.644024717108683,0.017690209713746022
