,R2,MAE,MSE,RMSE,MAPE
gbr,0.9014020242306959,8.79728035468797,283.243988196668,15.557672161264858,0.01893946420732246
xgb,0.8853369010563433,10.281268733198925,341.2964072038425,17.548208437755385,0.022008586663506996
