,R2,MAE,MSE,RMSE,MAPE
gbr,0.9557521353196474,6.387602370462143,139.95209864476064,11.093996405458688,0.013689030272248071
xgb,0.9509684426206629,6.986736025443127,157.12682011758,11.974791873176066,0.014980556513083049
