,R2,MAE,MSE,RMSE,MAPE
gbr,0.9421077306475005,7.747717683191756,209.47874906276326,13.250321495170676,0.016507886114763205
xgb,0.9387653698432297,8.202115439138106,217.12112326604824,13.751432322240001,0.01735123079078074
