,R2,MAE,MSE,RMSE,MAPE
gbr,0.9630404095753773,6.191938683362443,136.95358577411602,11.03460867001814,0.013317666440334431
xgb,0.9525820808423369,7.356971824728033,172.34618876751222,12.63776238031988,0.015826509763935456
