,R2,MAE,MSE,RMSE,MAPE
xgb,0.950499948492063,7.85988647670951,178.5595058631178,12.946357438680042,0.016279029023605444
gbr,0.9420583909794527,8.077856773918999,207.72952872128332,13.86442013525974,0.016764811018118032
