,R2,MAE,MSE,RMSE,MAPE
gbr,0.9515703023861072,7.180745589318891,138.91284185905198,11.316034047280922,0.01520698255146372
xgb,0.9411817782871031,7.293777819692961,162.87704231253295,12.173278582722467,0.015470460955618739
