,R2,MAE,MSE,RMSE,MAPE
xgb,0.9418743341110917,7.686046988013483,200.31306916241823,13.473691714156171,0.016139462474392654
gbr,0.939727260301993,7.462471889232179,210.7793326979476,13.808141842967185,0.015691509366197155
