,R2,MAE,MSE,RMSE,MAPE
gbr,0.953553429384184,6.155267684886174,149.89072706458757,11.785784615711894,0.013122320037954447
xgb,0.9511786514760013,6.925684730447749,157.8196466829291,12.1667318737015,0.014651519200193258
