,R2,MAE,MSE,RMSE,MAPE
gbr,0.9535261103896696,7.220448119794325,194.85783978032148,13.000514492215194,0.014835726480499847
xgb,0.9486879279077695,8.13859095419607,219.37724439888552,13.779962959928403,0.01687270613002556
