,R2,MAE,MSE,RMSE,MAPE
xgb,0.9577322581954159,6.384735972939768,135.304312437064,11.150874038541504,0.013427898220771802
gbr,0.9575370727018371,6.192804721506633,134.97716372956307,11.158641614320654,0.012989885656310304
