,R2,MAE,MSE,RMSE,MAPE
gbr,0.9408098502831344,7.5544510514821495,218.90089803900963,14.056369517716778,0.016603693090598646
xgb,0.9360926392647604,8.107114459031628,224.93010652694656,14.52327827044025,0.01759729330510864
