,R2,MAE,MSE,RMSE,MAPE
xgb,0.9400810643203386,7.388270558215727,199.77650388482,13.584413257446315,0.01580608388706963
gbr,0.935216750764044,7.183825976399403,208.7364756546324,13.691999897734672,0.015459347106646301
