,R2,MAE,MSE,RMSE,MAPE
gbr,0.9256622864736652,8.645302242178293,286.41977092458285,15.584049167027818,0.01865115508679147
xgb,0.9233693551970721,9.150807361627395,292.95126910133365,15.721851502616484,0.019669094430817248
