,R2,MAE,MSE,RMSE,MAPE
gbr,0.9489519978077439,7.465858235512795,181.66337169471834,12.54464083059068,0.016123058400977552
xgb,0.948261666923657,7.763131781596522,184.00393557089973,12.577813337283818,0.016712151227775914
