,R2,MAE,MSE,RMSE,MAPE
xgb,0.9441469936546245,7.136628933157972,165.2829951515881,12.476440351228971,0.015105760548602154
gbr,0.9397466254884081,7.028257935614256,171.91085840644516,12.80831388897146,0.014834648984207343
