,R2,MAE,MSE,RMSE,MAPE
xgb,0.9262721753329494,8.032232823394448,237.67054160264814,14.1729312240623,0.016947645142057925
gbr,0.9181629150208354,7.6720911370882705,262.5149494759245,14.78052998437892,0.016238327089107298
