,R2,MAE,MSE,RMSE,MAPE
gbr,0.9284964662059618,8.282663888162414,279.21918875795933,15.48764879694871,0.017870884461451082
xgb,0.9218001960082594,9.316546804645498,300.7320673357764,16.524087754258225,0.020063613057913036
