,R2,MAE,MSE,RMSE,MAPE
gbr,0.9676047226182389,6.1466266598900905,128.7587304876509,11.03118316682333,0.013100629061651858
xgb,0.9673694593624159,6.453708308788012,133.00658555286748,11.199503439732196,0.013871711251556281
