,R2,MAE,MSE,RMSE,MAPE
xgb,0.9672890006588666,6.275189949281755,108.52173516405962,9.800140036276819,0.013376111198526752
gbr,0.9643117976702203,6.405721748249372,119.18648032195794,10.21915825269996,0.013936512582609143
