,R2,MAE,MSE,RMSE,MAPE
gbr,0.9256970610604155,8.442766452857793,292.0456071099596,15.3895913718777,0.018009619021786855
xgb,0.9203970752208228,8.917127002609416,305.1882992791285,16.056778717680707,0.018945302236682563
