,R2,MAE,MSE,RMSE,MAPE
xgb,0.9504406447036702,7.101864301127773,156.7238226821073,11.549520738624034,0.0153598096478506
gbr,0.9503989092096647,6.918179231492213,159.94037320683282,11.730696273532851,0.014956998387170758
