,R2,MAE,MSE,RMSE,MAPE
xgb,0.9223885719675564,9.373265503323463,302.869262434158,16.185789001870123,0.01997446177441353
gbr,0.9202775565030101,9.163935672652421,314.32774431556084,16.280832912869194,0.01965038382961965
