,R2,MAE,MSE,RMSE,MAPE
xgb,0.9280993523618919,8.787843227985341,267.4885360211782,15.57862188546847,0.019023121452279676
gbr,0.9230398537412361,8.362533755230013,284.11008686367325,16.115499126595093,0.01816430738399493
