,R2,MAE,MSE,RMSE,MAPE
xgb,0.9397058227763854,8.016138825053552,215.67036921634894,14.171048074984636,0.01713127744900088
gbr,0.9382517241606843,7.700295001608609,224.28263253085325,14.293383758977345,0.016540490562006686
