,R2,MAE,MSE,RMSE,MAPE
xgb,0.918847183432824,8.97004470437983,281.31298264985264,16.128146493342875,0.019245842471227223
gbr,0.9139738922678624,8.52540655572745,298.8164934061678,16.432126274050923,0.018552510860301928
