,R2,MAE,MSE,RMSE,MAPE
xgb,0.9438498563867451,6.665199407237063,140.03258066693166,11.233369102573251,0.01375892995237312
gbr,0.9401443017734061,6.503843446812061,152.78740487797037,11.584171320251775,0.013341465146131085
