,R2,MAE,MSE,RMSE,MAPE
gbr,0.9599773057125984,6.355200074147293,142.36609631659783,10.988850551548007,0.013429052763781184
xgb,0.9554692117565848,6.7511945711525545,156.78516848002147,11.478243085821445,0.014257042132764342
