,R2,MAE,MSE,RMSE,MAPE
gbr,0.9318653699957649,7.809235645223164,233.67599750156074,14.278373215897272,0.01701145997485431
xgb,0.9251991554343716,8.801625566905033,253.9760129494019,15.160382794225796,0.019077878028205632
