,R2,MAE,MSE,RMSE,MAPE
xgb,0.988605267872934,2.4254999629984413,33.20775131747954,5.22451685315336,0.005041444343292886
