,R2,MAE,MSE,RMSE,MAPE
xgb,0.9872662523748609,2.8228299810260506,35.4687477870274,5.836849410830559,0.006060660444769372
