,R2,MAE,MSE,RMSE,MAPE
xgb,0.9924387674308927,2.0915091144672293,18.127756492828063,4.132253897387775,0.00426339696909006
