,R2,MAE,MSE,RMSE,MAPE
xgb,0.9906627159427466,2.4217972166146806,27.184629971019326,5.103840203090202,0.005115806238475238
