,R2,MAE,MSE,RMSE,MAPE
xgb,0.988198493293542,2.4939980900926058,28.60966722267917,5.162736247734166,0.005215834530630689
