,R2,MAE,MSE,RMSE,MAPE
xgb,0.989481158950867,2.4688438633892806,27.907731825586673,4.984930074623069,0.005208351016151814
