,R2,MAE,MSE,RMSE,MAPE
xgb,0.9932950704930384,2.3133466531353317,20.32983194786613,4.409273985255176,0.004859712295750805
