,R2,MAE,MSE,RMSE,MAPE
xgb,0.9877083240438239,2.72158701051841,30.904878884160063,5.449483353414219,0.0057607598265989705
