,R2,MAE,MSE,RMSE,MAPE
xgb,0.9921672490293407,2.2043947863222946,21.90915512953896,4.60286664315431,0.004591386966271204
