,R2,MAE,MSE,RMSE,MAPE
xgb,0.9902246070624434,2.364579397708936,24.863677951868308,4.929033560268034,0.004996728696773788
