,R2,MAE,MSE,RMSE,MAPE
xgb,0.9909817630177022,2.271224051082835,23.66756492065527,4.636504874504683,0.004768987622699178
