,R2,MAE,MSE,RMSE,MAPE
xgb,0.9879365942984076,2.5015574450404943,32.15278653976205,5.520929035790684,0.005246473177927708
