,R2,MAE,MSE,RMSE,MAPE
xgb,0.990640946283928,2.4223716317864232,23.979282106105718,4.746175337564585,0.00506435270341926
