,R2,MAE,MSE,RMSE,MAPE
xgb,0.9914375453053521,2.411275526654626,24.108869002149504,4.778464786388508,0.005149490897079964
