,R2,MAE,MSE,RMSE,MAPE
xgb,0.9931455283140955,1.9741848423985453,17.242807750659836,3.9716148151241697,0.004084994870318485
