,R2,MAE,MSE,RMSE,MAPE
xgb,0.9919782674570113,2.4413233343564804,22.343456448292503,4.605452606477532,0.005131174350252609
