,R2,MAE,MSE,RMSE,MAPE
xgb,0.9906725495564249,2.3384789788545066,22.143370091211697,4.573428277638176,0.004884113682368878
