,R2,MAE,MSE,RMSE,MAPE
xgb,0.9897524160179996,2.438798349194614,24.091825225284417,4.807790778576953,0.005053139417590136
