,R2,MAE,MSE,RMSE,MAPE
xgb,0.9913062793687473,2.276076641668867,21.883491351905537,4.585879815221703,0.004793490007236785
