,R2,MAE,MSE,RMSE,MAPE
xgb,0.9855372563676864,2.7215746807738084,32.699914675899755,5.504448354762403,0.005771353878224815
