,R2,MAE,MSE,RMSE,MAPE
xgb,0.9917469099142087,2.3720574941794212,21.219683098585286,4.564456786647194,0.004907077110290144
