,R2,MAE,MSE,RMSE,MAPE
xgb,0.9907614813891629,2.2112833551234377,25.121875886718914,4.880979689774545,0.00463722569727986
