,R2,MAE,MSE,RMSE,MAPE
xgb,0.9878003702387679,2.531517562263361,34.757209368960176,5.559105975005032,0.005353294338867145
