,R2,MAE,MSE,RMSE,MAPE
xgb,0.9936983707786913,1.9541958702562983,17.826312075353755,4.170206344501808,0.004068127265178972
