,R2,MAE,MSE,RMSE,MAPE
xgb,0.9908702336131652,2.3589198280448342,26.356788027018744,4.85450724572714,0.004872170648493817
