,R2,MAE,MSE,RMSE,MAPE
xgb,0.9886339592367517,2.4642208041089786,27.63558694092609,5.015560393259614,0.005218690085919016
