,R2,MAE,MSE,RMSE,MAPE
xgb,0.9862706411368803,2.6020597670557626,38.33126419704289,5.761714196990036,0.005481188777074842
