,R2,MAE,MSE,RMSE,MAPE
xgb,0.991907618481445,2.1973914064536286,19.81578202414844,4.353650325633907,0.004671956696598477
