,R2,MAE,MSE,RMSE,MAPE
xgb,0.9904570858315388,2.3949269942634444,23.912192815868465,4.808990111278655,0.004977529549101798
