,R2,MAE,MSE,RMSE,MAPE
xgb,0.989758796200418,2.4609123400117974,25.75150502872728,4.9002482224016015,0.005120902003716771
