,R2,MAE,MSE,RMSE,MAPE
xgb,0.9898554692307625,2.346530098986269,26.67258794843599,5.023798261609257,0.004935115219858741
