,R2,MAE,MSE,RMSE,MAPE
xgb,0.9903397585552043,2.248072064728774,24.721524132384914,4.711776372754488,0.004743572233897233
