,R2,MAE,MSE,RMSE,MAPE
xgb,0.991445923622971,2.3011026163076074,24.683688567103218,4.747448489251954,0.004788979001755483
