,R2,MAE,MSE,RMSE,MAPE
xgb,0.9899941018154014,2.3517773612996167,26.88720805435697,4.983273813054045,0.004905911452044375
