,R2,MAE,MSE,RMSE,MAPE
xgb,0.9844245463037439,2.75110239620058,37.60736205511369,6.036545041244025,0.005890834922029657
