,R2,MAE,MSE,RMSE,MAPE
xgb,0.9900769362061286,2.4471468045818274,27.338738261755196,5.12746088344077,0.005142908512013924
