,R2,MAE,MSE,RMSE,MAPE
xgb,0.9906108281001131,2.4621196038812996,24.703629128021387,4.877132195226492,0.005190031037204885
