,R2,MAE,MSE,RMSE,MAPE
xgb,0.9909439473759901,2.348413930194644,21.710592764690144,4.436618307611846,0.0049357545724470955
