,R2,MAE,MSE,RMSE,MAPE
xgb,0.9894134007838307,2.6137657807227077,30.120047113355223,5.143806108620394,0.005520319313809708
