,R2,MAE,MSE,RMSE,MAPE
xgb,0.991642285655761,2.275698584338047,21.747240027021356,4.614834997785863,0.004783777561901715
