,R2,MAE,MSE,RMSE,MAPE
xgb,0.986086140476352,2.6543849448722323,34.53815622693833,5.728122215502807,0.005679885169978813
