,R2,MAE,MSE,RMSE,MAPE
xgb,0.9912882223904645,2.228357789907882,22.67476439182885,4.6787414453589085,0.004643438919311686
