,R2,MAE,MSE,RMSE,MAPE
xgb,0.9914934275754101,2.0644299528073384,20.82883828861143,4.327832214048062,0.00429619509948686
