,R2,MAE,MSE,RMSE,MAPE
xgb,0.9897031769834298,2.518538917092716,30.11846504966075,5.38536485212419,0.005319015845980781
