,R2,MAE,MSE,RMSE,MAPE
gbr,0.9836005377842014,4.652189738243553,62.05240657752769,7.763946984814237,0.01046689348782778
rf,0.9824999686423099,4.4980219791095495,65.90878789745938,8.036353638512276,0.01010438775864104
xgb,0.9822397746608671,4.870661334014645,67.10177799304137,8.094681880481447,0.010957550798155651
BayesianRidge,0.978187686264485,5.444421896856379,82.63409317948296,9.023686798346052,0.012610317732221269
