,R2,MAE,MSE,RMSE,MAPE
gbr,0.9830880819685579,4.838807038185115,60.81951035863883,7.699463219123288,0.010803776210815571
rf,0.9826327003284273,4.609592164967372,62.34541870498324,7.79375505416921,0.010370642053491672
xgb,0.9823976726677947,5.057156059820375,63.452379700641885,7.876268841704648,0.011283124561644842
BayesianRidge,0.977727671290031,5.991152896277138,81.24132421170714,8.960708291149526,0.013777984330476844
