,R2,MAE,MSE,RMSE,MAPE
gbr,0.9854219235654484,4.0642177201088305,55.63737763913341,7.264128611980352,0.009252825496792617
xgb,0.9853799098043046,4.18988544490845,55.891750509223506,7.3006568638555205,0.009551675400021744
rf,0.9848819164567448,4.006603249030554,57.88267207978945,7.499562865724528,0.009011824611155374
BayesianRidge,0.9828476314462022,4.767750806384852,65.90689406911164,7.911158448661128,0.01108123356942794
