,R2,MAE,MSE,RMSE,MAPE
rf,0.9553130898339468,4.518569925952928,122.06949883487637,10.009615044156153,0.010207728902009987
gbr,0.9492190499553311,4.910648613434845,138.4584329185928,10.741464322827126,0.010949388758070179
BayesianRidge,0.9440103812557938,5.326828404366461,150.5673913862016,11.535115226461684,0.01177436186717445
xgb,0.9409014771630826,5.248196868896485,170.17907632730095,10.915360555145341,0.011757857719381402
