,R2,MAE,MSE,RMSE,MAPE
xgb,0.97230660147954,3.786584085000528,72.40356516930336,7.919243124515747,0.008234553565028406
gbr,0.970693279128078,3.3867948380533783,75.64248145948167,8.04848809569417,0.007408066098164271
rf,0.9630058925512481,3.2976912985981377,96.39037422621603,8.865506516317827,0.007353690828314101
BayesianRidge,0.960720178586086,3.600388874523368,102.70119378423718,9.332540583592735,0.007887281472897162
