,R2,MAE,MSE,RMSE,MAPE
gbr,0.9660407788018492,3.9583271568409826,120.09490094603457,9.131638871129816,0.00844232664479694
xgb,0.9629443301969491,4.62471187282253,124.86887125678201,9.739191467406755,0.00993361973852332
rf,0.962606592887175,3.91483159530035,130.76555023057773,9.336583264733093,0.008396455503470663
BayesianRidge,0.9470108834722122,4.685542374683449,191.52731322082502,11.098015869340813,0.010185739556210084
