,R2,MAE,MSE,RMSE,MAPE
xgb,0.9554855745850608,4.680792293147639,137.68293474507766,10.634569874597883,0.010540332229832873
rf,0.9543874872509429,4.313326549790214,137.97796676222495,10.821326925902554,0.00990548584563894
gbr,0.9529291234763051,4.5096130884018795,140.43242575089658,10.70448520106192,0.010243393363374246
BayesianRidge,0.9472467824696643,5.396865970958784,157.5312507031989,11.689379214678976,0.011954181132266307
