,R2,MAE,MSE,RMSE,MAPE
gbr,0.9325808665610191,4.9944386493927615,174.14461021706867,11.094744805693203,0.01142408452822437
rf,0.9312207514669298,4.754475739954223,180.56347249054596,11.142383452764452,0.010910521897597926
xgb,0.925588685622324,5.604345670591245,180.19474750129328,12.095729004672267,0.01279003901771647
BayesianRidge,0.9103472070088714,6.08001498492728,228.65286589623943,13.400199070441493,0.013749273790164513
