,R2,MAE,MSE,RMSE,MAPE
xgb,0.9771376772008814,3.772501046120584,67.50280425412515,7.762358846417802,0.008194952228999415
gbr,0.9710371621175389,3.9708308176652536,86.6245292694482,8.605625159004806,0.00867064895665046
rf,0.9681934389698439,4.0264950724074895,98.19324503161678,9.101993567447202,0.0088626475337007
BayesianRidge,0.9610358448310145,4.5804627105025535,117.42235090272554,10.092914007483525,0.00994507377953124
