,R2,MAE,MSE,RMSE,MAPE
BayesianRidge,0.9591835563251149,4.372785838424669,114.4214501748003,9.870986221564621,0.00947994391052614
rf,0.9570154431878205,4.092724448344457,120.04160506450782,9.447980326908077,0.008989854546255591
gbr,0.9500513322137325,4.508191075055256,140.26129752153602,10.289860777796324,0.009923346129443698
xgb,0.9497401559503331,5.06830257656338,143.24170324902926,10.592743704825505,0.010937437042275042
