,R2,MAE,MSE,RMSE,MAPE
rf,0.9596663000865631,4.8397689894421765,130.31041236972018,11.017013526853045,0.010684032964583456
gbr,0.9591859758159975,5.018394778455264,128.1723270987065,10.874555213882495,0.010969004173062085
xgb,0.9523477443906836,5.691771181581973,151.29344701124268,11.699253350337498,0.012173794741137337
BayesianRidge,0.9479211820523666,5.8177620767355025,157.9693989345423,12.144921013257875,0.012536807389905386
