,R2,MAE,MSE,RMSE,MAPE
gbr,0.9687566200967245,3.7765163455824373,106.19448375050806,9.150339930744448,0.008264590867060762
rf,0.9611216973576339,3.639992028637752,133.7790983637041,9.77719741750219,0.007953822197968653
BayesianRidge,0.9588472634580987,4.078940642426561,136.38885204002142,10.05260707319594,0.008703109342922703
xgb,0.9587311834014682,4.1822720272763,142.52344732709702,9.884386512348936,0.009089345613810085
