,R2,MAE,MSE,RMSE,MAPE
xgb,0.9682615375557022,3.927031486442497,87.89916950320003,8.968370047743143,0.00871766952757707
gbr,0.9643825755470079,3.849131209612937,99.87008770489851,9.532583345876333,0.008696154233756711
BayesianRidge,0.9627296918918165,4.048015572299766,105.64008079337381,9.872748357401523,0.009073819459564278
rf,0.9594727107895074,3.680991867302436,109.98449854398572,10.066281348504972,0.008447493272801294
