,R2,MAE,MSE,RMSE,MAPE
gbr,0.9516080274847557,4.975723943840292,153.56787315498758,11.27231697720325,0.011349308711596728
rf,0.9489908241408695,4.840536549462608,163.8603608579308,11.749410816387094,0.01103880701736858
BayesianRidge,0.937471938871121,5.775814586846903,196.41915606731175,13.378478726755276,0.01301492234785619
xgb,0.9117837475710692,6.11961305772936,279.8261497456498,15.209677623287039,0.013959909262976637
