,R2,MAE,MSE,RMSE,MAPE
rf,0.9615631665930782,4.542020045669496,113.60997744975127,10.39197642555774,0.009849794230404909
gbr,0.9565796055910974,4.894775816380081,126.82354943481596,11.0743119745163,0.010604336111900859
BayesianRidge,0.9420606025711289,5.582548523337382,167.72537910815515,12.615576074287919,0.011992441417283593
xgb,0.9390743869328484,5.138820351265571,172.6202922465712,12.251399088793711,0.01092647519978028
