,R2,MAE,MSE,RMSE,MAPE
xgb,0.9446730823700719,4.886874007491378,139.48912424859074,10.93213143648895,0.010257365480963237
gbr,0.9435036315586395,4.650006896119524,143.2657796960651,11.086093825334059,0.009879859333862689
rf,0.9350507813836337,4.306601597629397,164.9537102500267,11.423387003869166,0.009179249981571713
BayesianRidge,0.9217100466286116,5.442664423081796,194.1577229801929,13.007827254753172,0.011564497486356774
