,R2,MAE,MSE,RMSE,MAPE
gbr,0.9361949472880223,5.495074978288073,193.1482759387207,12.415601962818801,0.011939898702127024
xgb,0.9340741430326898,5.749345406655435,204.24341708874357,12.521723338123653,0.012440205542351868
rf,0.9315467957697683,5.27851608416738,209.85499072198508,12.560173163172486,0.01156650663414345
BayesianRidge,0.9312255155447945,5.525153694451502,205.74285638483965,12.544811240276607,0.011974071295990337
