,R2,MAE,MSE,RMSE,MAPE
BayesianRidge,0.9457909103972085,4.6114669866409255,126.92967807300606,10.421070821653402,0.010462123802586902
gbr,0.9404907566142612,4.298083900083179,142.86846599422947,10.8740490957038,0.00994406904565104
rf,0.9395218061670441,4.297643218674159,147.2854802369502,11.045339727367091,0.010010168876145763
xgb,0.9333195159047734,4.681158715325433,164.63584938252296,11.286333914225823,0.01059487648073274
