,R2,MAE,MSE,RMSE,MAPE
gbr,0.9324652307548631,5.229652341209792,186.31124005500982,12.628315310161886,0.011542112633863144
rf,0.9315862874011824,5.204413371399556,189.04589138315694,12.813308534421093,0.011563946039418556
xgb,0.9301449493515029,5.33097377742733,190.92312673352507,12.448424372483853,0.011737951678218886
BayesianRidge,0.9176749530257696,6.274683967355555,235.10518030089884,14.208187940695595,0.013542907574374097
