,R2,MAE,MSE,RMSE,MAPE
rf,0.9697838638413266,3.5283192967839496,102.24304468760455,8.601503601884316,0.007865450819937777
BayesianRidge,0.9588978244062923,4.549911738211722,141.98899879701,10.724062668374865,0.010190032756808732
gbr,0.9575458496520174,4.175962635776308,149.259164026767,9.863424861868529,0.009205390095482305
xgb,0.9564957482921788,4.558472959959472,139.2989922005999,10.686136816137182,0.010157217173529659
