,R2,MAE,MSE,RMSE,MAPE
xgb,0.9512916535006453,5.300800294160126,152.84726697514986,11.163634611809806,0.011278434767049955
rf,0.947199385033717,4.989613888327933,161.7786871105881,11.869162094901407,0.010455260114617674
BayesianRidge,0.9378644692347388,6.025570473574538,184.07656710335954,12.93888501270499,0.012463417865291721
gbr,0.9366350139429661,5.473293741883226,192.21611274262176,12.773104188065691,0.011467228416028994
