,R2,MAE,MSE,RMSE,MAPE
gbr,0.9511660085779802,4.721312793355763,154.6297337710286,11.289451230046483,0.0108727097983375
rf,0.9507422138831867,4.508773688125452,155.88290198769906,11.465167237787586,0.010427889156216886
xgb,0.9437431578063713,5.256960961510828,169.44451422173614,12.047880565517499,0.012027050072170866
BayesianRidge,0.9417942825670551,5.341834592983866,174.4904525477808,12.581398952693341,0.01204690633545112
