,R2,MAE,MSE,RMSE,MAPE
gbr,0.9166409251696956,6.030426530020127,216.6981934066228,14.058933930304045,0.013219255059547089
rf,0.9134571735744966,5.777837117501508,225.99388130775233,14.198946390909319,0.012806252637907892
BayesianRidge,0.9074583800744209,6.4840983631245,243.8132539953054,14.938602714861878,0.01431881340557864
xgb,0.9004209412465581,6.849728412800006,256.92796094589664,14.869689674278883,0.015028574718745186
