,R2,MAE,MSE,RMSE,MAPE
rf,0.9530191575103032,4.619455578992265,157.663694657265,11.183371304599296,0.010202241634296257
BayesianRidge,0.9435379118102023,5.464708132852733,186.317870823262,12.174977414751389,0.012049168131834355
gbr,0.942101847189614,5.193300631045463,194.55061682389208,12.579260550771503,0.011465574553724529
xgb,0.935020098045962,5.644871273098049,212.5276740448698,12.770523081557204,0.012512162796728617
