,R2,MAE,MSE,RMSE,MAPE
gbr,0.9714396681626422,4.3855878199522165,91.10406371496151,9.199936492847922,0.009517985357512469
rf,0.9714312461806431,4.048369634098465,90.90727585825695,9.145494810468083,0.008762738082494847
BayesianRidge,0.968282990794517,4.457599632702194,96.19087541959047,9.367730739593298,0.009642746486247078
xgb,0.9625392167342882,4.892950187889305,116.72447198333938,10.173023188385468,0.010604762988855553
