,R2,MAE,MSE,RMSE,MAPE
gbr,0.9671492799583286,4.110595873941173,109.88803467056441,10.108482483089158,0.008903940347513403
