,R2,MAE,MSE,RMSE,MAPE
gbr,0.9727738280678292,3.681250955446681,94.92234282458149,9.555522289441448,0.008032638839934257
