,R2,MAE,MSE,RMSE,MAPE
gbr,0.9627710777857861,4.035210831511423,122.39354640906365,10.780468801439728,0.00879760675041231
