,R2,MAE,MSE,RMSE,MAPE
gbr,0.9718153862909752,3.89054588182553,104.02575937012128,9.531765710508802,0.00848742687003747
