,R2,MAE,MSE,RMSE,MAPE
gbr,0.9744413000700145,3.378432647285055,85.96095056038115,8.611427733255793,0.0072175939308423325
