,R2,MAE,MSE,RMSE,MAPE
gbr,0.9758565526476334,3.384738743285306,79.65802788573049,8.740098339568368,0.007298195149837818
