,R2,MAE,MSE,RMSE,MAPE
gbr,0.9759763568119013,3.1858662623617753,74.3329212387945,8.289532962834501,0.0069275478398740905
