,R2,MAE,MSE,RMSE,MAPE
gbr,0.9757178761274885,3.3415024809605507,78.0296776658728,8.37729491288862,0.0070830443670307965
