,R2,MAE,MSE,RMSE,MAPE
gbr,0.9773609655779512,3.230060740579885,69.23876984937306,7.923630696465669,0.006905137322749243
