,R2,MAE,MSE,RMSE,MAPE
gbr,0.9753190245127696,3.4174175185774716,78.76425501490553,8.280339874665792,0.007244382111173095
