,R2,MAE,MSE,RMSE,MAPE
gbr,0.9768438975016641,3.31417929664381,71.45347866162845,8.314331108358797,0.007168349262141811
