,R2,MAE,MSE,RMSE,MAPE
gbr,0.9742117832713575,3.536631283186697,92.48125738864648,8.900555380268322,0.007518274574002072
