,R2,MAE,MSE,RMSE,MAPE
gbr,0.9753308123340683,3.252085078552869,83.24106074868295,8.678091783579408,0.006926472552140811
