,R2,MAE,MSE,RMSE,MAPE
gbr,0.9740062097924422,3.260391522300071,91.96665263641995,8.749360620708165,0.007160590373875206
