,R2,MAE,MSE,RMSE,MAPE
gbr,0.9731393155647341,3.7841245789658835,98.55963246923295,9.243245201182143,0.008184924436107513
