,R2,MAE,MSE,RMSE,MAPE
gbr,0.9819981434602308,3.067483227172965,65.48888468317999,7.647200260074138,0.006600340305089837
