,R2,MAE,MSE,RMSE,MAPE
gbr,0.9791479922758135,2.8798774865140313,72.49737242218359,8.111830290882413,0.006134703130916195
