,R2,MAE,MSE,RMSE,MAPE
gbr,0.9662125476366746,3.846398821723921,114.11694678038441,10.261729971771318,0.00826982670741205
