,R2,MAE,MSE,RMSE,MAPE
gbr,0.9655244945717764,3.574385657683724,102.74143063550828,9.533058915715042,0.007725792712124588
