,R2,MAE,MSE,RMSE,MAPE
gbr,0.9772594349322086,3.48084278455507,74.70691395225455,8.335983439894155,0.0074665455137597255
