,R2,MAE,MSE,RMSE,MAPE
gbr,0.978224662423191,3.3490222991617764,82.5642050682955,8.635598393637366,0.007225998258413416
