,R2,MAE,MSE,RMSE,MAPE
gbr,0.9729333976425656,3.4382172318961848,83.95903821961929,8.670895821249436,0.007502652213882295
