,R2,MAE,MSE,RMSE,MAPE
gbr,0.9721715015013196,3.1707083663220406,89.59380296236114,9.05234165121844,0.006859131889140707
