,R2,MAE,MSE,RMSE,MAPE
gbr,0.9794188845510012,3.2119286318908054,77.8885982215489,8.492714047802279,0.006858631210173942
