,R2,MAE,MSE,RMSE,MAPE
gbr,0.9798838929764317,3.3518283185569273,71.8385014614108,8.232344591903912,0.007200454071114538
