,R2,MAE,MSE,RMSE,MAPE
gbr,0.9717627837850449,3.3759510428301582,91.42477202105049,9.005776317000892,0.00712270361099739
