,R2,MAE,MSE,RMSE,MAPE
gbr,0.9801658471009107,3.2550985050650603,69.55985003548656,8.20888452400653,0.007091145882351925
