,R2,MAE,MSE,RMSE,MAPE
gbr,0.9764547633273469,3.2496232992534786,87.78999880780692,8.682425693109128,0.007129782455156048
