,R2,MAE,MSE,RMSE,MAPE
gbr,0.9733697492630891,3.3486184757057353,84.01554381842273,8.93072573472014,0.007119061090075912
