,R2,MAE,MSE,RMSE,MAPE
gbr,0.9665504031499541,3.8177807511811763,102.41864881530864,10.009284015032168,0.008187680676457495
