,R2,MAE,MSE,RMSE,MAPE
gbr,0.9741052691405585,3.59631457154004,86.86077768890773,9.006185058449969,0.007781610409735869
