,R2,MAE,MSE,RMSE,MAPE
gbr,0.9797958483874691,3.4381025639622664,73.95057350538373,8.227251068030187,0.007538053066999227
