,R2,MAE,MSE,RMSE,MAPE
gbr,0.9780340646491783,3.4668108487618463,77.08609756036955,8.470395054256997,0.007423861177667891
