,R2,MAE,MSE,RMSE,MAPE
gbr,0.9646104283650979,3.8334557790920796,109.33621663112415,10.085992623575308,0.008520685309783425
