,R2,MAE,MSE,RMSE,MAPE
gbr,0.9728777514426635,3.283644976188409,97.30582601982755,9.31009656581489,0.006997604578252105
