,R2,MAE,MSE,RMSE,MAPE
gbr,0.9774673132511291,3.2687536746247945,76.04465208271719,8.363876376351126,0.007034260969416126
