,R2,MAE,MSE,RMSE,MAPE
gbr,0.9780732082829051,3.1327491371397986,67.84971040493146,7.769631350849062,0.006767154357205039
