,R2,MAE,MSE,RMSE,MAPE
gbr,0.9772352397089792,3.434681748419436,78.6855647460611,8.693280516834388,0.007406808724583838
