,R2,MAE,MSE,RMSE,MAPE
gbr,0.9686425140486584,3.8768069389843776,103.79092596353739,9.885381938578329,0.008288355843607261
