,R2,MAE,MSE,RMSE,MAPE
gbr,0.977723133814077,3.2827889542259845,78.33731959585751,8.448041167667263,0.006887247628875043
