,R2,MAE,MSE,RMSE,MAPE
gbr,0.9809782090055101,3.1956344695952845,67.43044364475234,7.760166785633864,0.006855777172133653
