,R2,MAE,MSE,RMSE,MAPE
gbr,0.9696222937949592,3.622478507681584,100.16597615724733,9.700417073191254,0.007559672391660721
