,R2,MAE,MSE,RMSE,MAPE
gbr,0.9769970861368258,3.1453082972775546,80.11120860918358,8.076262971893124,0.006806157395773912
