,R2,MAE,MSE,RMSE,MAPE
gbr,0.9796402970087803,3.2267328285766497,63.54074700358931,7.805564906342123,0.006898966245213039
