,R2,MAE,MSE,RMSE,MAPE
gbr,0.9698321557994086,3.7839795704480452,101.1887293954834,9.44096425957688,0.008124433379597526
