,R2,MAE,MSE,RMSE,MAPE
gbr,0.9662217979123484,4.136302020492941,114.10948540754916,10.44576909814118,0.008855687288705949
