,R2,MAE,MSE,RMSE,MAPE
gbr,0.9680039110233783,3.690610276421417,109.35391781288736,9.792145499231776,0.007778860194646374
