,R2,MAE,MSE,RMSE,MAPE
gbr,0.9728931937643652,3.5708092186782685,88.1478481611762,8.909310133807447,0.007618189097498548
