,R2,MAE,MSE,RMSE,MAPE
gbr,0.981322439554622,3.1542202009473543,65.91359724675296,7.920122058673551,0.006842270791263229
