,R2,MAE,MSE,RMSE,MAPE
gbr,0.9716220989316711,3.74620690934918,102.8659378591977,9.562217057487745,0.008158005711128
