,R2,MAE,MSE,RMSE,MAPE
gbr,0.9798725219000037,3.4086772051514203,67.97843909458963,8.003810024424306,0.007442058178628401
