,R2,MAE,MSE,RMSE,MAPE
gbr,0.9697389979093188,3.6766595723031243,99.81353431513945,9.51406933873259,0.007912722616282907
