,R2,MAE,MSE,RMSE,MAPE
gbr,0.9783669428440197,3.3585698610692902,76.95209579285945,8.411671502364166,0.007155795408142543
