,R2,MAE,MSE,RMSE,MAPE
gbr,0.9784603552552522,3.0482222128707392,68.5251313408684,7.796570315081828,0.0065200441482914095
