,R2,MAE,MSE,RMSE,MAPE
gbr,0.9801058184318547,3.3226301362717954,74.65550928949668,8.323373760551101,0.007143670404864168
