,R2,MAE,MSE,RMSE,MAPE
gbr,0.9797795309143107,3.0733153754680655,71.53991247133514,8.11728304770305,0.006575367014880834
