,R2,MAE,MSE,RMSE,MAPE
gbr,0.9722630597041999,3.7968795252381553,97.352268286278,9.494178265744328,0.008328814619328443
