,R2,MAE,MSE,RMSE,MAPE
gbr,0.9693195864519508,3.840449955259912,103.78765141064264,9.777168007912918,0.008361739794945172
