,R2,MAE,MSE,RMSE,MAPE
gbr,0.978482146279676,3.3030425835528474,75.04963293379143,8.488427757909744,0.00722689558028901
