,R2,MAE,MSE,RMSE,MAPE
gbr,0.9787137582973022,3.3130043188853255,77.08301280758197,8.259046940407064,0.007264991492690292
