,R2,MAE,MSE,RMSE,MAPE
gbr,0.9744053461768118,3.513200406006564,78.34436749004621,8.713287661616064,0.007607166677999341
