,R2,MAE,MSE,RMSE,MAPE
gbr,0.980845508315283,3.1573876679746653,62.80695356426371,7.731719805145682,0.006765875180959948
