,R2,MAE,MSE,RMSE,MAPE
gbr,0.9807057032679578,3.238443696841369,64.81939773837745,7.859654063103678,0.006955927596838138
