,R2,MAE,MSE,RMSE,MAPE
gbr,0.9764723647438698,3.3108151476183503,66.8193802336767,7.9585687119305915,0.0071054318884957
