,R2,MAE,MSE,RMSE,MAPE
gbr,0.9750696355665565,3.567541936700489,85.3555775685736,8.969342019116146,0.00753750112402452
