,R2,MAE,MSE,RMSE,MAPE
gbr,0.9736047139073885,3.554894449689281,92.05635486116017,9.45073496360701,0.007795547052580268
