,R2,MAE,MSE,RMSE,MAPE
gbr,0.9714976499458328,3.5808140882769566,84.36315242289774,8.768953961917216,0.007807581610427071
