,R2,MAE,MSE,RMSE,MAPE
gbr,0.9800879190509347,3.1362278339368936,70.18191474881618,7.759624069732865,0.006611056985928667
