,R2,MAE,MSE,RMSE,MAPE
gbr,0.970756474260569,3.717008778417648,97.66369630941884,9.73661037305327,0.007994679150731671
