,R2,MAE,MSE,RMSE,MAPE
gbr,0.9602297532371187,3.9256721436878017,121.37508160766615,10.525119149286814,0.00859797362473629
