,R2,MAE,MSE,RMSE,MAPE
gbr,0.9718310690702149,3.5637282896541222,91.23315687271852,9.29102444138743,0.007653431168535613
