,R2,MAE,MSE,RMSE,MAPE
gbr,0.972269597821936,3.8852744424249317,103.52967616152284,9.854140877946154,0.008492581611074764
