,R2,MAE,MSE,RMSE,MAPE
gbr,0.970851680117524,3.9436062833336023,104.29431998984583,9.784831422189791,0.008590715936863079
