,R2,MAE,MSE,RMSE,MAPE
gbr,0.979110760227158,3.258141238881681,69.92072432927556,8.0835350913207,0.007067435588583006
