,R2,MAE,MSE,RMSE,MAPE
gbr,0.9745705089213985,3.459396451265494,89.2918760486567,8.691808324030044,0.007626326605538081
