,R2,MAE,MSE,RMSE,MAPE
gbr,0.965245206616121,3.6167379079736057,120.06343047732199,10.059194413651063,0.007957536675175488
