,R2,MAE,MSE,RMSE,MAPE
gbr,0.9719309158477923,3.5459117676515968,97.22796299181543,9.497822580127963,0.007638516471818797
