,R2,MAE,MSE,RMSE,MAPE
gbr,0.9709770766031331,3.2619927932636834,94.11232546384959,9.205260174363115,0.006953087841882266
