,R2,MAE,MSE,RMSE,MAPE
gbr,0.9720887897337043,3.659842809952065,99.00786429225488,9.540248738131787,0.007947748466380565
