,R2,MAE,MSE,RMSE,MAPE
gbr,0.9676731250459737,3.8760883007956677,101.1241224584488,9.772311341034966,0.008314073768737083
