,R2,MAE,MSE,RMSE,MAPE
gbr,0.9631005690106795,3.8979568975303396,138.996720358603,10.576209396499973,0.008360329516714646
