,R2,MAE,MSE,RMSE,MAPE
gbr,0.9738949393401475,3.732015004685079,96.75540366116704,9.34098159436299,0.008051553331796597
