,R2,MAE,MSE,RMSE,MAPE
gbr,0.9720162057980872,3.293190185268955,85.5621509592241,8.87681299821007,0.007165118769496796
