,R2,MAE,MSE,RMSE,MAPE
gbr,0.9725142035834201,3.7755368296584484,97.72209472129714,9.489817975656987,0.008327264994967207
