,R2,MAE,MSE,RMSE,MAPE
gbr,0.9764762516488942,3.2091859722366904,82.2164833752853,8.403036811903872,0.00670516129694722
