,R2,MAE,MSE,RMSE,MAPE
gbr,0.9788075750639044,3.1755550265776566,64.27456225805518,7.5203577127478285,0.006962174004328097
