,R2,MAE,MSE,RMSE,MAPE
gbr,0.9649762976333746,3.9716171379452225,122.10986861917861,10.529971427526615,0.008586614247878597
