,R2,MAE,MSE,RMSE,MAPE
gbr,0.9648243657273522,3.7501061898808983,118.44346370928608,10.214929054588328,0.008098887846608963
