,R2,MAE,MSE,RMSE,MAPE
gbr,0.9753962618355413,3.320433276393178,79.26771420546154,8.199358803647245,0.007006091908088092
