,R2,MAE,MSE,RMSE,MAPE
gbr,0.971705727121088,3.421649635878798,98.08876180126637,9.084475758987054,0.00750314500415347
