,R2,MAE,MSE,RMSE,MAPE
gbr,0.9735257789710003,3.635188275221748,83.10036179521323,8.745510851300958,0.007900387066162463
