,R2,MAE,MSE,RMSE,MAPE
gbr,0.966125052052908,3.600862293452758,97.09011002317466,9.10692142815231,0.007666820966455326
