,R2,MAE,MSE,RMSE,MAPE
gbr,0.9812742165611634,3.0298446399974326,65.38139978298787,7.764256642788176,0.0065857082675567485
