,R2,MAE,MSE,RMSE,MAPE
gbr,0.9773200823025208,3.3678166637624414,75.05466627574916,8.53160875992251,0.007308421410873163
