,R2,MAE,MSE,RMSE,MAPE
gbr,0.9730661139229773,3.7120694107125636,96.86606432467502,9.394775726323545,0.00801377188638314
