,R2,MAE,MSE,RMSE,MAPE
gbr,0.9664561419494424,3.6010940674066476,100.79575240375925,9.785553334758202,0.007913720141196564
