,R2,MAE,MSE,RMSE,MAPE
gbr,0.9694616219575616,4.02627903195107,109.14386645574564,10.061033644338837,0.008850288862325103
