,R2,MAE,MSE,RMSE,MAPE
gbr,0.9728599824860662,3.4196055040458817,90.47943719436066,8.930040855688063,0.007380421320089835
