,R2,MAE,MSE,RMSE,MAPE
gbr,0.9813551571042218,2.861890574424706,62.85594913211636,7.605157141859152,0.006047759861262447
