,R2,MAE,MSE,RMSE,MAPE
gbr,0.9755213892788023,3.457227349907914,88.72734654505537,8.872785421362174,0.007389306914169852
