,R2,MAE,MSE,RMSE,MAPE
gbr,0.9409810974335511,7.007198760232663,163.7806835195998,12.3510863104493,0.014935786872639554
