,R2,MAE,MSE,RMSE,MAPE
gbr,0.9480586925305994,5.715196185216456,167.50892648851857,10.798184050389162,0.01243509681176532
