,R2,MAE,MSE,RMSE,MAPE
gbr,0.9541054964668596,5.855459485674375,131.03979806878857,10.338292981578551,0.012773520244795607
