,R2,MAE,MSE,RMSE,MAPE
gbr,0.9079942963257362,6.774570761736527,250.6617095054231,14.288232670548984,0.014443361209134944
