,R2,MAE,MSE,RMSE,MAPE
gbr,0.9504531526000987,6.313937527864998,131.91712402041279,11.139949835476695,0.013738405073851942
