,R2,MAE,MSE,RMSE,MAPE
gbr,0.9607738328385456,5.590987177027381,110.44987239480733,9.909027372861527,0.012294889041518925
