,R2,MAE,MSE,RMSE,MAPE
gbr,0.9697514532089171,5.161756393907416,87.78428652415104,8.921162449995391,0.011115228098791062
