,R2,MAE,MSE,RMSE,MAPE
gbr,0.9648268377068658,5.669376642887325,93.69289019303817,9.16257103761719,0.012153217884154006
