,R2,MAE,MSE,RMSE,MAPE
gbr,0.9412621418572942,6.0767854067315925,177.90900954535678,12.159582780412356,0.013172437561486111
