,R2,MAE,MSE,RMSE,MAPE
gbr,0.949999431670444,6.077594806179334,127.30530360144644,10.574528336083876,0.013138562581786847
