,R2,MAE,MSE,RMSE,MAPE
gbr,0.9305899575801032,6.84793202641786,180.88687647521397,11.917499244973026,0.014602661496138699
