,R2,MAE,MSE,RMSE,MAPE
gbr,0.9582677823223082,6.302378471576141,134.55693812967024,11.13942455935934,0.013230259756747482
