,R2,MAE,MSE,RMSE,MAPE
gbr,0.9321433287724264,7.102004847306898,210.74137231761173,12.2960487046801,0.015608742698094763
