,R2,MAE,MSE,RMSE,MAPE
gbr,0.9420268881691009,6.135869042571557,149.1180530664696,11.27946580325265,0.013488186139295607
