,R2,MAE,MSE,RMSE,MAPE
gbr,0.9581412585502116,5.882138198513105,111.3047012593855,10.143814495375826,0.012484451922217265
