,R2,MAE,MSE,RMSE,MAPE
gbr,0.928597528092624,6.706192339082412,198.58504298149379,12.14683802814096,0.014437229181397901
