,R2,MAE,MSE,RMSE,MAPE
gbr,0.9345989862068704,6.933112139753108,185.38580939784632,12.740733804396745,0.014611225102661935
