,R2,MAE,MSE,RMSE,MAPE
gbr,0.9632892394845408,5.050356475084721,91.83429312685655,9.373739034541014,0.010604037011407174
