,R2,MAE,MSE,RMSE,MAPE
gbr,0.9398847371549491,6.8418253509654985,191.03213258904867,13.032204547332498,0.01482133660962887
