,R2,MAE,MSE,RMSE,MAPE
gbr,0.9136969582821048,7.432673494569694,257.3508934766088,14.431583497248344,0.016066203752076978
