,R2,MAE,MSE,RMSE,MAPE
gbr,0.9294086754645218,6.443619951695221,201.79810683024436,13.237032508803562,0.014013373496271572
