,R2,MAE,MSE,RMSE,MAPE
gbr,0.9358340179668211,5.853818074786632,156.78266464974982,10.502651540568255,0.01300482460702539
