,R2,MAE,MSE,RMSE,MAPE
gbr,0.9610928331490489,5.99110969887785,123.93609555888183,10.303176240509726,0.013079098703511574
