,R2,MAE,MSE,RMSE,MAPE
gbr,0.9314960484731383,6.1288461100176495,184.34133127824265,11.763183107537724,0.013324308117663067
