,R2,MAE,MSE,RMSE,MAPE
gbr,0.9333010927817543,5.472538757768677,177.32129350186688,11.06710648417051,0.011767055995780514
