,R2,MAE,MSE,RMSE,MAPE
gbr,0.9275168259952441,7.060331922210359,240.1774612501607,13.294527934348272,0.015276716849519756
