,R2,MAE,MSE,RMSE,MAPE
gbr,0.9725600965881795,5.014276384289076,83.2417386491815,8.853770647233015,0.010437373457934909
