,R2,MAE,MSE,RMSE,MAPE
gbr,0.953343210266665,6.202477113542746,135.68024023239377,10.872054218253396,0.01306373603115441
