,R2,MAE,MSE,RMSE,MAPE
gbr,0.9572625298526765,5.824523477301049,103.05197103308367,9.715228043485432,0.012428981725323729
