,R2,MAE,MSE,RMSE,MAPE
gbr,0.9645061956960577,5.055550355240996,113.36939016632084,9.635810019552196,0.01125432616241168
