,R2,MAE,MSE,RMSE,MAPE
gbr,0.9695006289676303,5.707926971344952,107.45330727978398,9.805294973390527,0.012408956202840622
