,R2,MAE,MSE,RMSE,MAPE
gbr,0.922715104380383,6.641082724953546,188.35631689502446,12.879531661107766,0.014619808563325551
