,R2,MAE,MSE,RMSE,MAPE
gbr,0.9282830535338814,7.073685632668612,232.1035450872182,13.375307088386041,0.015359494059136508
