,R2,MAE,MSE,RMSE,MAPE
gbr,0.9392731538180763,7.018095811077761,188.66444986675998,13.105266074765812,0.01522365475820948
