,R2,MAE,MSE,RMSE,MAPE
gbr,0.9020811883349173,7.285999994463966,279.67045214484114,14.696820058315984,0.01568429873567127
