,R2,MAE,MSE,RMSE,MAPE
gbr,0.9279568769309832,7.218476229111974,225.9638253356001,14.010034239381469,0.015967912106766232
