,R2,MAE,MSE,RMSE,MAPE
gbr,0.9645672578627924,5.533578234151195,99.68619345541876,9.411995614945678,0.011877087027217455
