,R2,MAE,MSE,RMSE,MAPE
gbr,0.9336286554370673,5.788830557906929,169.22969027039133,11.086253827024603,0.011854685406236942
