,R2,MAE,MSE,RMSE,MAPE
gbr,0.9623438519953865,5.932293153196509,129.43742907050483,10.910054704826546,0.012889459292414049
