,R2,MAE,MSE,RMSE,MAPE
gbr,0.947334094197496,5.872835047241667,148.57794050008454,11.376673445794662,0.012627009967535217
