,R2,MAE,MSE,RMSE,MAPE
gbr,0.9550328632935816,5.591006056927734,105.335509501813,9.59302697307719,0.011979700257591222
