,R2,MAE,MSE,RMSE,MAPE
gbr,0.9512880197269391,6.5035648505153345,131.56524598912367,10.70929976478303,0.013951309828287569
