,R2,MAE,MSE,RMSE,MAPE
gbr,0.937683944123371,6.221565122694039,172.2041230073491,11.639654335535258,0.01327246279705845
