,R2,MAE,MSE,RMSE,MAPE
gbr,0.9344794560074916,5.904899234988142,177.26454368603513,11.107692546941767,0.013028166171599137
