,R2,MAE,MSE,RMSE,MAPE
gbr,0.9424696132901224,5.669624346976579,148.75449684114633,10.572148404749765,0.011755945569614392
