,R2,MAE,MSE,RMSE,MAPE
gbr,0.9575880348798818,5.646004006053699,117.0655777539771,10.350355974540793,0.012212551434844987
