,R2,MAE,MSE,RMSE,MAPE
gbr,0.9334834456531157,6.9819658426208075,176.72443314257825,12.625657054396433,0.014816981901033796
