,R2,MAE,MSE,RMSE,MAPE
gbr,0.9707166404968239,5.310657562834927,95.68207053818557,8.823335543118757,0.011156018444009784
