,R2,MAE,MSE,RMSE,MAPE
gbr,0.9519340683232809,5.728322560014921,117.00983182788846,10.33710975851709,0.01200996722444446
