,R2,MAE,MSE,RMSE,MAPE
gbr,0.9527336031482456,5.713454657425075,142.7301608501188,11.023192390716185,0.012307846507349968
