,R2,MAE,MSE,RMSE,MAPE
gbr,0.9614660803248434,5.777953745841759,109.30730898685106,9.809738267793799,0.012274520926875535
