,R2,MAE,MSE,RMSE,MAPE
gbr,0.9581194740566318,5.673960886026469,104.73066989435779,9.791921807000673,0.011983387717566385
