,R2,MAE,MSE,RMSE,MAPE
gbr,0.9346920770134011,6.5000555210161535,193.26146378240588,12.040183727429753,0.014214585293304573
