,R2,MAE,MSE,RMSE,MAPE
gbr,0.9512730778904992,5.946128155647445,110.05784064199426,10.075260838403683,0.012694763511022718
