,R2,MAE,MSE,RMSE,MAPE
gbr,0.9462001845822889,5.861707252829029,141.5815398597601,11.006975652385552,0.01269885619005424
