,R2,MAE,MSE,RMSE,MAPE
gbr,0.9365697454731766,6.364857548669832,159.02218105270526,12.12686462179815,0.013424095125205532
