,R2,MAE,MSE,RMSE,MAPE
gbr,0.9596283465373407,6.34421869290922,125.11338139207649,10.826352739826003,0.013491646668292995
