,R2,MAE,MSE,RMSE,MAPE
gbr,0.9425239101121636,5.971391866857322,150.88031232270995,10.909783759269683,0.012512193258615311
