,R2,MAE,MSE,RMSE,MAPE
gbr,0.9888934793260951,2.647397949548082,30.621412094605397,5.231365807130999,0.005645914977892115
