,R2,MAE,MSE,RMSE,MAPE
gbr,0.9826546600732291,2.602585694501273,40.97903027549829,5.62497275265276,0.005425658884474505
