,R2,MAE,MSE,RMSE,MAPE
gbr,0.9913292847888808,2.2245475166973305,21.01682137388613,4.3224496278258915,0.004694301219850214
