,R2,MAE,MSE,RMSE,MAPE
gbr,0.976645179916406,3.2252050441837428,58.35265369348302,7.212231066411297,0.006865489625798071
