,R2,MAE,MSE,RMSE,MAPE
gbr,0.9914619109658049,2.2771258277534985,23.27696631931387,4.384718089403824,0.004864630515343459
