,R2,MAE,MSE,RMSE,MAPE
gbr,0.9809890187851511,2.6673288815201284,46.299738970688004,6.245959256077006,0.005689002624875451
