,R2,MAE,MSE,RMSE,MAPE
gbr,0.9839767460719095,2.551892098739611,40.81026593179215,5.468757445900664,0.005495050592644756
