,R2,MAE,MSE,RMSE,MAPE
gbr,0.9725165253052396,2.8873143251891817,44.06607862283547,6.044107469057648,0.006228746029121797
