,R2,MAE,MSE,RMSE,MAPE
gbr,0.9897419097318089,2.5365093788847664,27.247293599631995,4.957031782128763,0.005444263513274005
