,R2,MAE,MSE,RMSE,MAPE
gbr,0.9833296756590133,2.9831170443083836,39.14156208311199,5.896577002743165,0.006480191846235039
