,R2,MAE,MSE,RMSE,MAPE
gbr,0.9845778632679429,2.5277246798790056,42.11906697617462,5.7706933388327215,0.005467237773123192
