,R2,MAE,MSE,RMSE,MAPE
gbr,0.9921119951007815,2.010975990680742,16.56934065701447,3.720583656304008,0.004309955211727067
