,R2,MAE,MSE,RMSE,MAPE
gbr,0.9747827977945299,3.2161389236076507,48.493040523383485,6.6794167004930545,0.007076922576206663
