,R2,MAE,MSE,RMSE,MAPE
gbr,0.9859090307506786,2.6904195874114545,35.68471278539108,5.146349869400566,0.0057975675404231
