,R2,MAE,MSE,RMSE,MAPE
gbr,0.9816123181687757,2.944407695970375,45.536667105026446,6.14862056647437,0.006302781985190814
