,R2,MAE,MSE,RMSE,MAPE
gbr,0.9809171050568481,2.6703959254074183,39.896795002382845,5.699055844493351,0.005580248854042244
