,R2,MAE,MSE,RMSE,MAPE
gbr,0.9845616150579609,2.80647565324826,37.64915946243326,5.649121753796182,0.006064227475565122
