,R2,MAE,MSE,RMSE,MAPE
gbr,0.9877302130576743,2.321285280094138,26.11301352296468,4.84883712135745,0.004886788122008542
