,R2,MAE,MSE,RMSE,MAPE
gbr,0.9684644158815541,2.9345492398217217,58.64136672191116,6.369435016821199,0.006284992947674833
