,R2,MAE,MSE,RMSE,MAPE
gbr,0.9786859382256446,3.1106604772211823,53.12478153547323,6.782126137651995,0.006625581654970336
