,R2,MAE,MSE,RMSE,MAPE
gbr,0.9822795008527152,2.660482822133017,47.31671229047983,5.989994959911778,0.005724952912919571
