,R2,MAE,MSE,RMSE,MAPE
gbr,0.9742906765519006,2.923602588017063,55.2796243618356,6.966349624796071,0.006300640043677769
