,R2,MAE,MSE,RMSE,MAPE
gbr,0.9884095331562651,2.3697510718870296,25.117623735307813,4.624001174154936,0.005068500009031355
