,R2,MAE,MSE,RMSE,MAPE
gbr,0.9774221021804882,2.715492003634854,47.65445152898232,6.4055535987201155,0.0058208544733700405
