,R2,MAE,MSE,RMSE,MAPE
gbr,0.988174125046485,2.7583651921705226,30.356226200139076,5.226882857073639,0.005789323199068093
