,R2,MAE,MSE,RMSE,MAPE
gbr,0.9897527586002015,2.0544868555277622,22.59056093080843,4.427293784686023,0.004388671265524226
