,R2,MAE,MSE,RMSE,MAPE
gbr,0.9820890136602122,2.8919020000269167,43.817396225441016,5.88893763038666,0.00626238013275125
