,R2,MAE,MSE,RMSE,MAPE
gbr,0.9871880380093699,2.33423420855203,25.111302430486813,4.770266156296278,0.004928303147691959
