,R2,MAE,MSE,RMSE,MAPE
gbr,0.986881551663442,2.7818260655453564,35.5323384698373,5.687714297712694,0.006047296380481725
