,R2,MAE,MSE,RMSE,MAPE
gbr,0.9837837828355804,2.820475796418516,34.342567161451214,5.66202679446978,0.0060796304265737285
