,R2,MAE,MSE,RMSE,MAPE
gbr,0.9815079507624557,3.0867912271884883,44.23332449218162,6.003146437348444,0.0065616648498459966
