,R2,MAE,MSE,RMSE,MAPE
gbr,0.9810222285958563,2.742789676455327,49.97185633348669,6.414973613726654,0.005870022164622192
