,R2,MAE,MSE,RMSE,MAPE
gbr,0.9885848768171911,2.4386147603162547,32.51598207180909,5.453410779780892,0.005234265150652879
