,R2,MAE,MSE,RMSE,MAPE
gbr,0.9807424941532714,2.9686160368120067,43.957440715039894,5.839193036049078,0.006189368954178999
