,R2,MAE,MSE,RMSE,MAPE
gbr,0.938462023300928,3.423706065861446,84.45926720269324,8.162349027812454,0.007649913614031788
