,R2,MAE,MSE,RMSE,MAPE
gbr,0.985104921043944,2.8085239194549354,39.59042804454889,5.622820283472384,0.006092543905493823
