,R2,MAE,MSE,RMSE,MAPE
gbr,0.971071269721748,2.9854646050657117,49.208163923487746,6.2118162577503995,0.006302292681168308
