,R2,MAE,MSE,RMSE,MAPE
gbr,0.9723715278952667,3.160795701625942,49.22457912362158,6.429573034839594,0.006692592213599341
