,R2,MAE,MSE,RMSE,MAPE
gbr,0.9843763338417185,2.7974467548960154,41.31506031150812,5.568911192722789,0.005828002370806747
