,R2,MAE,MSE,RMSE,MAPE
gbr,0.9844129796704463,2.7452315368083022,43.74064343167324,5.99146533874493,0.005703706658695547
