,R2,MAE,MSE,RMSE,MAPE
gbr,0.980141857790208,2.670842238684971,47.69334952742609,6.156093807133329,0.005702468326153471
