,R2,MAE,MSE,RMSE,MAPE
gbr,0.9811583677704263,2.7374888397565593,47.71024828232447,6.225955799483477,0.0059251180828197615
