,R2,MAE,MSE,RMSE,MAPE
gbr,0.9782862619303059,2.37688465985055,46.40501538755827,5.725021280275789,0.0050614072778921975
