,R2,MAE,MSE,RMSE,MAPE
gbr,0.972424253773865,3.2395510653587016,67.80570984197048,7.521818746340328,0.00696457077749664
