,R2,MAE,MSE,RMSE,MAPE
gbr,0.9729169187679204,3.0825838630195697,45.87302943372229,6.31860116000253,0.006640287244268192
