,R2,MAE,MSE,RMSE,MAPE
gbr,0.9840948504994985,2.5105491763086527,34.330864144082874,5.315841005263749,0.005351020079830082
