,R2,MAE,MSE,RMSE,MAPE
gbr,0.9824851645059655,3.1209342914075178,43.41161426395737,6.1936498665266875,0.006723858906833288
