,R2,MAE,MSE,RMSE,MAPE
gbr,0.9865637018550888,2.8987230236105868,32.29802327792851,5.3516650038808375,0.006183831009498174
