,R2,MAE,MSE,RMSE,MAPE
gbr,0.9817120888473262,2.768785517701798,34.77113268525496,5.383033747772961,0.005784664896360953
