,R2,MAE,MSE,RMSE,MAPE
gbr,0.9874043159876671,2.598150784639441,35.4603762936198,5.416095010469144,0.005598019804246815
