,R2,MAE,MSE,RMSE,MAPE
gbr,0.9876606777134901,2.3116020301860445,28.458818170645692,4.813268219299888,0.004953610366261548
