,R2,MAE,MSE,RMSE,MAPE
gbr,0.9726005726299201,2.756554942795926,45.71689941366828,6.167522340947638,0.006073301324993566
