,R2,MAE,MSE,RMSE,MAPE
gbr,0.9859799605160029,2.4839745727127753,35.35820016667041,5.418852571366848,0.005338923038560145
