,R2,MAE,MSE,RMSE,MAPE
gbr,0.9879671234863354,2.542854328935456,29.069444042545207,5.125624475734102,0.005591209142935652
