,R2,MAE,MSE,RMSE,MAPE
gbr,0.9895095974565825,2.4363376579152365,24.464460783927528,4.685008166297191,0.005158950816775186
