,R2,MAE,MSE,RMSE,MAPE
xgb,0.9917673159037582,2.413432513497397,22.079837429766254,4.656086727292572,0.0050832098257456645
