,R2,MAE,MSE,RMSE,MAPE
xgb,0.9901345603407045,2.509230778989717,27.367668625118817,5.111427275721327,0.005260343839478749
