,R2,MAE,MSE,RMSE,MAPE
xgb,0.9890840062826338,2.508053815940475,27.922442014413726,5.178385796306906,0.005309655100151819
