,R2,MAE,MSE,RMSE,MAPE
xgb,0.9897166450312728,2.483321076377219,28.761721736961213,5.111219252554698,0.0052970446789585065
