,R2,MAE,MSE,RMSE,MAPE
xgb,0.9903778188164528,2.5820474279335026,25.579581399499638,4.991383334472683,0.0054744757651132596
