,R2,MAE,MSE,RMSE,MAPE
xgb,0.9875014006053646,2.4209872186006,27.804947798797635,5.098593188790383,0.005172874445384574
