,R2,MAE,MSE,RMSE,MAPE
xgb,0.9921959440824712,2.2191222563116453,22.045886225178794,4.572100794768121,0.004694959104288092
