,R2,MAE,MSE,RMSE,MAPE
xgb,0.9912925337062222,2.157110040947677,21.654900578270194,4.472629095246384,0.0045921685803819385
