,R2,MAE,MSE,RMSE,MAPE
xgb,0.9899732521063864,2.332366832435078,28.398928512464636,5.027868562039048,0.00491778073154855
