,R2,MAE,MSE,RMSE,MAPE
xgb,0.9925430759360548,2.0408893865864983,16.92978190568366,4.025003203578577,0.0042930096387732335
