,R2,MAE,MSE,RMSE,MAPE
xgb,0.9860664704378873,2.8379142770608126,35.727610240805724,5.830587523118308,0.005946816881076953
