,R2,MAE,MSE,RMSE,MAPE
xgb,0.9896212729625787,2.384205435467352,27.10502490292444,4.913488684002536,0.0050071124622213786
