,R2,MAE,MSE,RMSE,MAPE
xgb,0.9891540624511116,2.5700107094192832,28.478505987116552,5.016713760348214,0.005400491951522013
