,R2,MAE,MSE,RMSE,MAPE
xgb,0.9899367671322891,2.2543378149071107,22.15102096444449,4.614173074860385,0.0047579867041569095
