,R2,MAE,MSE,RMSE,MAPE
xgb,0.9913335310111361,2.4762760654680553,24.707966069611587,4.720006801764827,0.005303173862007792
