,R2,MAE,MSE,RMSE,MAPE
xgb,0.9899245136962707,2.3929485983509466,29.766276660100836,5.277926312790031,0.005059710686372862
