,R2,MAE,MSE,RMSE,MAPE
xgb,0.986843350104231,2.581236851853796,31.67190344589276,5.340989738231099,0.005452240629683208
