,R2,MAE,MSE,RMSE,MAPE
xgb,0.9897571577161013,2.4256291813636883,26.941860185394837,5.076548735224753,0.005145417650990811
