,R2,MAE,MSE,RMSE,MAPE
xgb,0.9901164218427974,2.4098471252870097,23.890646397087227,4.691008680862543,0.005097604971696687
