,R2,MAE,MSE,RMSE,MAPE
xgb,0.9900977916795384,2.4937341565809508,24.964902040517586,4.864303456876393,0.005216862331807681
