,R2,MAE,MSE,RMSE,MAPE
xgb,0.9909171783626946,2.593159301463086,24.36223181702154,4.87000743461069,0.005496220604505666
