,R2,MAE,MSE,RMSE,MAPE
xgb,0.9893499123406986,2.443237926560184,27.625427436665028,5.134040396984981,0.005222503674162225
