,R2,MAE,MSE,RMSE,MAPE
xgb,0.9932000909127069,2.1518739251864383,18.356716649322404,4.093042531590157,0.004493228729172934
