,R2,MAE,MSE,RMSE,MAPE
xgb,0.9900665224029928,2.39052925290718,28.057205770662375,4.969278485267589,0.005102635674330244
