,R2,MAE,MSE,RMSE,MAPE
xgb,0.9899820278436859,2.3527587593219272,29.038556963381836,5.085133201226558,0.004969062209770538
