,R2,MAE,MSE,RMSE,MAPE
xgb,0.9904809221916728,2.336212932931633,24.810353751796743,4.846827538040513,0.004886787852230295
