,R2,MAE,MSE,RMSE,MAPE
xgb,0.9904279631363015,2.4658859089490504,26.165570997095983,4.90287822568767,0.005151069984784926
