,R2,MAE,MSE,RMSE,MAPE
xgb,0.9912141752809969,2.3740646665069067,25.03648814772275,4.661485984002697,0.005036623935127063
