,R2,MAE,MSE,RMSE,MAPE
xgb,0.9898993869322303,2.3151910770138278,28.450395094715038,5.111054909464982,0.004846908835166229
