,R2,MAE,MSE,RMSE,MAPE
xgb,0.9928808201162408,2.1626036416071357,19.495735010509122,4.330175650238718,0.004497656114935808
