,R2,MAE,MSE,RMSE,MAPE
xgb,0.9903171604493993,2.423087652941562,23.537580062379146,4.704444334374306,0.005156846999484352
