,R2,MAE,MSE,RMSE,MAPE
xgb,0.9889987648758355,2.5494029351051064,30.720628725392306,5.319737412874672,0.005374992574872998
