,R2,MAE,MSE,RMSE,MAPE
xgb,0.990736357476272,2.2727804377876524,25.013354266564924,4.812671730937051,0.004701925758417888
