,R2,MAE,MSE,RMSE,MAPE
xgb,0.9932429714861074,2.060036054281313,16.6164483324418,3.9527939734825326,0.00433741971025917
