,R2,MAE,MSE,RMSE,MAPE
xgb,0.9868901215353831,2.5788772718314017,29.415776358782182,5.278440283084358,0.005438874993441705
