,R2,MAE,MSE,RMSE,MAPE
xgb,0.9891392367690036,2.7477788320646876,33.98098225992018,5.5090936947959745,0.00588011752986122
