,R2,MAE,MSE,RMSE,MAPE
xgb,0.9889206151806743,2.427929915912953,28.51147832525549,5.2157326869655165,0.005143676937521657
