,R2,MAE,MSE,RMSE,MAPE
xgb,0.9874074653082026,2.660725128870454,32.40572529376683,5.647324328360827,0.005560542448391551
