,R2,MAE,MSE,RMSE,MAPE
xgb,0.9869268627227855,2.5231993007911098,31.751267851245565,5.542857435963667,0.005383787800256435
