,R2,MAE,MSE,RMSE,MAPE
xgb,0.9902397168432084,2.571688953027901,24.80476992314437,4.8117493366541115,0.005402735570326006
