,R2,MAE,MSE,RMSE,MAPE
xgb,0.989072636671807,2.4138330841734286,26.212001333805766,4.9350133401505705,0.005121611131113454
