,R2,MAE,MSE,RMSE,MAPE
xgb,0.9925150204193681,2.2219851144685148,19.205111142242238,4.270253411529979,0.004681618147965505
