,R2,MAE,MSE,RMSE,MAPE
xgb,0.9907148611300645,2.417924249932052,27.45357731699435,5.038487749996091,0.005087300228679588
