,R2,MAE,MSE,RMSE,MAPE
xgb,0.9916563639495581,2.4722467536691832,23.7351604749413,4.732173301786714,0.0051833201993382
