,R2,MAE,MSE,RMSE,MAPE
xgb,0.9938151082669793,2.0190509594522936,16.375343169121873,3.976109222047969,0.004225187147691726
