,R2,MAE,MSE,RMSE,MAPE
xgb,0.9920870877970536,2.1843595288739692,19.764680189133152,4.295697534601114,0.004620292315313383
