,R2,MAE,MSE,RMSE,MAPE
xgb,0.9907215047029909,2.3201911874022585,24.544043016877833,4.855761545919522,0.004788335616461291
