,R2,MAE,MSE,RMSE,MAPE
xgb,0.9880990657305814,2.3764047811908404,31.70674401917562,5.454157032011081,0.005116028660402671
