,R2,MAE,MSE,RMSE,MAPE
xgb,0.9878563460958063,2.509498448828211,29.724280757462857,5.301122690915738,0.005291949003216159
