,R2,MAE,MSE,RMSE,MAPE
xgb,0.9926286338516936,2.3601192382598155,21.126368108936312,4.489645488259652,0.004951282778362649
