,R2,MAE,MSE,RMSE,MAPE
xgb,0.985346028569524,2.644528981946454,34.49340336618246,5.608344095305457,0.005636476370436613
