,R2,MAE,MSE,RMSE,MAPE
xgb,0.991816177024417,2.271837570686105,20.74040661962524,4.4277450996148575,0.004749692087059185
