,R2,MAE,MSE,RMSE,MAPE
xgb,0.9895219258047725,2.2641838498404403,26.183626094480644,4.8699459536316905,0.004836704291081716
