,R2,MAE,MSE,RMSE,MAPE
xgb,0.9914616500009474,2.4279046458042535,22.37326956560568,4.705836688550668,0.005149362163996002
