,R2,MAE,MSE,RMSE,MAPE
xgb,0.989336620048301,2.4207041269357625,27.62461170483896,5.173507684620036,0.005085539404010125
