,R2,MAE,MSE,RMSE,MAPE
xgb,0.9863209807453568,2.5803237898963074,32.05281269199369,5.383351741592184,0.005437036874478449
