,R2,MAE,MSE,RMSE,MAPE
rf,0.8950346152299515,9.563800300300299,322.0673421337837,17.433177486814262,0.021074213985927556
gbr,0.8905451887636071,9.968359191274955,330.9898506040296,17.75860371709652,0.021835521807114174
xgb,0.8690228620234237,9.867722760907881,395.8156761930916,19.509436699055954,0.021792995604389534
