,R2,MAE,MSE,RMSE,MAPE
gbr,0.9407608438186064,7.941375305065921,225.93043155115257,14.559456201707727,0.016899072759176948
