,R2,MAE,MSE,RMSE,MAPE
gbr,0.9518635316350892,7.395482721054902,232.7371716444117,14.110165299954485,0.01620041516963551
