,R2,MAE,MSE,RMSE,MAPE
gbr,0.9249282997530658,9.728584510124461,337.5990394905929,18.12361381956982,0.021150087509394965
