,R2,MAE,MSE,RMSE,MAPE
gbr,0.9415045781156776,8.201506770824155,267.6895518441068,15.528978862668584,0.017984644105889812
