,R2,MAE,MSE,RMSE,MAPE
gbr,0.9459028184435347,7.767506148142816,241.978431887325,14.772173418471592,0.017056449316034117
