,R2,MAE,MSE,RMSE,MAPE
gbr,0.9555531371539319,6.840191051782119,178.779654553549,12.720287949859518,0.014725623684784344
