,R2,MAE,MSE,RMSE,MAPE
gbr,0.9398749057585342,8.14493955799925,260.49694105557097,15.141380644325057,0.01771308781793749
