,R2,MAE,MSE,RMSE,MAPE
gbr,0.9289159823517947,8.806585024045788,289.6471850743234,16.131590831576947,0.019108819407895987
