,R2,MAE,MSE,RMSE,MAPE
gbr,0.9326051212641705,7.178767558374695,234.35654417509335,14.640852376392777,0.015524888005770524
