,R2,MAE,MSE,RMSE,MAPE
gbr,0.9433060095719863,7.608975674795762,243.63451153104066,14.545659697188285,0.01649605602080999
