,R2,MAE,MSE,RMSE,MAPE
gbr,0.9499991578071008,7.335885414836419,200.08779400023099,13.707926420988457,0.015786812774023593
