,R2,MAE,MSE,RMSE,MAPE
gbr,0.9452873208209167,8.521868719430895,253.29476548232816,15.362789994291708,0.018208455115788884
