,R2,MAE,MSE,RMSE,MAPE
gbr,0.9383211058617288,7.931313503837248,233.30461000679392,14.705558762447854,0.01739068874010332
