,R2,MAE,MSE,RMSE,MAPE
gbr,0.9524497500784976,7.559846408838657,226.69233417564402,14.071523297322084,0.016378189927471525
