,R2,MAE,MSE,RMSE,MAPE
gbr,0.9457596613131269,8.325787609316327,229.19099679996552,14.210499533513604,0.017964388048567717
