,R2,MAE,MSE,RMSE,MAPE
gbr,0.9478487592295073,7.244037941587344,214.76547826539823,13.820730933596845,0.015930952612538903
