,R2,MAE,MSE,RMSE,MAPE
gbr,0.9554651968955937,7.807863601012879,200.8800517654641,13.656464966395726,0.0164572432540359
