,R2,MAE,MSE,RMSE,MAPE
gbr,0.9189693324480375,9.11352553708392,330.7708716733863,16.62427694757265,0.01999173539949982
