,R2,MAE,MSE,RMSE,MAPE
gbr,0.9372351110139118,8.284580073447163,279.1674127512935,15.962106492552323,0.01807562399820786
