,R2,MAE,MSE,RMSE,MAPE
gbr,0.9568961755346841,7.093280341866517,196.60634732994293,12.971845239441915,0.015525083111904005
