,R2,MAE,MSE,RMSE,MAPE
gbr,0.9379208458618621,8.140936605140647,270.35544055137535,15.865288017899463,0.01752651908567219
