,R2,MAE,MSE,RMSE,MAPE
gbr,0.9471684515960916,7.0080400660384345,208.9341138673532,13.68729618733496,0.015352192841429923
