,R2,MAE,MSE,RMSE,MAPE
gbr,0.9614412897709557,7.260161953024668,174.92671761198784,12.716478909072952,0.015980762454153953
