,R2,MAE,MSE,RMSE,MAPE
gbr,0.9403061961425923,7.85927995638143,264.00270157683576,15.594048758935637,0.017242563001426944
