,R2,MAE,MSE,RMSE,MAPE
gbr,0.9475020718656746,7.208336292183911,243.50093184042234,14.842425842000718,0.01567259009401397
