,R2,MAE,MSE,RMSE,MAPE
gbr,0.949228061452881,7.2788057771918115,197.05821684825963,12.983071595097845,0.015809006643949
