,R2,MAE,MSE,RMSE,MAPE
gbr,0.9391540861901204,8.019658204763088,278.47454131084817,15.807110373182036,0.01786114665467898
