,R2,MAE,MSE,RMSE,MAPE
gbr,0.9427505089132584,8.211581198769128,277.4469431775333,15.369817541203597,0.018201432834977056
