,R2,MAE,MSE,RMSE,MAPE
gbr,0.9421909379462645,7.747171876956313,247.78385386576434,14.423101713046375,0.0169285324598943
