,R2,MAE,MSE,RMSE,MAPE
gbr,0.9321901899296057,8.029917320406868,265.1703178945787,15.283065379322846,0.017447906628943563
