,R2,MAE,MSE,RMSE,MAPE
gbr,0.9530172552652783,7.596180845565425,173.29264283191165,12.686393007231668,0.01633339062534668
