,R2,MAE,MSE,RMSE,MAPE
gbr,0.9467503859844433,7.190333689224848,210.2926019937929,13.84123523631032,0.01548058844793521
