,R2,MAE,MSE,RMSE,MAPE
gbr,0.9463665770299408,7.757485990192185,238.00553096884596,14.532494026270541,0.016976424156380905
