,R2,MAE,MSE,RMSE,MAPE
gbr,0.944056558759851,7.953272961874502,234.40729490201534,14.778715321337334,0.017224058417281245
