,R2,MAE,MSE,RMSE,MAPE
gbr,0.9538897154280923,7.727323428388726,207.64848299560768,13.317908787522033,0.01655927888032325
