,R2,MAE,MSE,RMSE,MAPE
gbr,0.9479590711130973,8.160640873814744,265.0215876719322,15.962262471302703,0.017540770295220998
