,R2,MAE,MSE,RMSE,MAPE
gbr,0.9290609488517358,8.924319577550754,330.27921490024386,17.241740262677652,0.01935027417623148
