,R2,MAE,MSE,RMSE,MAPE
gbr,0.9424671440014816,8.339059839863435,255.2508022608312,14.534748464898229,0.018301836480804565
