,R2,MAE,MSE,RMSE,MAPE
gbr,0.9436431739602883,8.184243806351876,252.7902308739357,15.509342837860398,0.017591360870694416
