,R2,MAE,MSE,RMSE,MAPE
gbr,0.9421947474475496,8.773269411371718,285.32587278801054,16.370215361181508,0.019323530470253193
