,R2,MAE,MSE,RMSE,MAPE
gbr,0.9427364687412012,8.109780599783395,260.2581978616776,14.923502214996935,0.017293017192570034
