,R2,MAE,MSE,RMSE,MAPE
gbr,0.9591599579506985,7.0076691632755015,179.68667511704854,12.490270838161488,0.015110964435225565
