,R2,MAE,MSE,RMSE,MAPE
gbr,0.9568766369784429,7.571622788520666,195.86439691035397,13.63478873791792,0.016498380830524635
