,R2,MAE,MSE,RMSE,MAPE
gbr,0.9539979522402933,6.792611832358553,175.7406386269726,12.33007854180263,0.014709596321943737
