,R2,MAE,MSE,RMSE,MAPE
gbr,0.9467215637544077,7.6784357827258685,223.68574116106925,13.59387044710754,0.016838233068593805
