,R2,MAE,MSE,RMSE,MAPE
gbr,0.9448217265889914,7.588356469531446,232.8318884419162,14.970749552448648,0.01599089888996258
