,R2,MAE,MSE,RMSE,MAPE
gbr,0.938312630926317,8.234696280832328,252.38467961881784,14.625206538293295,0.017590616500488265
