,R2,MAE,MSE,RMSE,MAPE
gbr,0.9356486550632918,8.488674248081029,287.2970955752666,16.426149400865906,0.018347510691056845
