,R2,MAE,MSE,RMSE,MAPE
gbr,0.942610393954725,8.073678782373241,251.05705082909884,15.308363505200006,0.017523381085409833
