,R2,MAE,MSE,RMSE,MAPE
gbr,0.9561879804086987,6.947385253638927,178.76933766305837,12.27128175344038,0.015004012906549425
