,R2,MAE,MSE,RMSE,MAPE
gbr,0.9396615148510887,8.393166953934365,255.4289379103741,15.267646564336067,0.0182713732466324
