,R2,MAE,MSE,RMSE,MAPE
gbr,0.9545585884107158,6.839406186790285,170.193571056748,12.15659103859185,0.014610049386439932
