,R2,MAE,MSE,RMSE,MAPE
gbr,0.9714944718811166,6.003898511798271,125.94942220274001,10.709189185401522,0.012723666777787527
