,R2,MAE,MSE,RMSE,MAPE
gbr,0.9396208556118673,8.155892652818617,236.3994193604551,15.076594338674516,0.017831399837935615
