,R2,MAE,MSE,RMSE,MAPE
gbr,0.9409905791321183,7.9518652350080306,246.79513209861761,14.61917098663623,0.01724004670901997
