,R2,MAE,MSE,RMSE,MAPE
gbr,0.9628666496495368,6.765339122749078,156.19609875501436,11.788788917423341,0.014613358734559458
