,R2,MAE,MSE,RMSE,MAPE
gbr,0.9395776127672673,8.363890454035037,282.8943459346473,16.053838435271743,0.018105221377477842
