,R2,MAE,MSE,RMSE,MAPE
gbr,0.9534517896582123,7.273361415665397,222.4255235403935,13.883610099282558,0.015894826418220702
