,R2,MAE,MSE,RMSE,MAPE
gbr,0.9452548472703481,7.818821299181702,224.139350653986,13.96723663485428,0.01713404232892442
