,R2,MAE,MSE,RMSE,MAPE
gbr,0.9549761392312572,8.064300432463703,203.61303218439667,13.982745470000879,0.017347103388149834
