,R2,MAE,MSE,RMSE,MAPE
gbr,0.9348426449424567,7.575537196757013,263.27481358313656,14.94766952015172,0.016864983103276346
