,R2,MAE,MSE,RMSE,MAPE
gbr,0.9531365095934339,7.176171620333312,203.7045942159478,13.328851295005496,0.015838805747011218
