,R2,MAE,MSE,RMSE,MAPE
gbr,0.9436098333888238,7.681810458499504,226.15867970910546,14.762755167278016,0.016612683342023156
