,R2,MAE,MSE,RMSE,MAPE
gbr,0.9480821296061,7.4790826355528015,206.04899841459286,13.72368807315045,0.016033877997649982
