,R2,MAE,MSE,RMSE,MAPE
gbr,0.9504874671112816,7.5318265526627055,226.39632221511943,13.888743929563224,0.016256150143419947
