,R2,MAE,MSE,RMSE,MAPE
gbr,0.9502279198774899,7.644627249928234,219.9505538758592,13.804078519705723,0.016379792723130164
