,R2,MAE,MSE,RMSE,MAPE
gbr,0.9465701150400301,7.857881979000598,218.88603608148247,14.247252793287183,0.01672120774300751
