,R2,MAE,MSE,RMSE,MAPE
gbr,0.9540291605348123,7.295210669677928,211.82273885564513,14.050285468921695,0.01533915125837636
