,R2,MAE,MSE,RMSE,MAPE
gbr,0.9596432440179576,6.639528536245213,171.3324992984003,11.167401494238185,0.014287698845274904
