,R2,MAE,MSE,RMSE,MAPE
gbr,0.9346371427323389,8.785883165936983,266.45891752667154,15.24641672578933,0.019311512387714613
