,R2,MAE,MSE,RMSE,MAPE
gbr,0.9465324111516674,7.799144456371667,226.18899126739308,14.353791723804065,0.017041556048503218
