,R2,MAE,MSE,RMSE,MAPE
gbr,0.9493630179871154,7.460833622250415,231.05731018433258,14.333455821972928,0.016253302571601153
