,R2,MAE,MSE,RMSE,MAPE
gbr,0.9574506455248815,7.371117306187917,200.78099280800797,13.277518522650137,0.01621907289852812
