,R2,MAE,MSE,RMSE,MAPE
gbr,0.9538373801568143,7.727160592669368,210.17021357921345,13.812432647240025,0.01656951014809082
