,R2,MAE,MSE,RMSE,MAPE
gbr,0.9509782943915244,8.05046311905385,203.65880178622893,13.790121745884004,0.017201205293713606
