,R2,MAE,MSE,RMSE,MAPE
gbr,0.9279741345153394,9.479947586722087,315.3649694289121,17.016504149282465,0.02069578172969888
