,R2,MAE,MSE,RMSE,MAPE
gbr,0.9265172483417954,8.785002073911176,302.9442223677646,16.577318745783604,0.018933373904543638
