,R2,MAE,MSE,RMSE,MAPE
gbr,0.9279828915263,9.349143423943747,331.2903668372013,17.60871624807386,0.019991842257457235
