,R2,MAE,MSE,RMSE,MAPE
gbr,0.9551817431849097,7.241595505499807,178.27998724671465,12.825730119917015,0.01543440324261942
