,R2,MAE,MSE,RMSE,MAPE
gbr,0.9461656701320974,7.380443743398141,213.15116175489388,13.243885772129335,0.01576982138353342
