,R2,MAE,MSE,RMSE,MAPE
gbr,0.9419472235088584,8.651992850762742,262.15057445781366,15.918701861681338,0.019031161715724478
