,R2,MAE,MSE,RMSE,MAPE
gbr,0.9430123445991295,8.024245139648476,233.35570671839037,14.372582478351507,0.017512971066311583
