,R2,MAE,MSE,RMSE,MAPE
gbr,0.9477999516902298,6.999928352535958,208.95176714110318,13.532596362215747,0.015030782037749121
