,R2,MAE,MSE,RMSE,MAPE
gbr,0.9399181251403081,8.358679252972584,261.4932480189212,15.239175822761933,0.018645868266511934
