,R2,MAE,MSE,RMSE,MAPE
gbr,0.9431378479307995,7.617710804302821,241.35185636641845,13.991295777272622,0.016338844628984838
