,R2,MAE,MSE,RMSE,MAPE
gbr,0.9434606643487242,8.001119061996793,248.1997129990224,14.830091200471355,0.017265922675900516
