,R2,MAE,MSE,RMSE,MAPE
gbr,0.941856641500452,7.655030880922119,245.19522668281974,14.833753703161085,0.01673928126225719
