,R2,MAE,MSE,RMSE,MAPE
gbr,0.9462299700085426,8.050847682308675,244.07102317303094,14.668409171057712,0.017418052112140973
