,R2,MAE,MSE,RMSE,MAPE
gbr,0.9603796613844194,7.069583439755678,168.3581538278771,12.3425872109997,0.014947589424933785
