,R2,MAE,MSE,RMSE,MAPE
gbr,0.9215781253786082,9.198824400171272,321.9093812531754,17.097214008730298,0.020117833038542893
