,R2,MAE,MSE,RMSE,MAPE
gbr,0.9405958767115908,8.082289894327705,237.42094234657287,14.51096939148621,0.016904827077896943
