,R2,MAE,MSE,RMSE,MAPE
gbr,0.9628893191339074,7.1832256835903845,161.11869401871954,12.467226151240848,0.015429946677810825
