,R2,MAE,MSE,RMSE,MAPE
gbr,0.9430607977510341,7.901733285200922,281.26655042287257,15.482324643099322,0.017342716916339616
