,R2,MAE,MSE,RMSE,MAPE
gbr,0.9527160047987497,7.548989892231267,214.0633110917337,13.471967696934627,0.016741274636081403
