,R2,MAE,MSE,RMSE,MAPE
gbr,0.9166654617719839,8.872425421624996,363.105229963442,17.76742218658811,0.019809838436926068
