,R2,MAE,MSE,RMSE,MAPE
gbr,0.9447254027605745,7.1090022798909684,237.1537094952492,14.198714627996296,0.015681766293920357
