,R2,MAE,MSE,RMSE,MAPE
gbr,0.9402568813329537,7.868300470732353,279.8886249194578,15.786646266533884,0.017299077310086845
