,R2,MAE,MSE,RMSE,MAPE
gbr,0.9474368881248472,7.752930189199802,230.0549380226593,13.34022950025184,0.017057881849389687
