,R2,MAE,MSE,RMSE,MAPE
gbr,0.951921792569005,6.547451552846988,189.21969003006893,12.381967984490895,0.013910439702881392
