,R2,MAE,MSE,RMSE,MAPE
gbr,0.9541838240168827,7.419223069000575,196.8067705740459,13.418024090239399,0.01594639794478406
