,R2,MAE,MSE,RMSE,MAPE
xgb,0.9764142763965102,4.205469917431032,90.42014822247901,9.339149571482782,0.009426585122328242
