,R2,MAE,MSE,RMSE,MAPE
xgb,0.9715833576601819,4.561503029961886,111.5469655878649,10.412657399421475,0.010195199979068783
