,R2,MAE,MSE,RMSE,MAPE
xgb,0.9758432195034471,4.258844036642612,88.41107737630382,9.123433400574584,0.00949291918675941
