,R2,MAE,MSE,RMSE,MAPE
xgb,0.9745469594870648,4.282095627587944,100.78396378224741,9.612529103791388,0.009526109009156966
