,R2,MAE,MSE,RMSE,MAPE
xgb,0.9735114657359011,4.448476351207104,103.47214482114241,10.045331567245135,0.009821544891306305
