,R2,MAE,MSE,RMSE,MAPE
xgb,0.9777159514047555,4.157575095106486,90.68097569162265,9.23602547782284,0.00924887259181199
