,R2,MAE,MSE,RMSE,MAPE
xgb,0.9769643860559805,4.2834094274095,91.29854850202979,9.278610449747893,0.00955356370363988
