,R2,MAE,MSE,RMSE,MAPE
xgb,0.9814742153197287,3.718280448447005,69.52933824207298,8.088061487926712,0.008223937831227577
gbr,0.9810562109150609,4.535315379721907,71.30157494676664,8.318807476111024,0.010154435088953596
