,R2,MAE,MSE,RMSE,MAPE
gbr,0.981330578715828,4.5478611551499535,68.52633933106851,8.1967438505911,0.010169187318785189
xgb,0.9808910959181203,3.819739426087358,69.77441045625595,8.144874890400375,0.008440407474047925
