,R2,MAE,MSE,RMSE,MAPE
xgb,0.9816757741129438,3.8573352922397803,65.1727272342149,7.875638360432122,0.008503071194521632
gbr,0.9809597569292177,4.479816760108436,68.05498989721585,8.105084516219609,0.009916644787403575
