,R2,MAE,MSE,RMSE,MAPE
xgb,0.9736023403605465,4.24069080818232,96.89075493298648,9.61462188888521,0.009548755635440147
