,R2,MAE,MSE,RMSE,MAPE
xgb,0.9777000509222542,4.2846621665799045,83.80226785764913,9.00205251890689,0.009527557970011754
