,R2,MAE,MSE,RMSE,MAPE
xgb,0.9779459987228725,4.046835660074891,84.4045545254123,8.803893026442307,0.008972570028604894
gbr,0.9777899493167297,4.823033924775279,84.65684933047771,8.911818039697287,0.010818888499473385
