,R2,MAE,MSE,RMSE,MAPE
xgb,0.9811079644954518,4.007413183656107,75.45406345496163,8.38214361105974,0.009080486149177353
