,R2,MAE,MSE,RMSE,MAPE
xgb,0.9734782678641054,4.142132671865068,98.50062782707019,9.48786158281354,0.009117202137495256
