,R2,MAE,MSE,RMSE,MAPE
xgb,0.9709327648514201,4.414927808978082,110.41665562098729,10.323660363543272,0.009820328944884193
