,R2,MAE,MSE,RMSE,MAPE
xgb,0.9740899252104034,4.532786938945875,104.029727278847,10.109019146351333,0.010163020050308311
