,R2,MAE,MSE,RMSE,MAPE
xgb,0.9813406393551787,3.7824671266513326,67.79791622795072,8.090255567022092,0.008325324611127578
gbr,0.9786714941480922,4.598066367539859,77.44694958705213,8.611316871758103,0.010237387239184569
