,R2,MAE,MSE,RMSE,MAPE
xgb,0.9779992869153208,4.061978119455775,82.29772387075282,8.781098363078684,0.009075370812740046
