,R2,MAE,MSE,RMSE,MAPE
xgb,0.9784795959740432,3.978161979299584,82.85455249471912,8.853803435551733,0.008928590385454318
