,R2,MAE,MSE,RMSE,MAPE
gbr,0.9791112112323599,4.78908321594598,78.14588949294414,8.66850132808549,0.010730097521007268
xgb,0.9790705882533187,4.075032296774097,78.69032761839864,8.62950001965099,0.008964269375662855
