,R2,MAE,MSE,RMSE,MAPE
xgb,0.9751899774166983,4.476737862836323,102.69307363844044,10.033440356258316,0.010080945409507013
