,R2,MAE,MSE,RMSE,MAPE
xgb,0.9744428600527902,4.21439422412559,93.10185517560697,9.586386740953214,0.00943970482329844
