,R2,MAE,MSE,RMSE,MAPE
xgb,0.9795357221018113,3.9823297317736666,78.66389584155276,8.731562087414726,0.008906057169407521
