,R2,MAE,MSE,RMSE,MAPE
xgb,0.9793354521061142,3.9509218561536827,79.05186125567303,8.830188018379795,0.008842254228728297
