,R2,MAE,MSE,RMSE,MAPE
xgb,0.9735407878276512,4.369297456236804,98.51382195343895,9.761849520813623,0.009709467755721814
gbr,0.9727966672313413,5.187322731106414,101.82157477738065,9.967112560077585,0.011597158435373166
