,R2,MAE,MSE,RMSE,MAPE
xgb,0.9797401847612391,3.9559086583575054,76.78139485720683,8.413064575712987,0.008724054804985186
