,R2,MAE,MSE,RMSE,MAPE
xgb,0.9802714272310051,3.914950787564378,76.57771776957375,8.596663173895108,0.008648523003546316
