,R2,MAE,MSE,RMSE,MAPE
xgb,0.9791418178429894,4.065628385031514,78.8286611029279,8.633496363246408,0.009071314121758083
gbr,0.9762820310421473,4.973036517523346,90.51526170967625,9.334172636615882,0.01116037928452211
