,R2,MAE,MSE,RMSE,MAPE
xgb,0.9759073009716678,4.174459171796169,89.59025168616208,9.284300866106165,0.009230656636959367
