,R2,MAE,MSE,RMSE,MAPE
xgb,0.9739762327693923,4.483113397586558,101.66011043142998,9.933409263114013,0.010022770056283669
