,R2,MAE,MSE,RMSE,MAPE
gbr,0.983477706742252,4.502779858734381,61.576165293888096,7.695653097907825,0.009849064040703685
xgb,0.982592125102072,3.882365905936033,65.18918006114072,7.868251612287767,0.008427090365948525
