,R2,MAE,MSE,RMSE,MAPE
xgb,0.9729426931280573,4.6111301297646206,106.1852344041027,10.096036062750997,0.010342211629157815
