,R2,MAE,MSE,RMSE,MAPE
xgb,0.9722495531388606,4.3228322580988525,97.487566698233,9.834087340172447,0.009658950413971027
gbr,0.9711504100806737,5.157085360478353,102.01445868528204,10.025930807858208,0.011539598460766673
