,R2,MAE,MSE,RMSE,MAPE
xgb,0.9711245032393613,4.506758098115651,112.31873799742311,10.297077067030473,0.010189341014311773
