,R2,MAE,MSE,RMSE,MAPE
xgb,0.9817917854695046,3.755911379581685,65.10628623748929,7.735855613843725,0.008270014580932584
gbr,0.9773025648993002,4.805022128806373,81.38518259997485,8.791438972288786,0.010737707066259327
