,R2,MAE,MSE,RMSE,MAPE
xgb,0.9761891778208547,3.8991303918586118,91.58782746323575,9.36300587280095,0.008586820023792678
