,R2,MAE,MSE,RMSE,MAPE
gbr,0.9728562795719629,5.177261184950504,98.52825176883171,9.838153724219405,0.011523553631112566
xgb,0.972781563413848,4.42313519618308,97.55610011675248,9.787397032722463,0.009769501010880963
