,R2,MAE,MSE,RMSE,MAPE
gbr,0.9786534469097768,4.597630659991176,77.82739195029231,8.670612597308288,0.010220240863289393
xgb,0.9786362493459189,3.9722780487698315,78.31876187785534,8.585834025002608,0.008752083887827559
