,R2,MAE,MSE,RMSE,MAPE
gbr,0.9840435031922263,4.446510850889258,61.579449118478706,7.759059016152555,0.009828063811244969
xgb,0.9838381436032246,3.766244588034913,62.324600291895685,7.704163215574423,0.008209734379902422
