,R2,MAE,MSE,RMSE,MAPE
xgb,0.9790090383940088,4.066128129006929,84.58037216806503,8.690182658791901,0.008960118623980998
