,R2,MAE,MSE,RMSE,MAPE
xgb,0.9739156960950816,4.424716161723205,99.26676689383164,9.666411280284013,0.009842198016070051
