,R2,MAE,MSE,RMSE,MAPE
xgb,0.9731404516465176,4.4358999375790615,101.98849175211937,9.919188054648114,0.009890839381275144
