,R2,MAE,MSE,RMSE,MAPE
xgb,0.9728451481072999,4.529787000419985,103.68962314511846,9.976631744212,0.010184207015155643
