,R2,MAE,MSE,RMSE,MAPE
xgb,0.9777806228658046,4.0544465719117815,80.95627380337066,8.817663307110314,0.009003466630955897
