,R2,MAE,MSE,RMSE,MAPE
xgb,0.97792958894038,4.252618814830674,87.29218779822801,9.072930393322466,0.009469374670861778
