,R2,MAE,MSE,RMSE,MAPE
xgb,0.979860241883987,4.100753449702383,76.1345539425061,8.592372917450948,0.009110851581549603
gbr,0.9782168203408576,4.910856424296478,82.19481659842313,8.967170458385139,0.011037736478712975
