,R2,MAE,MSE,RMSE,MAPE
xgb,0.9818514020465866,3.8737586922484963,67.64728096231818,7.979003292656323,0.008470623345878486
gbr,0.9789526534964514,4.6811822937339755,79.85675629610381,8.7477776605352,0.010353610230952227
