,R2,MAE,MSE,RMSE,MAPE
xgb,0.9757456788602269,3.9912602792856857,83.21406599976444,8.827298710452066,0.008797689823858514
gbr,0.972833569005151,4.81200336399688,93.71575240098214,9.417830831745817,0.010767843929393528
