,R2,MAE,MSE,RMSE,MAPE
xgb,0.9770996854372964,4.2154755993030335,83.44360512972952,8.876202507384983,0.009375483721021021
gbr,0.9770487834539219,4.9035155477356245,83.77545113204668,8.970031210060927,0.01101193864547954
