,R2,MAE,MSE,RMSE,MAPE
xgb,0.9787300346685305,4.018290084326298,77.92577524660597,8.622739975487345,0.008948355545975187
gbr,0.9763223936631207,4.990186779075753,86.3683229082865,9.147223537828618,0.011225454990885468
