,R2,MAE,MSE,RMSE,MAPE
xgb,0.974752636831969,4.2325638734154545,98.78999432975408,9.689498849734932,0.009392976558631244
