,R2,MAE,MSE,RMSE,MAPE
xgb,0.9771727221687987,4.053246302525428,83.54074956919285,8.943649579735307,0.0089619427581869
gbr,0.9750641932852787,4.978492684952539,91.33457479687846,9.361995949983273,0.01112047747508115
