,R2,MAE,MSE,RMSE,MAPE
xgb,0.9773652819453085,3.6917085716102944,78.52682964482067,8.349490078564875,0.008294662067232205
