,R2,MAE,MSE,RMSE,MAPE
xgb,0.9804854250073876,3.928754173350258,76.9310343950543,8.628662272511907,0.008770843822949195
