,R2,MAE,MSE,RMSE,MAPE
xgb,0.9788213302638319,4.1814939931711015,79.36852380755784,8.66687708242274,0.009361995206773607
gbr,0.97632136464317,4.837912585989163,87.72681270325907,9.175606885496398,0.010875577717870883
