,R2,MAE,MSE,RMSE,MAPE
xgb,0.9737690083489442,4.284901778687305,97.76316435852459,9.710205381349843,0.009485640424671
