,R2,MAE,MSE,RMSE,MAPE
xgb,0.9722412647585911,4.628611560516418,107.61662450257063,10.013504488161084,0.010373731946068693
