,R2,MAE,MSE,RMSE,MAPE
xgb,0.9775609956496272,4.179897780168023,82.662420469873,8.94533908539889,0.009206553701348966
