,R2,MAE,MSE,RMSE,MAPE
xgb,0.9791837757433945,4.118984612299228,80.50198985498116,8.815387229671254,0.009123245031541468
