,R2,MAE,MSE,RMSE,MAPE
xgb,0.9682510982374335,4.663375027766251,119.6184530585806,10.618478173485244,0.010450639798674435
