,R2,MAE,MSE,RMSE,MAPE
xgb,0.9794835838758299,4.047169008973177,76.86997653829668,8.518838585457395,0.008902211763036308
