,R2,MAE,MSE,RMSE,MAPE
gbr,0.9819889608315417,4.469941119204615,69.71426890530884,8.221043354811025,0.010019847838617296
xgb,0.9812715658543946,3.859907616056943,72.36998354714106,8.309555409123568,0.008535821017621981
