,R2,MAE,MSE,RMSE,MAPE
xgb,0.9787247898313771,4.033388226730238,84.95936254264991,8.927375923457772,0.00886781236324678
