,R2,MAE,MSE,RMSE,MAPE
xgb,0.9801204922509366,4.050014884113556,78.77461711930388,8.685654347514872,0.009083602169110108
