,R2,MAE,MSE,RMSE,MAPE
xgb,0.9761417882071066,4.086066452984407,88.44941988190803,9.209093360404585,0.009053153613058714
gbr,0.9759401575566221,4.774917148112767,88.73800805278586,9.202321531702081,0.01067596952602103
