,R2,MAE,MSE,RMSE,MAPE
xgb,0.9779364190491828,4.0062564885974945,84.37570868147726,9.075920598505911,0.008967287313104255
