,R2,MAE,MSE,RMSE,MAPE
xgb,0.9779303486965494,4.138282183581902,81.9230214269528,8.910023166452799,0.009148415836476664
