,R2,MAE,MSE,RMSE,MAPE
xgb,0.9753769560736579,4.420271744235931,98.52380867020996,9.648831653054486,0.010097793451498947
