,R2,MAE,MSE,RMSE,MAPE
xgb,0.97811923026181,3.944940088818309,86.41100075742739,8.992431244149946,0.008856438375526824
