,R2,MAE,MSE,RMSE,MAPE
xgb,0.9728411001432443,4.502861674665043,102.87525373917542,9.960020888358125,0.009999485204693443
