,R2,MAE,MSE,RMSE,MAPE
xgb,0.9756963062493249,4.040394887363621,92.38247150526865,9.404018566392077,0.009034026057809248
