,R2,MAE,MSE,RMSE,MAPE
xgb,0.977534603757482,4.182479710741603,85.43117911200085,8.803255859227743,0.009393878390469259
