,R2,MAE,MSE,RMSE,MAPE
xgb,0.974282639605063,4.357286167547321,102.89919002927029,9.823415478466082,0.009719776687240566
