,R2,MAE,MSE,RMSE,MAPE
xgb,0.9759301450290154,4.2181553923448805,94.99966383988138,9.566145530669163,0.009393041044668137
