,R2,MAE,MSE,RMSE,MAPE
xgb,0.9760350065570791,4.252502794947681,97.56279464268263,9.697710367235185,0.00954789297193416
