,R2,MAE,MSE,RMSE,MAPE
xgb,0.9816484470419737,3.785144061255777,68.22053352782669,7.954100631609859,0.008441174757450546
