,R2,MAE,MSE,RMSE,MAPE
xgb,0.979642295153976,4.117949734750104,76.03471789306847,8.609605985779394,0.009121763952695521
gbr,0.9787701983350476,4.883762528035234,79.19238436334412,8.761187221225455,0.010930830633568965
