,R2,MAE,MSE,RMSE,MAPE
xgb,0.9736084566685281,4.228796811856222,100.23103274078308,9.734486664492199,0.009330503511671496
