,R2,MAE,MSE,RMSE,MAPE
xgb,0.9820491033072853,3.9302628488494067,67.81970737538595,8.091403375871483,0.008678250313339068
