,R2,MAE,MSE,RMSE,MAPE
xgb,0.9794706013509193,3.8568501087162566,73.50855216307049,8.437371780747265,0.008571502728114855
