,R2,MAE,MSE,RMSE,MAPE
xgb,0.9788206581403006,3.993049033875587,76.82324383145877,8.41272417589225,0.008882921569519375
