,R2,MAE,MSE,RMSE,MAPE
xgb,0.9784354693602092,4.003713734565876,87.10117241926119,8.924405268837713,0.0088821797487978
