,R2,MAE,MSE,RMSE,MAPE
xgb,0.9736690579514387,4.407565408021483,100.01058723646284,9.695603415010902,0.009854890219911493
