,R2,MAE,MSE,RMSE,MAPE
xgb,0.9788269615475207,4.208838613326978,86.93975677410225,9.07031230230649,0.009320501805371962
