,R2,MAE,MSE,RMSE,MAPE
xgb,0.9778135404175868,4.02085135180605,85.14882818570555,8.87770113652103,0.008853592408199312
