,R2,MAE,MSE,RMSE,MAPE
xgb,0.9792261970711985,3.91797250686333,81.3107463202405,8.715571861739154,0.008745917226853651
