,R2,MAE,MSE,RMSE,MAPE
xgb,0.9770759423565416,4.142145180039462,89.35623469984998,9.201803705377307,0.009179637811626668
