,R2,MAE,MSE,RMSE,MAPE
xgb,0.9775277783231708,4.1838242574928435,85.63205739445701,9.081874439832426,0.009299171502077036
