,R2,MAE,MSE,RMSE,MAPE
xgb,0.9795818813755739,4.02758181158005,78.35027288473297,8.617020744824462,0.008948528983935345
