,R2,MAE,MSE,RMSE,MAPE
xgb,0.9756968767110085,4.35210754221958,96.29369546907616,9.510056881051183,0.009604824055213457
