,R2,MAE,MSE,RMSE,MAPE
xgb,0.978616746179956,4.2236156868329315,84.60616222979475,8.87537911491595,0.009474984719202433
