,R2,MAE,MSE,RMSE,MAPE
xgb,0.9723414469559609,4.422662543804355,104.00599999697049,10.093266909493316,0.0098880056959231
