,R2,MAE,MSE,RMSE,MAPE
xgb,0.9856888978275784,3.658850485210484,52.22020215023042,7.0426476047326405,0.008061411083989408
