,R2,MAE,MSE,RMSE,MAPE
xgb,0.9729158269805509,4.256111259386949,97.57540794965277,9.759291622218676,0.009496906503180334
