,R2,MAE,MSE,RMSE,MAPE
xgb,0.978588681654694,4.18088611214621,82.23473987618328,8.908150377705933,0.009390093145125808
gbr,0.9779669350752933,4.971191566049545,83.95306442517666,9.06202057808666,0.011177073374141071
