,R2,MAE,MSE,RMSE,MAPE
xgb,0.9824041117081806,3.956280520991302,69.75910876108175,8.056569871191854,0.008762589638799743
