,R2,MAE,MSE,RMSE,MAPE
xgb,0.9705362471800857,4.517872229223519,109.3741464653406,10.167999569844715,0.009984699330972669
