,R2,MAE,MSE,RMSE,MAPE
xgb,0.9763504184207836,4.130114089034064,88.63419691586012,9.176156364085525,0.009245320851901832
gbr,0.9761657416567534,4.8377930818835075,89.92580290557032,9.160365447139418,0.010912708015675818
