,R2,MAE,MSE,RMSE,MAPE
xgb,0.9796687969938201,3.9459902643322797,78.40963008953585,8.660103328361874,0.008714673463614412
gbr,0.976053584305796,4.954770363470043,91.98687554402429,9.506973397828402,0.011090341886879176
