,R2,MAE,MSE,RMSE,MAPE
xgb,0.9776000840946135,4.099187597389049,86.64274203332053,9.10393832116484,0.009147216543118829
