,R2,MAE,MSE,RMSE,MAPE
xgb,0.9694140191980836,4.675683710154931,113.14313593679972,10.467349906119164,0.010456042020647167
