,R2,MAE,MSE,RMSE,MAPE
xgb,0.977249331054759,4.199617897552984,85.03509173879937,9.04001504909449,0.009427229524505348
