,R2,MAE,MSE,RMSE,MAPE
xgb,0.9701392053726021,4.584849933306847,111.9896996232379,10.41803000543564,0.010278998816884757
