,R2,MAE,MSE,RMSE,MAPE
xgb,0.9765456024193243,4.026732624011393,88.74036115274302,9.21972676720633,0.008971378007477304
