,R2,MAE,MSE,RMSE,MAPE
xgb,0.976776231069203,4.078519547984241,85.45220711385325,8.926066214550627,0.009066918365811577
gbr,0.9756766438676298,4.892484748178781,89.83691136825045,9.270407937966267,0.010985024034576438
