,R2,MAE,MSE,RMSE,MAPE
xgb,0.9746573366399278,4.261039577007742,96.1879305594091,9.3457992391843,0.009528520158166532
