,R2,MAE,MSE,RMSE,MAPE
xgb,0.9738209531666719,4.331210360843805,93.72312403371433,9.28912302247052,0.009611557722239972
gbr,0.9715794871093599,5.101711762260068,102.09160487074361,9.701757907117242,0.011421237019101482
