,R2,MAE,MSE,RMSE,MAPE
xgb,0.98111412001071,3.89198865011791,75.30511209224714,8.372797081444194,0.008779741988048673
