,R2,MAE,MSE,RMSE,MAPE
xgb,0.9785160047618005,4.17555457877882,83.29116220419971,8.944939054434858,0.009427661097857658
