,R2,MAE,MSE,RMSE,MAPE
gbr,0.9772406279229818,4.710414995941724,86.53809502561171,9.061401897102972,0.010495274280761531
xgb,0.976071529561026,4.155893484293288,90.14318151526106,9.282586199077539,0.009194205712484969
