,R2,MAE,MSE,RMSE,MAPE
xgb,0.9793027010227672,4.132351594166244,80.63314266654459,8.69457669899192,0.00921769339626095
