,R2,MAE,MSE,RMSE,MAPE
xgb,0.9757842228144755,4.30452506286974,95.57669674977441,9.514993583119999,0.00963302638849281
