,R2,MAE,MSE,RMSE,MAPE
xgb,0.9768195751132233,4.084840630465459,89.50911105495756,9.27965745158767,0.009086797273264072
