,R2,MAE,MSE,RMSE,MAPE
xgb,0.9776571549843946,4.344239141051878,84.82825910768511,9.083066953117331,0.009671289631092239
gbr,0.9738032219631177,5.353103832817917,99.72900955421386,9.883161936231422,0.01204949437309439
