,R2,MAE,MSE,RMSE,MAPE
xgb,0.9762617092376848,4.134814234349369,91.2335981869727,9.276590999188963,0.009173753137499057
