,R2,MAE,MSE,RMSE,MAPE
xgb,0.9839115335089292,3.6670184252904234,58.51109133728913,7.469227740067827,0.008089984070824821
gbr,0.9802329938356632,4.5872758129213045,71.71701914548389,8.326710366036373,0.010289128045489277
