,R2,MAE,MSE,RMSE,MAPE
xgb,0.976412577782724,4.30862751002826,92.2447260946539,9.326527097623716,0.009622420885842056
gbr,0.9743957799576124,5.033155577330387,100.30969089144196,9.691968813340242,0.011325024691899966
