,R2,MAE,MSE,RMSE,MAPE
xgb,0.9848741553300455,3.7029268452245687,60.78357643774135,7.643035255613155,0.00834549558808423
