,R2,MAE,MSE,RMSE,MAPE
xgb,0.9781413567164382,3.8677893327481483,85.18799861187121,9.027451361119253,0.008594348534199745
