,R2,MAE,MSE,RMSE,MAPE
xgb,0.978824211073564,3.976517146092801,80.49132200139704,8.765009907790066,0.008820453331613269
