,R2,MAE,MSE,RMSE,MAPE
xgb,0.9779235160728772,4.067375912197581,80.77566020031666,8.744470893970561,0.009010442632111154
