,R2,MAE,MSE,RMSE,MAPE
xgb,0.9813410761917133,3.826503138462929,72.61988344895722,8.273429605868383,0.008368161189468804
gbr,0.9799737087717659,4.810750887692961,77.85309319273082,8.693444956187912,0.010722148285032294
