,R2,MAE,MSE,RMSE,MAPE
xgb,0.9794390164885609,3.8506145299555863,73.77295300136397,8.376381895205,0.008438238602786934
gbr,0.9777271569400716,4.678064484977921,78.23465436927208,8.56223693173944,0.01040533735516698
