,R2,MAE,MSE,RMSE,MAPE
xgb,0.9824216789927427,3.865677651196304,65.90320004715527,7.841778311265204,0.008565107529798494
gbr,0.982322604376329,4.4711895645072985,65.51613811044183,7.915353907196336,0.009980962676078781
