,R2,MAE,MSE,RMSE,MAPE
xgb,0.9835679312997435,3.7346038537961226,56.354972753800766,7.33034666915002,0.008251950578521614
gbr,0.979482840083222,4.691640164180443,71.01164550183705,8.27250544997359,0.01048153644571467
