,R2,MAE,MSE,RMSE,MAPE
xgb,0.9767611776058087,4.1987050402944925,86.03004301534703,9.155274241968847,0.009257780660811149
gbr,0.974633856219171,5.024562223008629,94.01262447846679,9.5947602946381,0.01120780823836571
