,R2,MAE,MSE,RMSE,MAPE
xgb,0.9808211584512406,3.8869380329556975,69.40959093710748,8.205292446031157,0.008649074205299416
gbr,0.9788872937785822,4.701530637234134,76.08167763012213,8.61241212158928,0.010613222162946263
