,R2,MAE,MSE,RMSE,MAPE
xgb,0.9738186412060426,4.390394614759342,99.9549317604876,9.700634254111758,0.009673625419752158
