,R2,MAE,MSE,RMSE,MAPE
xgb,0.9785635902948764,3.9689422917041894,83.89018338913839,8.759972760951745,0.00888385046074901
