,R2,MAE,MSE,RMSE,MAPE
xgb,0.9743185806493267,4.195723194383328,93.55248208578075,9.470354107909392,0.009306999600307488
