,R2,MAE,MSE,RMSE,MAPE
xgb,0.9735458181602216,4.662815188448623,102.2663279862401,9.899231161306517,0.010329266648613819
