,R2,MAE,MSE,RMSE,MAPE
xgb,0.9791915234503685,4.037256459014491,77.98393951047068,8.74830935982371,0.008955923501545867
gbr,0.9774293131720357,4.8003935466817635,84.2593358069184,9.078436575594854,0.01072359037599403
