,R2,MAE,MSE,RMSE,MAPE
xgb,0.9776821039941215,4.255996052744469,85.73607232376705,9.037180317407643,0.00942295398534055
gbr,0.9759806937487134,4.950619933563723,91.93466834762737,9.429862783722339,0.011099349785749604
