,R2,MAE,MSE,RMSE,MAPE
xgb,0.9691493466490975,4.399924193411534,121.15454632300296,10.733749704633055,0.009844484998311386
