,R2,MAE,MSE,RMSE,MAPE
xgb,0.9750916114294228,4.38082240660043,92.82946873257369,9.49113988534046,0.009779378088754884
