,R2,MAE,MSE,RMSE,MAPE
xgb,0.9714744112799906,4.222382383525439,99.16293941293489,9.458392260557972,0.009185641696396633
