,R2,MAE,MSE,RMSE,MAPE
xgb,0.971918915330089,4.409757972667714,107.26339152258004,10.085568805971459,0.009823556338896965
