,R2,MAE,MSE,RMSE,MAPE
xgb,0.9780329663916035,4.112816051126419,85.36595878391195,9.037579393507443,0.009155385425040031
