,R2,MAE,MSE,RMSE,MAPE
xgb,0.9833687631593527,3.6568513171834405,64.02950689466462,7.797854681077213,0.008048543463022601
gbr,0.9807029067912338,4.563647448704293,74.27324046099234,8.520239947982473,0.010189104668407747
