,R2,MAE,MSE,RMSE,MAPE
xgb,0.9705834518343167,4.623177047296691,116.7291618842954,10.766833180188438,0.010359526137512516
