,R2,MAE,MSE,RMSE,MAPE
xgb,0.9760774090145002,4.097803760473695,88.91575278592933,9.237958052614193,0.009125100867370641
