,Neogonodactylus_oerstedii|334,Neogonodactylus_oerstedii|383,Bombus_impatiens|539,Bombus_impatiens|424,Bombus_impatiens|347
Neogonodactylus_oerstedii|334,0.0,6.900000000000034,-149.5,-54.89999999999998,38.200000000000045
Neogonodactylus_oerstedii|383,,0.0,-156.40000000000003,-61.80000000000001,31.30000000000001
Bombus_impatiens|539,,,0.0,94.60000000000002,187.70000000000005
Bombus_impatiens|424,,,,0.0,93.10000000000002
Bombus_impatiens|347,,,,,0.0
