,R2,MAE,MSE,RMSE,MAPE
gbr,0.9772488075665315,3.8158324583560264,63.72154553361238,7.818187206739962,0.007966320619418732
