,R2,MAE,MSE,RMSE,MAPE
gbr,0.9742808775679036,3.58258584170071,70.69915512064037,8.102904932827402,0.007553866202372972
