,R2,MAE,MSE,RMSE,MAPE
gbr,0.9791948660720695,3.684639666291639,61.07105783344092,7.533307563832951,0.007754192867201959
