,R2,MAE,MSE,RMSE,MAPE
gbr,0.9746501944339242,3.9853752544993633,79.91516458824259,8.60140033917499,0.008560341110369131
