,R2,MAE,MSE,RMSE,MAPE
gbr,0.9751630874229031,3.8492357481165884,70.71573957337367,8.037306000842253,0.0082337936765637
