,R2,MAE,MSE,RMSE,MAPE
gbr,0.974842154182428,3.8012085585038173,73.30942438560719,8.233979167908728,0.00804103011455452
