,R2,MAE,MSE,RMSE,MAPE
gbr,0.9769890823027575,3.6606489997822047,66.50249723551539,7.879039983971682,0.007760170200984984
