,R2,MAE,MSE,RMSE,MAPE
gbr,0.9765358392988169,3.7178983763762616,60.74700676838704,7.467446617913149,0.007748178033231147
