,R2,MAE,MSE,RMSE,MAPE
gbr,0.9790177905214703,3.517018055248306,59.15715463515706,7.444680049405527,0.007479460437586764
