,R2,MAE,MSE,RMSE,MAPE
gbr,0.9847477543653731,3.2736343690225382,46.29212685316851,6.709295988461804,0.006936558081034548
