,R2,MAE,MSE,RMSE,MAPE
gbr,0.9849625321654274,3.3233884981306274,44.91000753296308,6.555486882993252,0.007022280990950855
