,R2,MAE,MSE,RMSE,MAPE
gbr,0.9722598844699512,3.70620323161299,76.27404601696219,8.566888919683555,0.007801585189113537
