,R2,MAE,MSE,RMSE,MAPE
gbr,0.9780297390549526,3.793038241635135,66.86544567680657,7.705073366188897,0.008101456480043349
