,R2,MAE,MSE,RMSE,MAPE
gbr,0.9772803882168144,3.9756644912328767,68.11491565828088,8.02795600257029,0.008327486778616567
