,R2,MAE,MSE,RMSE,MAPE
gbr,0.9769653850203998,3.790549596381939,70.64439093322422,8.10632768595646,0.007987379798842825
