,R2,MAE,MSE,RMSE,MAPE
gbr,0.9729425426921081,3.822043441321944,85.13652654892331,8.406994188084232,0.008165579805907599
