,R2,MAE,MSE,RMSE,MAPE
gbr,0.976287868027389,3.745844256602576,66.66712137319792,7.936393045262347,0.007840194329891822
