,R2,MAE,MSE,RMSE,MAPE
gbr,0.974791605490883,3.9627411132203925,68.23910182916374,7.914901333230463,0.008325142481380356
