,R2,MAE,MSE,RMSE,MAPE
gbr,0.9737340654059707,3.987538139964933,77.5575124319913,8.362283532187444,0.00838035776859237
