,R2,MAE,MSE,RMSE,MAPE
gbr,0.9736885332873884,3.9708465027987616,75.13116945466139,8.38999539105744,0.008492838461602915
