,R2,MAE,MSE,RMSE,MAPE
gbr,0.9655844142612333,4.090459990663981,107.14071079033798,9.530618454804385,0.008758552798368058
