,R2,MAE,MSE,RMSE,MAPE
gbr,0.9794926760857653,3.55643959395375,65.31314900372685,7.5638225243707025,0.0076112412176734725
