,R2,MAE,MSE,RMSE,MAPE
gbr,0.9818623573905103,3.754530818476124,56.55631674111025,7.3739331333591425,0.007960497543749005
