,R2,MAE,MSE,RMSE,MAPE
gbr,0.9791692628765191,3.59163082583125,59.758055784077364,7.459676343248205,0.007575057354679164
