,R2,MAE,MSE,RMSE,MAPE
gbr,0.9716247655031889,3.9380090197023483,88.05702536223919,8.714975036146098,0.008629654985241299
