,R2,MAE,MSE,RMSE,MAPE
gbr,0.9763979434313527,3.989385855756285,77.48491674480603,8.3079064319125,0.008487478609352752
