,R2,MAE,MSE,RMSE,MAPE
gbr,0.9778595951657219,3.7152039761665208,59.89848408108277,7.552361232062523,0.007862332724479424
