,R2,MAE,MSE,RMSE,MAPE
gbr,0.9783028335462584,3.8145621820538564,63.02181634694749,7.609174948012162,0.008108905612795423
