,R2,MAE,MSE,RMSE,MAPE
gbr,0.9801572363518252,3.7494140789832606,58.17345313805998,7.345192660177086,0.007938343792412633
