,R2,MAE,MSE,RMSE,MAPE
gbr,0.9793800693548731,3.7893382786009924,58.760592958957204,7.431332852285985,0.007852560618103679
