,R2,MAE,MSE,RMSE,MAPE
gbr,0.9838459171844575,3.502859108906833,49.32610228072608,6.811614112459933,0.007414193714862706
