,R2,MAE,MSE,RMSE,MAPE
gbr,0.9689285444031766,4.052798494944475,91.18447231092696,9.049147936831899,0.00852515283895312
