,R2,MAE,MSE,RMSE,MAPE
gbr,0.9829235439924435,3.4079760583358416,46.56379618647726,6.7234567716380536,0.00707512437358909
