,R2,MAE,MSE,RMSE,MAPE
gbr,0.9778857263765877,3.719465129133929,64.15316512937653,7.831917741443881,0.0077310843910670226
