,R2,MAE,MSE,RMSE,MAPE
gbr,0.9825827677813784,3.4560600946490325,50.55510544632071,6.9379568894706525,0.007213283117398541
