,R2,MAE,MSE,RMSE,MAPE
gbr,0.9840801631831295,3.440742339394255,50.84746353364339,6.789608819877711,0.007201894360599268
