,R2,MAE,MSE,RMSE,MAPE
gbr,0.9794651771836328,3.449691047262082,52.329562823100886,6.698847361675914,0.007319826636316239
