,R2,MAE,MSE,RMSE,MAPE
gbr,0.9823652348783039,3.656002137988081,53.92743373773446,7.206025986544415,0.007698396310467409
