,R2,MAE,MSE,RMSE,MAPE
gbr,0.9724484220713837,4.085738467618421,79.65834814319399,8.625551158804006,0.008726699540496893
