,R2,MAE,MSE,RMSE,MAPE
gbr,0.9829205527705531,3.5458706222059626,57.2586436755965,7.38760150257375,0.007484853357957575
