,R2,MAE,MSE,RMSE,MAPE
gbr,0.9776389296905185,3.447287278437417,68.76133279540633,7.928518715946313,0.007410349349799417
