,R2,MAE,MSE,RMSE,MAPE
gbr,0.9660475070100649,4.443193092343137,105.41640212506259,10.074370053337063,0.009443309943577229
