,R2,MAE,MSE,RMSE,MAPE
gbr,0.9790379754196437,3.5649497876106784,63.04286607959067,7.432190432375729,0.007607988236026632
