,R2,MAE,MSE,RMSE,MAPE
gbr,0.9850096019490865,3.493008833939546,43.29906292914018,6.550487475338725,0.00737570518080404
