,R2,MAE,MSE,RMSE,MAPE
gbr,0.981782443242355,3.2048994154914654,50.21615265115591,6.593901155476274,0.006718777752584756
