,R2,MAE,MSE,RMSE,MAPE
gbr,0.9743667268926612,3.9564138666406463,73.80353604559076,8.286256889981495,0.008556331085847389
