,R2,MAE,MSE,RMSE,MAPE
gbr,0.97409146143783,4.072233456180629,77.07396169224407,8.467217796187182,0.008692471822555262
