,R2,MAE,MSE,RMSE,MAPE
gbr,0.9779889674146475,3.6238097628595654,59.682218074539335,7.43381468068077,0.007706822345813559
