,R2,MAE,MSE,RMSE,MAPE
gbr,0.9740397322748262,3.7435018065241636,69.07211390129098,7.946236553931888,0.00794737870722928
