,R2,MAE,MSE,RMSE,MAPE
gbr,0.976297001523925,3.8394187652900436,74.19024781173906,8.110606481412072,0.008223358103211597
