,R2,MAE,MSE,RMSE,MAPE
gbr,0.9792692162792722,3.5730407486239053,62.97744421915563,7.545797302735124,0.007591820584374342
