,R2,MAE,MSE,RMSE,MAPE
gbr,0.9439836398766793,6.7291201708535695,176.29630391083404,12.358681872696376,0.014127035519189035
