,R2,MAE,MSE,RMSE,MAPE
gbr,0.9638748599603864,6.121346360448158,130.53355256214792,10.650227557563984,0.012937091326498285
