,R2,MAE,MSE,RMSE,MAPE
gbr,0.9519193382426867,7.293493919642676,181.0511801673068,12.68834764755754,0.015221587845283612
