,R2,MAE,MSE,RMSE,MAPE
gbr,0.9658569778810175,5.193083023744412,120.68489559753966,9.831258963261494,0.011039254329979521
