,R2,MAE,MSE,RMSE,MAPE
gbr,0.9365918101895927,6.858452626143932,173.6127871543746,11.692208551797055,0.01464556861332517
