,R2,MAE,MSE,RMSE,MAPE
gbr,0.9577366512735624,6.340577747286796,153.99168011535323,11.626992974588356,0.013646720299923556
