,R2,MAE,MSE,RMSE,MAPE
gbr,0.9136229314552123,7.426768656791661,270.3402044063472,15.278918803849521,0.016266058807557
