,R2,MAE,MSE,RMSE,MAPE
gbr,0.9533303534322938,6.874121497789335,158.29699561666013,11.726478854054287,0.014677033125293056
