,R2,MAE,MSE,RMSE,MAPE
gbr,0.9576064136235933,6.560229382547725,140.88859092325487,11.411712514074518,0.013704630062981806
