,R2,MAE,MSE,RMSE,MAPE
gbr,0.9410676244222775,7.0137167156975595,203.5791969230801,13.020030314768453,0.015002766182273414
