,R2,MAE,MSE,RMSE,MAPE
gbr,0.9580299425408823,5.622287680107216,152.0448811630063,11.38281296352731,0.011987068417928601
