,R2,MAE,MSE,RMSE,MAPE
gbr,0.9786345571823812,4.976405498839798,80.65619105116085,8.257706459548277,0.010464625519526354
