,R2,MAE,MSE,RMSE,MAPE
gbr,0.9300666713983675,7.129504099377731,224.09477688056853,14.080042041982633,0.015578677570217437
