,R2,MAE,MSE,RMSE,MAPE
gbr,0.963846897040343,6.14583895086029,120.4280665508702,10.258540961816278,0.013158120764623651
