,R2,MAE,MSE,RMSE,MAPE
gbr,0.9427155273687398,7.420403518132583,206.68554926333405,13.161587118538241,0.01576597118496998
