,R2,MAE,MSE,RMSE,MAPE
gbr,0.9498745754380404,6.641351394648472,188.96075235660584,12.693383304237456,0.014142869821917706
