,R2,MAE,MSE,RMSE,MAPE
gbr,0.9529444587776936,6.5080575454736005,147.03608728409932,11.462543389426147,0.013881045843694827
