,R2,MAE,MSE,RMSE,MAPE
gbr,0.9501713738164298,7.220474033721375,189.29660913943897,12.91615793117602,0.015550264145027418
