,R2,MAE,MSE,RMSE,MAPE
gbr,0.9195021421479994,6.998641919559955,240.68334276665897,14.70334600758506,0.014933971749102663
