,R2,MAE,MSE,RMSE,MAPE
gbr,0.951772073537717,7.066059668622627,184.7061214365761,12.530168351950042,0.015255770646549361
