,R2,MAE,MSE,RMSE,MAPE
gbr,0.954427629282842,6.2595527978964025,160.16429169415684,11.573117229182738,0.013509047886719644
