,R2,MAE,MSE,RMSE,MAPE
gbr,0.9396427205507617,6.680821602838286,200.62595187813434,13.19353391856303,0.014603391075676047
