,R2,MAE,MSE,RMSE,MAPE
gbr,0.9505919342348015,7.22617435748518,178.12494331713407,12.739361214205664,0.01563613871919236
