,R2,MAE,MSE,RMSE,MAPE
gbr,0.9475857961116068,7.23219897039917,170.49244998671685,12.634075495037818,0.015138920695115554
