,R2,MAE,MSE,RMSE,MAPE
gbr,0.9343451696428374,7.585496228853444,261.1496534848445,14.409066214227234,0.016623649842291775
