,R2,MAE,MSE,RMSE,MAPE
gbr,0.9442808449801039,6.987897196003837,198.24240688297218,12.884039273381287,0.015335587066533258
