,R2,MAE,MSE,RMSE,MAPE
gbr,0.9553208405600968,5.884069847673432,127.48135857676166,10.534193945936568,0.0125801225026862
