,R2,MAE,MSE,RMSE,MAPE
gbr,0.9567773070945549,6.746861591181636,157.4894507620731,11.902177991967742,0.014096103651504691
