,R2,MAE,MSE,RMSE,MAPE
gbr,0.9449585353223409,6.712611280615834,178.4826672866092,12.061270163228354,0.014629030713211949
