,R2,MAE,MSE,RMSE,MAPE
gbr,0.9239296195632101,7.908208090661955,243.97841121830584,14.261233109237732,0.01749070228884505
