,R2,MAE,MSE,RMSE,MAPE
gbr,0.949285673013636,6.481305373082686,166.17277282179674,12.131373802974613,0.01340743385678852
