,R2,MAE,MSE,RMSE,MAPE
gbr,0.9125074280953855,8.327994373452698,281.78012037472934,15.421783333391454,0.01792473271768022
