,R2,MAE,MSE,RMSE,MAPE
gbr,0.9598188010295097,6.455793294246831,135.91633057607277,11.151185039367999,0.013149175094259965
