,R2,MAE,MSE,RMSE,MAPE
gbr,0.9572514951241065,6.658923500489341,134.2897949920788,11.128320508031882,0.014016547213567727
