,R2,MAE,MSE,RMSE,MAPE
gbr,0.959486339344305,6.494152039418059,140.8544315238478,11.458482142115146,0.014289191097834433
