,R2,MAE,MSE,RMSE,MAPE
gbr,0.9297144143950126,7.38578650068969,210.27034465213836,13.47995551795185,0.015595438015425128
