,R2,MAE,MSE,RMSE,MAPE
gbr,0.951922822861687,6.65076918239059,175.04323694174207,12.746483110673221,0.014146063775103301
