,R2,MAE,MSE,RMSE,MAPE
gbr,0.9344671758108174,7.310540814909442,203.0058514732582,13.56705889276465,0.015861235416353526
