,R2,MAE,MSE,RMSE,MAPE
gbr,0.946546009012715,7.17484579196429,190.93825362921947,12.591405429795453,0.015417816497537267
