,R2,MAE,MSE,RMSE,MAPE
gbr,0.9734139664729978,5.786599622587242,101.02195381664474,9.422284303603611,0.011973577467481272
