,R2,MAE,MSE,RMSE,MAPE
gbr,0.9910912858953662,2.250912609480593,23.327328353755625,4.562620727380667,0.004836319412364782
