,R2,MAE,MSE,RMSE,MAPE
gbr,0.9864524983117595,2.6062129432619026,41.29096169625566,5.752313695119307,0.005747405630482249
