,R2,MAE,MSE,RMSE,MAPE
gbr,0.9887964141277481,2.23550162039371,28.041023292838332,4.710453370145556,0.004856662557375574
