,R2,MAE,MSE,RMSE,MAPE
gbr,0.9767918245464223,3.1247830485958983,56.941598999050754,6.760754595597024,0.006626496323537757
