,R2,MAE,MSE,RMSE,MAPE
gbr,0.9733370706551006,3.061764964592475,58.10669821255774,6.469831808785564,0.006645460388697991
