,R2,MAE,MSE,RMSE,MAPE
gbr,0.9878525128666688,2.8150676481794354,33.36627196142575,5.563113879782952,0.005871458713401348
