,R2,MAE,MSE,RMSE,MAPE
gbr,0.9780730605156384,3.1198872293219675,47.87405113883258,6.464651120335892,0.006525077662800057
