,R2,MAE,MSE,RMSE,MAPE
gbr,0.9736607722682834,3.0030247825876706,45.33111863575092,6.008670282402329,0.006411725294434535
