,R2,MAE,MSE,RMSE,MAPE
gbr,0.9767049218390479,3.077494606499807,60.60582129473837,6.8488676623634195,0.006754947247946086
