,R2,MAE,MSE,RMSE,MAPE
gbr,0.9780179121218351,2.8395817797375464,48.31972851890957,6.545860128844406,0.006270895011617217
