,R2,MAE,MSE,RMSE,MAPE
gbr,0.9907432967744836,2.3695582010086875,26.415116722962843,4.635560430465642,0.005156158551593038
