,R2,MAE,MSE,RMSE,MAPE
gbr,0.9878747438336456,2.722063277740703,32.74311826388318,5.270309864559481,0.005933350965974049
