,R2,MAE,MSE,RMSE,MAPE
gbr,0.9776867990306952,3.0215709752459654,42.334658392484656,6.281931762481754,0.006648781313435703
