,R2,MAE,MSE,RMSE,MAPE
gbr,0.9890058818442056,2.428419363215194,22.522493520313386,4.577884344272296,0.005130230716823803
