,R2,MAE,MSE,RMSE,MAPE
gbr,0.987208592838668,2.5521948723357166,31.283570256109435,5.371937106416552,0.005451737799571082
