,R2,MAE,MSE,RMSE,MAPE
gbr,0.9852815885300613,2.648515834761497,27.966179772221164,5.001863945041443,0.005671762113875522
