,R2,MAE,MSE,RMSE,MAPE
gbr,0.9772946611294605,3.280403012611697,57.59404433513813,6.800653358917271,0.007096117119726264
