,R2,MAE,MSE,RMSE,MAPE
gbr,0.974121737937424,2.7561833507441897,68.18270017406061,6.614659397582227,0.005870677310776634
