,R2,MAE,MSE,RMSE,MAPE
gbr,0.9835203930786843,2.662507988364443,32.57909600250209,5.079556647402136,0.0056938274770474235
