,R2,MAE,MSE,RMSE,MAPE
gbr,0.9622955012071073,3.498274610459378,69.232108309732,7.4447865603746335,0.007625432788673036
