,R2,MAE,MSE,RMSE,MAPE
gbr,0.9880307544892475,2.6929717141227507,37.095750859439455,5.578858639620005,0.005690881466350621
