,R2,MAE,MSE,RMSE,MAPE
gbr,0.9827010723221153,2.9603815976131225,40.238599022496004,5.991093886032916,0.006383441810235202
