,R2,MAE,MSE,RMSE,MAPE
gbr,0.9868804200375847,2.713266129372651,34.87635816054244,5.513504176955847,0.005828481946219082
