,R2,MAE,MSE,RMSE,MAPE
gbr,0.9864030842997336,2.741789090219353,35.569992456774585,5.648250602173986,0.006013065508982455
