,R2,MAE,MSE,RMSE,MAPE
gbr,0.98878829491315,2.4534739434902066,30.15248414199583,5.210508343770674,0.005189715350500991
