,R2,MAE,MSE,RMSE,MAPE
gbr,0.9831475882973674,2.87383078324413,42.15096634198194,5.741829145376778,0.006077550001878514
