,R2,MAE,MSE,RMSE,MAPE
gbr,0.987073507390704,2.841043468375408,36.52594639088942,5.608852470066703,0.0060050608942252195
