,R2,MAE,MSE,RMSE,MAPE
gbr,0.9822682495803855,2.667960628011884,42.43300645254658,5.928924033347059,0.0058710447267896265
