,R2,MAE,MSE,RMSE,MAPE
gbr,0.9908585803417711,2.54924414447557,27.481836169185158,4.97587699460083,0.005320045540795695
