,R2,MAE,MSE,RMSE,MAPE
gbr,0.9832046236847395,3.1628189686724775,41.98744543665101,6.128159244143107,0.006898971223025574
