,R2,MAE,MSE,RMSE,MAPE
gbr,0.9840610003537946,2.6369405308688747,34.55333884686069,5.160970235956532,0.005756060399091353
