,R2,MAE,MSE,RMSE,MAPE
gbr,0.9836857845363053,2.626644840138294,35.277481645979876,5.366657557876833,0.005678566465960337
