,R2,MAE,MSE,RMSE,MAPE
gbr,0.982740472588213,2.5077875774971323,46.91841250712152,5.19438671853385,0.005307241718551557
