,R2,MAE,MSE,RMSE,MAPE
gbr,0.9859215330002502,2.5441349877587425,34.5692122845993,5.2247347118637935,0.005492412614885214
