,R2,MAE,MSE,RMSE,MAPE
gbr,0.9783036372851474,3.185204675558628,43.54183455087475,6.058123199318883,0.006717325372769115
