,R2,MAE,MSE,RMSE,MAPE
gbr,0.9747443717137443,3.1614960981835196,52.12426321407328,6.502751519932298,0.006847534117314247
