,R2,MAE,MSE,RMSE,MAPE
gbr,0.9856151214081942,2.8149918276502826,35.365425878432475,5.39871171932793,0.005822238084287664
