,R2,MAE,MSE,RMSE,MAPE
gbr,0.9890418373275628,2.3300381570117468,25.366217178531365,4.772202618201455,0.005031766418649226
