,R2,MAE,MSE,RMSE,MAPE
gbr,0.9889533073043235,2.4656329052288775,22.74104750703649,4.5130851809305295,0.005252926652143863
