,R2,MAE,MSE,RMSE,MAPE
gbr,0.9854468491727186,2.6619507024482534,36.757895422419736,5.774827812177039,0.005819030124303688
