,R2,MAE,MSE,RMSE,MAPE
gbr,0.9916085458490531,2.1350797016825798,19.099476766064836,4.116274890172423,0.004557845575383773
