,R2,MAE,MSE,RMSE,MAPE
gbr,0.9795188002205328,2.880587363509859,50.411002618094685,6.482447864758302,0.006196897753301812
