,R2,MAE,MSE,RMSE,MAPE
gbr,0.9870231137796186,2.5733911444118887,32.96326145769682,5.280711248529946,0.005475893350711812
