,R2,MAE,MSE,RMSE,MAPE
gbr,0.9805665048193554,2.6130993621352347,40.11299534445216,5.908417117601185,0.005589358524660635
