,R2,MAE,MSE,RMSE,MAPE
gbr,0.9901013578351939,2.5481348928561522,31.050632142254738,5.288588163540351,0.005608684593498325
