,R2,MAE,MSE,RMSE,MAPE
xgb,0.9907847186150223,2.7952583656115007,33.30977587613902,5.431938405809022,0.006233636798465793
