,R2,MAE,MSE,RMSE,MAPE
xgb,0.9924785445791493,2.5952718815426175,28.53009770935072,5.179889515144294,0.005742286478961702
