,R2,MAE,MSE,RMSE,MAPE
xgb,0.9924659881325928,2.42024987536826,28.402820702035864,5.084093310369748,0.005405059135557923
