,R2,MAE,MSE,RMSE,MAPE
xgb,0.9904497986776342,2.7280730762174583,34.531726184530534,5.670151311693208,0.006034303583910206
