,R2,MAE,MSE,RMSE,MAPE
xgb,0.9925194979930326,2.3272663275315852,27.067233030247962,5.0495843364403665,0.00509015321429226
