,R2,MAE,MSE,RMSE,MAPE
xgb,0.9871306781591496,2.821713872425358,45.8576881325711,6.576154694111497,0.00638796964128151
