,R2,MAE,MSE,RMSE,MAPE
xgb,0.9906671985370716,2.6587083587176017,32.6618131404576,5.532917201408045,0.005866749764096655
