,R2,MAE,MSE,RMSE,MAPE
xgb,0.9949309360465055,2.3612992818112977,19.241705558414075,4.278498520312185,0.005221372058600115
