,R2,MAE,MSE,RMSE,MAPE
xgb,0.9905399548535019,2.728350587714817,34.26667782562454,5.578885836798472,0.006110297106780843
