,R2,MAE,MSE,RMSE,MAPE
xgb,0.990900977448749,2.6570666703383945,34.22840124787767,5.579317556434445,0.005966041042114982
