,R2,MAE,MSE,RMSE,MAPE
xgb,0.9859096797110135,2.922642647147628,48.012038018732454,6.698438090786709,0.006507985056655417
