,R2,MAE,MSE,RMSE,MAPE
xgb,0.9890009305902836,2.951641454902485,40.58549230754104,6.268971581054199,0.0065308185851059904
