,R2,MAE,MSE,RMSE,MAPE
xgb,0.9916482329244183,2.5939055713367365,32.810712746576556,5.5035818743322995,0.005837223514707504
