,R2,MAE,MSE,RMSE,MAPE
xgb,0.9900876777048842,2.655362058110905,34.0614517669618,5.694310587738866,0.005843239291663064
