,R2,MAE,MSE,RMSE,MAPE
xgb,0.9905486453242082,2.8691914299196806,35.537300791730885,5.721145883020055,0.006347253497273017
