,R2,MAE,MSE,RMSE,MAPE
xgb,0.9906502444260973,2.7102798838914355,35.815861660310134,5.7544650465904015,0.005950864247076381
