,R2,MAE,MSE,RMSE,MAPE
xgb,0.9939676432352937,2.375114887766824,22.185051099362756,4.608128679621117,0.005213989856046363
