,R2,MAE,MSE,RMSE,MAPE
xgb,0.9919496502755182,2.3808183557785467,29.359869237287977,5.173345585624904,0.005275838737774289
