,R2,MAE,MSE,RMSE,MAPE
xgb,0.9916346257965273,2.627169766746592,30.90543848492451,5.433716382556357,0.005811050084536006
