,R2,MAE,MSE,RMSE,MAPE
xgb,0.9948614876418166,2.290102464707921,20.59363498084333,4.354983123921612,0.005071134629380027
