,R2,MAE,MSE,RMSE,MAPE
xgb,0.9909095803146318,2.6489838662168763,32.67886480702869,5.541922133807155,0.005901782187134131
