,R2,MAE,MSE,RMSE,MAPE
xgb,0.9904182706718034,2.7860434234085942,36.28104851788774,5.757776315198501,0.006109560754505347
