,R2,MAE,MSE,RMSE,MAPE
xgb,0.9900826113455556,2.764933601026545,39.47363300735345,6.01275507587521,0.006161400726546759
