,R2,MAE,MSE,RMSE,MAPE
xgb,0.9908216841824972,2.6024096292023304,34.345200933273624,5.658749285524157,0.0058182003766016266
