,R2,MAE,MSE,RMSE,MAPE
xgb,0.9912461907075489,2.7145654221914044,32.214241295645856,5.451058512624554,0.00596771315500849
