,R2,MAE,MSE,RMSE,MAPE
xgb,0.9924652681335668,2.589525258821263,29.665758766803187,5.211222288351851,0.005780949919611207
