,R2,MAE,MSE,RMSE,MAPE
xgb,0.9918613011510488,2.579373776379984,30.696008546299947,5.398396414291964,0.005765289764638649
