,R2,MAE,MSE,RMSE,MAPE
xgb,0.9929264169152855,2.5789003462443496,26.21573798481134,5.008368572295915,0.005646181171683874
