,R2,MAE,MSE,RMSE,MAPE
xgb,0.9919946314878245,2.511120906305787,27.45285190465478,5.134239604323163,0.00556794600205473
