,R2,MAE,MSE,RMSE,MAPE
xgb,0.9911886494786184,2.590207805010177,31.849563993587328,5.409291467589646,0.00575188936241635
