,R2,MAE,MSE,RMSE,MAPE
xgb,0.9908579967575852,2.4914770736250005,33.32231419172904,5.437885062115344,0.005475743091676084
