,R2,MAE,MSE,RMSE,MAPE
xgb,0.9904472758207573,2.719174940840436,33.805542589456245,5.540599444260401,0.005984849845096105
