,R2,MAE,MSE,RMSE,MAPE
xgb,0.9907504326183447,3.143706996059124,35.536397483387034,5.840428809675414,0.006852308619857023
