,R2,MAE,MSE,RMSE,MAPE
xgb,0.9902044713604191,2.9444063131365725,34.906079461070455,5.768332668161882,0.006505853318103405
