,R2,MAE,MSE,RMSE,MAPE
xgb,0.991411592539904,2.7160008234100497,31.91499607801518,5.556736471592533,0.005995648055138328
