,R2,MAE,MSE,RMSE,MAPE
xgb,0.9905452704924345,2.836582200691038,36.071179256866905,5.689819278429605,0.006274024973644747
