,R2,MAE,MSE,RMSE,MAPE
xgb,0.991041498641024,2.7870370524381283,32.14932306059244,5.60024444740974,0.006163397771703809
