,R2,MAE,MSE,RMSE,MAPE
xgb,0.9901011728092014,2.7145762750848426,38.032872415137646,5.908051588602999,0.005995761044424899
