,R2,MAE,MSE,RMSE,MAPE
xgb,0.9922179753543217,2.4785886996387823,29.077845106520794,5.074655493405036,0.00547523036416238
