,R2,MAE,MSE,RMSE,MAPE
xgb,0.9913291215489423,2.665057748343039,32.37980681094413,5.370111213912149,0.005909258906659843
