,R2,MAE,MSE,RMSE,MAPE
xgb,0.9924860013611412,2.5497036450220407,28.345746754744454,5.01134801610962,0.0056111052939008445
