,R2,MAE,MSE,RMSE,MAPE
xgb,0.9923404259248878,2.563765269933886,26.09146511339202,5.01359497482691,0.005635552201569807
