,R2,MAE,MSE,RMSE,MAPE
xgb,0.9931124144754134,2.5860724079880906,24.899166075773145,4.855536655649085,0.005734921783400576
