,R2,MAE,MSE,RMSE,MAPE
xgb,0.990722832928167,2.6248733282451884,35.252745444684734,5.503529660235278,0.005834619040637205
