,R2,MAE,MSE,RMSE,MAPE
xgb,0.9905019459413194,2.602145380065228,35.290700996131875,5.5612095982493965,0.005724130346595994
