,R2,MAE,MSE,RMSE,MAPE
xgb,0.9915864969208137,2.749206820711121,29.996700439764066,5.370401040162425,0.006089767646918677
