,R2,MAE,MSE,RMSE,MAPE
xgb,0.9922939018882015,2.5173248989919395,27.426842850392582,5.069710465842089,0.00556765913096593
