,R2,MAE,MSE,RMSE,MAPE
xgb,0.9920870336282818,2.435536238730138,29.60500548752618,5.225373171243719,0.005408603505261598
