,R2,MAE,MSE,RMSE,MAPE
xgb,0.9914720494513347,2.593475774552652,29.82664584223271,5.149170410189241,0.005780762557047651
