,R2,MAE,MSE,RMSE,MAPE
xgb,0.9930981221628926,2.649627585891666,27.476438355227163,5.084054681859165,0.005858785872613831
