,R2,MAE,MSE,RMSE,MAPE
xgb,0.9901685031720934,2.8792396326486527,34.98692807546955,5.768002554103074,0.006404788540885916
