,R2,MAE,MSE,RMSE,MAPE
xgb,0.9919751813771681,2.519442830539558,27.34873399841907,5.156752340903265,0.005563877200490551
