,R2,MAE,MSE,RMSE,MAPE
xgb,0.9879964343063035,2.832318084309059,42.786094958153804,6.204771107879841,0.006322096977094749
