,R2,MAE,MSE,RMSE,MAPE
xgb,0.9911744975558641,2.5062561134163257,30.274621210937255,5.191340855638427,0.005518330520375624
