,R2,MAE,MSE,RMSE,MAPE
xgb,0.9940430318833338,2.406485566534217,21.737902190189022,4.567301189624783,0.005233261245443399
