,R2,MAE,MSE,RMSE,MAPE
xgb,0.9909871958513887,2.6611351448626257,34.521451177932946,5.662684375495745,0.005906287606415142
