,R2,MAE,MSE,RMSE,MAPE
xgb,0.9930568748779149,2.4902773533579667,26.469995151561346,4.987560989306272,0.005533696218204912
