,R2,MAE,MSE,RMSE,MAPE
xgb,0.9902472930898083,2.9523878801325574,34.996988379982966,5.708374235782759,0.0065397614621664005
