,R2,MAE,MSE,RMSE,MAPE
xgb,0.9934520142180944,2.4246197492515194,23.482839609109156,4.666906843977511,0.0052719613522029165
