,R2,MAE,MSE,RMSE,MAPE
xgb,0.9912977807520628,2.514202195985957,31.543121472146886,5.55793448166132,0.00555565796343274
