,R2,MAE,MSE,RMSE,MAPE
xgb,0.9907781717165097,2.5293232705304782,34.04807925940193,5.705691963550377,0.005600862849154121
