,R2,MAE,MSE,RMSE,MAPE
xgb,0.9910108816367835,2.849169602417954,34.062427847508935,5.608835868573493,0.0061976507112454695
