,R2,MAE,MSE,RMSE,MAPE
xgb,0.9893770641480801,2.829541482944364,40.45614850325651,6.043852977542039,0.006367027027195084
