,R2,MAE,MSE,RMSE,MAPE
xgb,0.9924947112585029,2.483758426333013,26.32387490764113,5.019745961253601,0.005480022706192006
