,R2,MAE,MSE,RMSE,MAPE
xgb,0.9910529761709853,2.6703555847460705,33.906242645842205,5.515757895609611,0.005889546177251069
