,R2,MAE,MSE,RMSE,MAPE
xgb,0.9887528212351373,2.64497328532612,41.878098483599125,5.975442530926335,0.005956769524177395
