,R2,MAE,MSE,RMSE,MAPE
xgb,0.9939349435869858,2.3743030352956755,22.01950333765648,4.455534231681577,0.0052486833366922735
