,R2,MAE,MSE,RMSE,MAPE
xgb,0.993166126481667,2.4242441620678066,25.062755019961795,4.86364241576358,0.005359350935792006
