,R2,MAE,MSE,RMSE,MAPE
xgb,0.993339533452539,2.5896564260171107,27.378960230176897,5.049612436835038,0.005683153202148791
