,R2,MAE,MSE,RMSE,MAPE
xgb,0.9912436902163109,2.5468749067535867,31.65821040074106,5.345523336906217,0.005661798004260545
