,R2,MAE,MSE,RMSE,MAPE
xgb,0.9937000479027065,2.339023861986025,22.397412580227446,4.613654384821226,0.005128486744601622
