,R2,MAE,MSE,RMSE,MAPE
xgb,0.990090493370808,2.800936576014718,36.55089182465017,5.825689986312055,0.006174216403063548
