,R2,MAE,MSE,RMSE,MAPE
xgb,0.9918044426098677,2.615382164657504,31.22004480168362,5.265871627494777,0.0057725469073900285
