,R2,MAE,MSE,RMSE,MAPE
xgb,0.9907277634865613,2.5866321620960764,31.927798898626225,5.485429052689747,0.005726795522741727
