,R2,MAE,MSE,RMSE,MAPE
xgb,0.9889045212856967,2.791792419548597,40.59590591546881,6.08623728796538,0.006146455605606437
