,R2,MAE,MSE,RMSE,MAPE
xgb,0.9923435697359562,2.9902204443685565,28.002159469218874,5.2261494163192825,0.0065775573899840315
