,R2,MAE,MSE,RMSE,MAPE
xgb,0.9908111352389115,2.637716725740502,33.8883540852654,5.605675560002891,0.005865071291540498
