,R2,MAE,MSE,RMSE,MAPE
xgb,0.9920671089613977,2.5614486963756287,28.12139273900062,5.133016296267021,0.0056871633728389145
