,R2,MAE,MSE,RMSE,MAPE
xgb,0.9930674643796117,2.4597307185153108,25.986413905268392,4.858626431515956,0.005446862127605154
