,R2,MAE,MSE,RMSE,MAPE
xgb,0.9910218642823297,2.5700904619322116,33.08364535916708,5.482501152682427,0.005709377397223202
