,R2,MAE,MSE,RMSE,MAPE
xgb,0.9910476518338178,2.7099384715755575,31.166196364702234,5.334221252066088,0.0059454303804290535
