,R2,MAE,MSE,RMSE,MAPE
xgb,0.9914770968055867,2.651198609078,30.87229051123803,5.280539546415733,0.00589543354177627
