,R2,MAE,MSE,RMSE,MAPE
xgb,0.9951557313430269,2.2214255262677414,17.25166231050674,4.114150229412749,0.004917684948558458
