,R2,MAE,MSE,RMSE,MAPE
xgb,0.9903797980250368,2.7750692881694925,35.76331018488025,5.81356342315909,0.006210170779008817
