,R2,MAE,MSE,RMSE,MAPE
xgb,0.9921401292313476,2.640980183595172,27.979108675921033,5.16033565653377,0.005852867043793423
