,R2,MAE,MSE,RMSE,MAPE
xgb,0.991352930626693,2.5638506634703395,32.28774237840988,5.548161737404153,0.005630916131415122
