,R2,MAE,MSE,RMSE,MAPE
xgb,0.9919522502944476,2.6936798597533804,29.606514989791457,5.312385655924181,0.005935116375667228
