,R2,MAE,MSE,RMSE,MAPE
xgb,0.9877949708277635,2.9247007158572806,44.119923701691796,6.343514619916736,0.006506644512361171
