,R2,MAE,MSE,RMSE,MAPE
xgb,0.9926470386634904,2.405556194539346,25.373662711152623,4.851125633902038,0.005273088995827672
