,R2,MAE,MSE,RMSE,MAPE
xgb,0.9897478204930834,2.839148278210579,37.695119796753794,5.814515470595902,0.0062506779393605525
