,R2,MAE,MSE,RMSE,MAPE
xgb,0.9932568175262769,2.391520236573018,23.860290916246747,4.695069057156158,0.00530464988918651
