,R2,MAE,MSE,RMSE,MAPE
xgb,0.9900546292759429,2.6510952304632296,35.0200940197958,5.685135172655893,0.0058664305377902695
