,R2,MAE,MSE,RMSE,MAPE
xgb,0.9887283212736779,2.7630942817105133,38.83938869512556,5.946995645409066,0.006163623985827268
