,R2,MAE,MSE,RMSE,MAPE
xgb,0.991688402054202,2.528978944742504,28.060046010403475,5.188034124296109,0.005618819522751492
