,R2,MAE,MSE,RMSE,MAPE
xgb,0.992567456983221,2.742777468089005,25.072535633610222,4.920103514581588,0.006015256206819341
