,R2,MAE,MSE,RMSE,MAPE
xgb,0.993001360178504,2.5940223023903703,26.533109021777403,5.014889140185886,0.005737845895834712
