,R2,MAE,MSE,RMSE,MAPE
xgb,0.988625700852525,2.874030394629609,42.91861665641017,6.4016498533706185,0.006415812059265865
