,R2,MAE,MSE,RMSE,MAPE
xgb,0.992290789469466,2.398165409162625,26.68323432064603,4.987770119553693,0.005316282858651541
