,R2,MAE,MSE,RMSE,MAPE
xgb,0.9942203847783497,2.2802771548734784,21.18181941379877,4.437557547339412,0.005071889835653666
