,R2,MAE,MSE,RMSE,MAPE
xgb,0.990454344698428,2.6610858988276735,33.57325898901757,5.522711331609215,0.005923509552598298
