,R2,MAE,MSE,RMSE,MAPE
xgb,0.9885509642007418,3.3297045374440963,43.002992561318635,6.377796493957568,0.007305421483467592
