,R2,MAE,MSE,RMSE,MAPE
xgb,0.984667415776976,3.412553419418529,58.92368948810381,7.4458715427961994,0.0074829227511160525
