,R2,MAE,MSE,RMSE,MAPE
xgb,0.9847657930782182,3.305042804847756,59.14984879762392,7.556585602266189,0.007365487826008377
