,R2,MAE,MSE,RMSE,MAPE
xgb,0.9831514544920468,3.5590744455211634,66.35536674796683,7.736666023640245,0.007877968288961538
