,R2,MAE,MSE,RMSE,MAPE
xgb,0.9773854126354248,3.8837593477774504,87.64095950383337,9.080356279854593,0.008536063855622297
