,R2,MAE,MSE,RMSE,MAPE
xgb,0.9837782505802968,3.466351518543037,62.82119090432659,7.845560698989116,0.007536054071655096
