,R2,MAE,MSE,RMSE,MAPE
xgb,0.9834415968878053,3.5014513573338655,59.692897382308956,7.509171543315844,0.007626017737002963
