,R2,MAE,MSE,RMSE,MAPE
xgb,0.9788924872943863,3.7339375565854462,80.30339900872474,8.749842455935923,0.00826897197813679
