,R2,MAE,MSE,RMSE,MAPE
xgb,0.9821141903451738,3.7193422724156364,68.48041402861955,8.071365495546344,0.008135754752019535
