,R2,MAE,MSE,RMSE,MAPE
xgb,0.980087666426855,3.793583632292647,77.37060239933808,8.381197559010968,0.008288072207671018
