,R2,MAE,MSE,RMSE,MAPE
xgb,0.9883237827954705,3.1569660819771097,44.91371628732411,6.387858781201736,0.006934516740379834
