,R2,MAE,MSE,RMSE,MAPE
xgb,0.985375481856828,3.3581955454083188,59.62317481705422,7.381481890470536,0.007380479183365543
