,R2,MAE,MSE,RMSE,MAPE
xgb,0.9775172072156109,3.8446816299588216,85.66931326745618,9.111315725900962,0.008456415583213833
