,R2,MAE,MSE,RMSE,MAPE
xgb,0.9864980995543897,3.402295182639821,54.260542577286664,7.171385498530991,0.007467783962669591
