,R2,MAE,MSE,RMSE,MAPE
xgb,0.9770500659724283,3.9404176523802006,88.80115315728321,9.102309885700588,0.008662713573281272
