,R2,MAE,MSE,RMSE,MAPE
xgb,0.9843734693688784,3.5089554309977444,58.4529329663378,7.455878986105498,0.007737922404244681
