,R2,MAE,MSE,RMSE,MAPE
xgb,0.9812309329544663,3.5605725782301847,72.53213071993176,8.287263561259303,0.007869807422947777
