,R2,MAE,MSE,RMSE,MAPE
xgb,0.9800726310942844,3.68662679214775,75.66826792728935,8.51223626998833,0.008113571841070739
