,R2,MAE,MSE,RMSE,MAPE
xgb,0.9829125428316772,3.4987097294403986,67.53366025176008,7.883637277888932,0.007717237620030425
