,R2,MAE,MSE,RMSE,MAPE
xgb,0.9763311841172966,3.8373530609134967,90.24995804015046,9.050243431420292,0.008449665835392507
