,R2,MAE,MSE,RMSE,MAPE
xgb,0.9788441455776862,3.648120414817644,83.03198555434571,8.912354094780527,0.00803814007734224
