,R2,MAE,MSE,RMSE,MAPE
xgb,0.9860880627952534,3.473257266189268,53.255732340111834,7.218329054161309,0.007615516478481843
