,R2,MAE,MSE,RMSE,MAPE
xgb,0.9856027686989254,3.386822234243188,54.47911067479517,7.258601372614088,0.00745744600555443
