,R2,MAE,MSE,RMSE,MAPE
xgb,0.9804308792626351,3.716754994661057,72.95987227960231,8.213731013379695,0.008171489208062824
