,R2,MAE,MSE,RMSE,MAPE
xgb,0.9827385685189022,3.4958639442541966,63.78269844404993,7.736124010891572,0.007605236490937783
