,R2,MAE,MSE,RMSE,MAPE
xgb,0.9837489782406987,3.5446174002095843,60.759895939749626,7.647322353489711,0.007847728836963408
