,R2,MAE,MSE,RMSE,MAPE
xgb,0.9805652820614895,3.54403119540831,75.94674649887493,8.501903539767682,0.007788201898267494
