,R2,MAE,MSE,RMSE,MAPE
xgb,0.9837609182000664,3.3937565910871634,61.21812405868398,7.532066393608379,0.007451484020203158
