,R2,MAE,MSE,RMSE,MAPE
xgb,0.981974875588266,3.7165804801031905,71.32527323186797,8.231408882032486,0.00819895886251239
