,R2,MAE,MSE,RMSE,MAPE
xgb,0.9811678714244213,3.750676970936425,70.92669288535345,8.193372661184682,0.00828507736430264
