,R2,MAE,MSE,RMSE,MAPE
xgb,0.9790004457840725,3.7984004244025997,77.8758018243761,8.672951759698105,0.008394587998521207
