,R2,MAE,MSE,RMSE,MAPE
xgb,0.975461423355221,3.961030724456865,96.74493153834784,9.574111402009354,0.008689908026674234
