,R2,MAE,MSE,RMSE,MAPE
xgb,0.9823830530500475,3.442079934426959,67.38830105994164,7.908294134232155,0.007609353458905413
