,R2,MAE,MSE,RMSE,MAPE
xgb,0.9852166286139082,3.4729205353334285,57.582893683289896,7.331249887708083,0.007625630869058502
