,R2,MAE,MSE,RMSE,MAPE
xgb,0.9840980697324087,3.5344624686067005,61.604988777229515,7.749578413940137,0.007845422951272472
