,R2,MAE,MSE,RMSE,MAPE
xgb,0.9829277839452188,3.566212870115853,69.41233391512537,8.012611873897793,0.007780664867860461
