,R2,MAE,MSE,RMSE,MAPE
xgb,0.9809381988118335,3.7113912929311503,76.03614925640196,8.507177892992106,0.008194209442881148
