,R2,MAE,MSE,RMSE,MAPE
xgb,0.9784294919035175,3.8721796212575605,80.29148486239207,8.882460758651892,0.008494216411839405
