,R2,MAE,MSE,RMSE,MAPE
xgb,0.9792742123339669,3.708887455700899,81.33704098544627,8.811651745047515,0.00817373837441847
