,R2,MAE,MSE,RMSE,MAPE
xgb,0.9812439306457451,3.7099449497241195,73.12344120855275,8.26940019571045,0.008152989021277673
