,R2,MAE,MSE,RMSE,MAPE
xgb,0.982428851049252,3.4860387495256013,65.67065968734764,7.699583358109281,0.007769604177639304
