,R2,MAE,MSE,RMSE,MAPE
xgb,0.9826968556579769,3.5033776936559056,66.55447775083503,7.74440982559354,0.007804200278105809
