,R2,MAE,MSE,RMSE,MAPE
xgb,0.9785710835567597,3.7780258627374175,82.15788060339413,8.870205645506566,0.00830143864216954
