,R2,MAE,MSE,RMSE,MAPE
xgb,0.9786902882395155,3.8156575642181627,86.42961752153583,8.965510820680642,0.008396649492451594
