,R2,MAE,MSE,RMSE,MAPE
xgb,0.9808665385318003,3.645800333799703,72.10139758027802,8.137201404989073,0.00803733062278321
