,R2,MAE,MSE,RMSE,MAPE
xgb,0.9822535325085194,3.5046827862901906,66.16843201995974,7.849183185623424,0.007719538589843147
