,R2,MAE,MSE,RMSE,MAPE
xgb,0.9780998930335556,3.882604498540713,88.20598731407884,9.219399973726638,0.008563248693018857
