,R2,MAE,MSE,RMSE,MAPE
xgb,0.98592615024592,3.3436903624741645,54.977352916595635,7.056035836580582,0.00735533291308319
