,R2,MAE,MSE,RMSE,MAPE
xgb,0.9805322742703412,3.6452756242457647,71.52461935656659,8.28197999407899,0.007930363045453437
