,R2,MAE,MSE,RMSE,MAPE
xgb,0.9807956700247237,3.743774509162423,76.38983843134474,8.439297579461623,0.008145333922971334
