,R2,MAE,MSE,RMSE,MAPE
xgb,0.9815794042815312,3.5946179197796595,68.39989918438542,7.96957216762142,0.007854674455131137
