,R2,MAE,MSE,RMSE,MAPE
xgb,0.9822171649407295,3.6037844653318674,68.4805007489301,8.07574882023631,0.007961126025369011
