,R2,MAE,MSE,RMSE,MAPE
xgb,0.9742301496332507,4.150177490434024,94.49878076854813,9.459158289530908,0.009092020800592246
