,R2,MAE,MSE,RMSE,MAPE
xgb,0.9827005198371305,3.4499189860367907,67.00539649487648,7.834859275666932,0.007585590003386646
