,R2,MAE,MSE,RMSE,MAPE
xgb,0.9805718681471809,3.4243623147328526,75.6161621593537,8.217535952750815,0.007525592129224016
