,R2,MAE,MSE,RMSE,MAPE
xgb,0.97805138826677,3.8682429843920874,86.04204595343215,8.952935177030493,0.008525499531084675
