,R2,MAE,MSE,RMSE,MAPE
xgb,0.9809787133715424,3.57172151693939,69.32173014519427,7.95297827544051,0.00781757525750351
