,R2,MAE,MSE,RMSE,MAPE
xgb,0.9856973608652497,3.3752019348349656,54.553727996394755,7.095953265820164,0.007462508295852705
