,R2,MAE,MSE,RMSE,MAPE
xgb,0.9750200338025348,4.005510076039515,96.89229810028448,9.695860421131739,0.008843732639184
