,R2,MAE,MSE,RMSE,MAPE
xgb,0.9813708077603274,3.511173043482608,74.12332008477117,8.165287774983868,0.007798970170550502
