,R2,MAE,MSE,RMSE,MAPE
xgb,0.9784937417139243,3.741412652531004,84.85755081879441,8.774377645668805,0.008258654263501251
