,R2,MAE,MSE,RMSE,MAPE
xgb,0.9802441172432458,3.735482960506083,71.27662106041323,8.265218047509459,0.008262320373884907
