,R2,MAE,MSE,RMSE,MAPE
xgb,0.9819985438251957,3.5537653223006864,72.96433806413046,8.148642378737645,0.008013577382532486
