,R2,MAE,MSE,RMSE,MAPE
xgb,0.9798674328089072,3.6688377037590194,77.69247017830769,8.188274932724259,0.008143993632534085
