,R2,MAE,MSE,RMSE,MAPE
xgb,0.9862655184021942,3.459126794996167,52.99218139156935,6.963002813727044,0.007550096885511335
