,R2,MAE,MSE,RMSE,MAPE
xgb,0.981294670147593,3.5619382626645946,71.94220985900955,8.066552168987716,0.007817309248563916
