,R2,MAE,MSE,RMSE,MAPE
xgb,0.9824427951553814,3.4837610814307824,65.03069834709021,7.886113072920324,0.0076949915644047295
