,R2,MAE,MSE,RMSE,MAPE
xgb,0.9851108226188018,3.4802769077193503,58.03868339215065,7.447125470440135,0.00773094293398018
