,R2,MAE,MSE,RMSE,MAPE
xgb,0.9845373186214099,3.455073392804882,59.48321817311412,7.507533775093589,0.007637893572294138
