,R2,MAE,MSE,RMSE,MAPE
xgb,0.9843010843914879,3.525590213024045,61.71820359697093,7.567797048641919,0.007821826418907505
