,R2,MAE,MSE,RMSE,MAPE
xgb,0.9815127222757104,3.5272706072664106,69.0523232272894,8.080850785535377,0.007741444116720164
