,R2,MAE,MSE,RMSE,MAPE
xgb,0.9790480254813639,3.8115006264547575,78.52025732597122,8.309846283611519,0.008360010004917161
