,R2,MAE,MSE,RMSE,MAPE
xgb,0.9849468796401523,3.5283401573616344,60.238489099012384,7.577457413260203,0.007818778240952543
