,R2,MAE,MSE,RMSE,MAPE
xgb,0.9842275132336651,3.427701642343732,61.26656574485323,7.50842035947325,0.007607751089643069
