,R2,MAE,MSE,RMSE,MAPE
xgb,0.9777258160905131,3.830489357167955,87.11989663706012,9.053316387512027,0.008512737543715423
