,R2,MAE,MSE,RMSE,MAPE
xgb,0.9817548378601769,3.574991682206195,71.50836849354012,8.21477199573181,0.007812852513671314
