,R2,MAE,MSE,RMSE,MAPE
xgb,0.9810857829081454,3.6333518825222813,73.1704142223325,8.342098133966946,0.008080918884123794
