,R2,MAE,MSE,RMSE,MAPE
xgb,0.9802878644751225,3.7010743568482973,76.50176091608002,8.590143207638928,0.008207989984490478
