,R2,MAE,MSE,RMSE,MAPE
xgb,0.9806317747369506,3.9919338474642045,76.7808046576037,8.494260100612214,0.008839121652860642
