,R2,MAE,MSE,RMSE,MAPE
xgb,0.9802914197010522,3.723974123366466,70.54544545225423,8.247047501982127,0.00813950396678181
