,R2,MAE,MSE,RMSE,MAPE
xgb,0.9820793379793743,3.524291796077498,69.45767461415831,8.030689790398654,0.007706371009772115
