,R2,MAE,MSE,RMSE,MAPE
xgb,0.98334905726886,3.577011647122508,67.90299445409497,7.723449453628886,0.0078922640365506
