,R2,MAE,MSE,RMSE,MAPE
xgb,0.9794186756775851,3.7974835503608055,78.32559539250778,8.54969014002938,0.00840719100982308
