,R2,MAE,MSE,RMSE,MAPE
xgb,0.9824243004673384,3.6041251250527404,64.75639150238463,7.785880797726989,0.007918023410626423
