,R2,MAE,MSE,RMSE,MAPE
xgb,0.9834591672655423,3.5414130047460013,62.927122111754045,7.783381996383594,0.007786906953016147
