,R2,MAE,MSE,RMSE,MAPE
xgb,0.9805588683455267,3.6112935505175705,70.67930949487486,8.053267703919,0.007870741158088406
