,R2,MAE,MSE,RMSE,MAPE
xgb,0.9831682299773122,3.4409370284660183,63.17008366664754,7.740520791678039,0.007540836686101673
