,R2,MAE,MSE,RMSE,MAPE
xgb,0.9814914170894754,3.5078214488979222,72.76094864472543,8.30316428376127,0.007754313609497955
