,R2,MAE,MSE,RMSE,MAPE
xgb,0.9795152252045035,3.7377083275694942,80.48258903787402,8.597680837603097,0.008160418717089953
