,R2,MAE,MSE,RMSE,MAPE
xgb,0.9815132033284142,3.496669172075459,72.04469541550557,8.388217637473023,0.007740719410094331
