,R2,MAE,MSE,RMSE,MAPE
xgb,0.9813267068776925,3.6594935730379765,67.3490856622644,8.052402543183485,0.008038684617094352
