,R2,MAE,MSE,RMSE,MAPE
xgb,0.977443696724557,3.7803897327536418,80.93106699700108,8.806662839685213,0.008308478223039354
