,R2,MAE,MSE,RMSE,MAPE
xgb,0.9794069629110215,3.8026327288634847,77.25143192278584,8.54462609244978,0.008366295128443921
