,R2,MAE,MSE,RMSE,MAPE
xgb,0.9814896035315261,3.7028990051827457,71.60156739790168,8.363432045269542,0.008221913279136817
