,R2,MAE,MSE,RMSE,MAPE
xgb,0.9839482207543506,3.529941588436537,59.61667694124746,7.559198822626645,0.007719433748630695
