,R2,MAE,MSE,RMSE,MAPE
xgb,0.9864778992693509,3.4177024110839453,51.40195175478482,7.004517004401476,0.007419595031548652
