,R2,MAE,MSE,RMSE,MAPE
xgb,0.9830119870783115,3.5619803619842862,67.86105780575194,7.813102858260426,0.007797823707229541
