,R2,MAE,MSE,RMSE,MAPE
xgb,0.9848497370377418,3.2878918633706924,58.67147891759074,7.572006466978931,0.007187856818026775
