,R2,MAE,MSE,RMSE,MAPE
xgb,0.9868647071769923,3.311443122532502,54.142024232930474,7.067350952237787,0.0073182468572245436
