,R2,MAE,MSE,RMSE,MAPE
xgb,0.9830108787486639,3.5274289318750838,63.21522257439276,7.6862351746827455,0.007722357020517127
