,R2,MAE,MSE,RMSE,MAPE
xgb,0.9914829839878122,2.8791540767170423,32.5446706341078,5.566305480595466,0.006387291830369038
