,R2,MAE,MSE,RMSE,MAPE
xgb,0.988744100878419,3.18486071698742,41.74302056337169,6.209099998234956,0.007060416424344451
