,R2,MAE,MSE,RMSE,MAPE
xgb,0.9898742915813843,3.0562688088087167,40.76233417141023,5.887898410503093,0.006874118245516684
