,R2,MAE,MSE,RMSE,MAPE
xgb,0.990685482582378,3.034607345430249,30.659672320312602,5.425445788829526,0.006768240765966084
