,R2,MAE,MSE,RMSE,MAPE
xgb,0.9886301853927792,3.045266566136884,40.34589812568796,6.071802091878307,0.006790992984292833
