,R2,MAE,MSE,RMSE,MAPE
xgb,0.9867795293426646,3.523228464204846,49.84374552932502,6.833826243700026,0.007930285575175427
