,R2,MAE,MSE,RMSE,MAPE
xgb,0.9928015378902298,2.9978493751052895,26.77948685956336,5.111671777260419,0.006596182623785957
