,R2,MAE,MSE,RMSE,MAPE
xgb,0.9900467617905073,3.02848368496822,36.10829607462672,5.885761432429837,0.006804770469273527
