,R2,MAE,MSE,RMSE,MAPE
xgb,0.9864707578686458,3.5160075360595484,49.185431763390696,6.848042116509282,0.007829176661401042
