,R2,MAE,MSE,RMSE,MAPE
xgb,0.9896248786676963,3.2935391791961477,38.591309569054545,6.089970636824804,0.007344651495619768
