,R2,MAE,MSE,RMSE,MAPE
xgb,0.9911077795418368,2.9073629463517974,33.98795984586219,5.774750517426799,0.006569183586988536
