,R2,MAE,MSE,RMSE,MAPE
xgb,0.9882809809685364,3.411800270832309,42.69593918050823,6.35289967550564,0.007442959272714529
