,R2,MAE,MSE,RMSE,MAPE
xgb,0.9872782286191194,3.433862856910342,48.25058052582105,6.53868107286493,0.007579488691651393
