,R2,MAE,MSE,RMSE,MAPE
xgb,0.9865108372083113,3.6010681566373783,53.64955533125023,7.02051093025312,0.007917428846550655
