,R2,MAE,MSE,RMSE,MAPE
xgb,0.9892495449191874,3.16673842487181,39.93238632897161,6.044260822854373,0.007137236678897793
