,R2,MAE,MSE,RMSE,MAPE
xgb,0.9868686020708619,3.44942027415698,49.5082285711603,6.818349206129919,0.007708130483729538
