,R2,MAE,MSE,RMSE,MAPE
xgb,0.989771718943441,3.3049568092092563,38.044852768982295,6.053127063169998,0.007295463402852924
