,R2,MAE,MSE,RMSE,MAPE
xgb,0.9858138582834775,3.519264908207073,50.340700264273856,6.8862562123604905,0.007838530307745362
