,R2,MAE,MSE,RMSE,MAPE
xgb,0.9897804006920172,3.224151474067572,39.59456964317014,6.074606447352918,0.007081389496632219
