,R2,MAE,MSE,RMSE,MAPE
xgb,0.9864885789448999,3.5084624122146644,50.01197864742988,6.872071778065066,0.0077807571117432086
