,R2,MAE,MSE,RMSE,MAPE
xgb,0.9892046339995003,3.231282843787144,41.472811112322,6.139679999274162,0.0071540091697842425
