,R2,MAE,MSE,RMSE,MAPE
xgb,0.991707729848492,2.7360175819088504,30.655557738882504,5.381978941019343,0.006150255540824879
