,R2,MAE,MSE,RMSE,MAPE
xgb,0.9902414842606433,2.6898381556590616,36.15162968749785,5.864246044421522,0.0060159128140018295
