,R2,MAE,MSE,RMSE,MAPE
xgb,0.9905783850174794,3.193767557560594,35.68259613214327,5.715373625738127,0.007051859333173001
