,R2,MAE,MSE,RMSE,MAPE
xgb,0.9875774823166872,3.374707904825956,45.450823947949274,6.474679467841154,0.007505108771602402
