,R2,MAE,MSE,RMSE,MAPE
xgb,0.9874780642715159,3.335109521802438,45.73042887008301,6.5562752904433905,0.007433194286118344
