,R2,MAE,MSE,RMSE,MAPE
xgb,0.9845750468725951,3.633610775847319,55.018920820111454,7.270863449536099,0.008073943343912376
