,R2,MAE,MSE,RMSE,MAPE
xgb,0.9911116745814121,3.1902311814300455,34.73094666309502,5.81391786487102,0.007017893908986361
