,R2,MAE,MSE,RMSE,MAPE
xgb,0.9847243792412061,3.5968525051723597,56.516345252887575,7.310204363897827,0.008048807452155629
