,R2,MAE,MSE,RMSE,MAPE
xgb,0.9864067550943899,3.4461168739887795,49.25459076342216,6.865852205711538,0.007566105188559708
