,R2,MAE,MSE,RMSE,MAPE
xgb,0.9875201620392753,3.1858930079484993,44.33285394627741,6.474867709583215,0.007141204149100888
