,R2,MAE,MSE,RMSE,MAPE
xgb,0.9872931021268483,3.3112800896191326,46.80874194547829,6.641868013074138,0.007287266392343059
