,R2,MAE,MSE,RMSE,MAPE
xgb,0.9903946875908474,3.096095274215474,36.812401509211064,5.820256698143671,0.006976162912469911
