,R2,MAE,MSE,RMSE,MAPE
xgb,0.9900960276161876,3.1987078394585646,37.0400169216825,5.9938959898636295,0.007133805848462324
