,R2,MAE,MSE,RMSE,MAPE
xgb,0.9895788657377294,3.1913295575439236,37.716246702781916,5.867443092442269,0.00696895249997412
