,R2,MAE,MSE,RMSE,MAPE
xgb,0.9872663322194086,3.5089518571358376,47.75015676904054,6.7534908318691835,0.007683648359159123
