,R2,MAE,MSE,RMSE,MAPE
xgb,0.987586773876292,3.3426652059357975,45.26004279127905,6.53071786321015,0.007413688559728841
