,R2,MAE,MSE,RMSE,MAPE
xgb,0.9887658735744254,3.063567194625338,41.93360001726474,6.272909979451752,0.006800319126383102
