,R2,MAE,MSE,RMSE,MAPE
xgb,0.983597128701361,3.3263517225733343,59.628538499344494,7.208871396795411,0.007430518746041249
