,R2,MAE,MSE,RMSE,MAPE
xgb,0.9894723673499538,3.4234339727382883,37.33664751657092,5.980802052711869,0.007593686692241093
