,R2,MAE,MSE,RMSE,MAPE
xgb,0.9900178450765085,3.237051889552653,37.82168997594433,6.076001173446505,0.007114090427445405
