,R2,MAE,MSE,RMSE,MAPE
xgb,0.9912805722576046,3.2821825369040596,33.52564721035922,5.645746217355699,0.007305241741992458
