,R2,MAE,MSE,RMSE,MAPE
xgb,0.9885146961019761,3.4984358641883504,43.9191864702154,6.388634360729294,0.007796680342897875
