,R2,MAE,MSE,RMSE,MAPE
xgb,0.9871757283903744,3.3282639397241,51.39214759083744,6.876157842792935,0.0073730310799633835
