,R2,MAE,MSE,RMSE,MAPE
xgb,0.9883128800759453,2.817864912747694,39.19826935277285,5.935746836669561,0.006309285543621976
