,R2,MAE,MSE,RMSE,MAPE
xgb,0.987992670073429,3.4182737144888358,46.280900112825485,6.5808651097450594,0.007562943923178455
