,R2,MAE,MSE,RMSE,MAPE
xgb,0.9880407895096527,2.7937890910159764,42.75578424459847,6.139783227237391,0.006227804133492034
