,R2,MAE,MSE,RMSE,MAPE
xgb,0.9909093496555587,2.6578351581364412,32.841743912631046,5.4117848844207455,0.0059247523368944075
