,R2,MAE,MSE,RMSE,MAPE
xgb,0.9889437481405505,3.1302178028308907,41.964592589319906,6.318390460440916,0.006970030415853627
