,R2,MAE,MSE,RMSE,MAPE
xgb,0.9880441901577596,3.321950663723964,45.18061526421891,6.4633771298484906,0.007438673550628732
