,R2,MAE,MSE,RMSE,MAPE
xgb,0.9904509202150255,3.304174237658286,36.84948710501555,5.897199929565795,0.007293425797787396
