,R2,MAE,MSE,RMSE,MAPE
xgb,0.9921594629645542,2.9572013141258493,31.86970694636629,5.390656433935463,0.006597195318191034
