,R2,MAE,MSE,RMSE,MAPE
xgb,0.9873946288445031,3.497914161647855,48.372711209225514,6.725580032159158,0.007711110856388793
