,R2,MAE,MSE,RMSE,MAPE
xgb,0.9898890827523182,3.3091890158434767,38.795409744405426,6.132849749783654,0.007413322139404521
