,R2,MAE,MSE,RMSE,MAPE
xgb,0.9883851439268307,3.254589359307439,41.563181985087255,6.308888101673777,0.007171820337996499
