,R2,MAE,MSE,RMSE,MAPE
xgb,0.9875757719442658,3.3841978804733124,46.185249258377,6.585750704510721,0.007510057503779091
