,R2,MAE,MSE,RMSE,MAPE
xgb,0.9917615056985258,3.2390978771391374,31.391643405208676,5.513978598229463,0.0071979981861209075
