,R2,MAE,MSE,RMSE,MAPE
xgb,0.9880865957825822,3.3767825003341487,42.05535187745197,6.398442794758471,0.007479881805542531
