,R2,MAE,MSE,RMSE,MAPE
xgb,0.9862206578271246,3.1158284727121113,49.95771336505439,6.833765277476776,0.006975021938584652
