,R2,MAE,MSE,RMSE,MAPE
xgb,0.9887383087371078,2.827715278188296,39.88115431094788,5.911737054583727,0.006346345138582621
