,R2,MAE,MSE,RMSE,MAPE
xgb,0.9910862998709803,2.8520891774906976,34.5213288197328,5.738925474399912,0.0063552394356957325
