,R2,MAE,MSE,RMSE,MAPE
xgb,0.9890414731304796,2.8315843506895835,41.36484454234537,6.173216345653386,0.006277600240014877
