,R2,MAE,MSE,RMSE,MAPE
xgb,0.9929419538901673,2.385554702205504,26.127916099372527,4.83719952164189,0.005268482535295825
