,R2,MAE,MSE,RMSE,MAPE
xgb,0.9927237127559447,2.6413467961426513,27.090446539408447,5.028682274551863,0.005867576285170735
