,R2,MAE,MSE,RMSE,MAPE
xgb,0.9916235173587136,2.624003173728543,33.418368292499956,5.505938167657188,0.005823414986327408
