,R2,MAE,MSE,RMSE,MAPE
xgb,0.991315323636899,2.5845559957085937,32.856428578330046,5.56253365952293,0.005810234314117037
