,R2,MAE,MSE,RMSE,MAPE
xgb,0.9902338417141913,2.7530044797605777,34.11848759750012,5.589863378735329,0.006126990528188157
