,R2,MAE,MSE,RMSE,MAPE
xgb,0.9910865598506486,2.8074476848863066,32.21489047528958,5.495829151266562,0.0061007418590556355
