,R2,MAE,MSE,RMSE,MAPE
xgb,0.9930757070903631,2.4891249608340984,24.69541271500595,4.8000673983804525,0.005502729800389079
