,R2,MAE,MSE,RMSE,MAPE
xgb,0.9930040408142379,2.4749095504629155,26.725194048658324,4.969668121450457,0.005457478090889804
