,R2,MAE,MSE,RMSE,MAPE
xgb,0.9916755883839,2.8108556632625987,32.63734672319279,5.573912248541789,0.00620625210981067
