,R2,MAE,MSE,RMSE,MAPE
xgb,0.9919907010740328,2.581991829708756,30.145454016994286,5.3941664207250355,0.005758695552291108
