,R2,MAE,MSE,RMSE,MAPE
xgb,0.9897136848701296,2.745297326159812,37.38091519921501,5.968855655401221,0.006067254649370208
