,R2,MAE,MSE,RMSE,MAPE
xgb,0.9914932835300118,2.7649794229440063,31.842480357864435,5.543502725811518,0.006019203620634374
