,R2,MAE,MSE,RMSE,MAPE
xgb,0.9898896263818189,2.766403955191526,38.24716821327182,6.0138568142934306,0.006142656641170062
