,R2,MAE,MSE,RMSE,MAPE
xgb,0.9920896546956829,2.510011665207822,27.8670219127177,5.1569105592936975,0.005526372475775318
