,R2,MAE,MSE,RMSE,MAPE
xgb,0.9923274479076463,2.59356671218585,28.10213546640215,5.2363105704837025,0.005792902666797462
