,R2,MAE,MSE,RMSE,MAPE
xgb,0.9896157103283256,2.7611040841829357,37.73036859201911,5.986574315116712,0.006118937369968299
