,R2,MAE,MSE,RMSE,MAPE
xgb,0.9935580508562156,2.4971660167041354,22.626499030147357,4.628433218794313,0.005493406020129611
