,R2,MAE,MSE,RMSE,MAPE
xgb,0.991813968828058,2.533337573023922,29.15278230633313,5.252576078883564,0.005606751420370455
