,R2,MAE,MSE,RMSE,MAPE
xgb,0.9902030855663385,2.7811046556063723,35.73532415254124,5.791616191127121,0.006178111358883897
