,R2,MAE,MSE,RMSE,MAPE
xgb,0.9930310492357151,2.4821937205540374,25.52103421890184,4.886838681337849,0.005465299894491116
