,R2,MAE,MSE,RMSE,MAPE
xgb,0.9887693897110077,2.9268472409841357,40.85494704145199,6.213974010878596,0.0065143930674199544
