,R2,MAE,MSE,RMSE,MAPE
xgb,0.9893066826756405,2.6551260880690744,37.849120816842785,5.894760086014289,0.005955012692544987
