,R2,MAE,MSE,RMSE,MAPE
xgb,0.9923819892390486,2.49334780000463,25.89058248859534,4.943618943829657,0.005506314650924093
