,R2,MAE,MSE,RMSE,MAPE
xgb,0.9904180885041566,2.7579505053291475,35.65955047841508,5.724204742521055,0.006112008793333346
