,R2,MAE,MSE,RMSE,MAPE
xgb,0.9909268124087193,2.6611127567618325,31.145861592310524,5.3082033220322895,0.005876001707090595
