,R2,MAE,MSE,RMSE,MAPE
xgb,0.9923965176841106,2.450238381050701,27.75107466431877,5.138119422055487,0.00543322076956715
