,R2,MAE,MSE,RMSE,MAPE
xgb,0.9874551081209463,2.868265588171208,42.69783595807951,6.210202706597224,0.006425573076317252
