,R2,MAE,MSE,RMSE,MAPE
xgb,0.9919754043168381,2.6934740096847247,30.258877782773236,5.315970074695698,0.005936223874461684
