,R2,MAE,MSE,RMSE,MAPE
xgb,0.9911734688057324,2.652984500313815,29.88699487785439,5.292173326346669,0.00584127266039987
