,R2,MAE,MSE,RMSE,MAPE
xgb,0.9937384695285513,2.378577036065179,23.35742362174532,4.6862203649644965,0.005247615754756618
