,R2,MAE,MSE,RMSE,MAPE
xgb,0.9921830187448748,2.446225807129736,28.163345609186628,5.034069469629994,0.005445578123775166
