,R2,MAE,MSE,RMSE,MAPE
xgb,0.9904738622462228,2.744193496671077,34.959243956816906,5.760025606847438,0.006084207375848973
