,R2,MAE,MSE,RMSE,MAPE
xgb,0.9927542591488464,2.657992409958339,27.84707804392908,5.181215001285187,0.005896711637099149
