,R2,MAE,MSE,RMSE,MAPE
xgb,0.991937978057374,2.5768823116898067,30.125267322966504,5.394085098699872,0.0057463422658018525
