,R2,MAE,MSE,RMSE,MAPE
xgb,0.9917986508192509,2.7268849118976126,30.364740557339616,5.4205001664263435,0.006009732563282734
