,R2,MAE,MSE,RMSE,MAPE
xgb,0.9899984197778313,2.8088120029738937,36.65423454095108,5.878453477712627,0.006229632800941696
