,R2,MAE,MSE,RMSE,MAPE
xgb,0.9917316390129323,2.651978960716454,31.562699047910428,5.505912183381844,0.005867997473400588
