,R2,MAE,MSE,RMSE,MAPE
xgb,0.9913217557936245,2.681793401871386,31.363288946714857,5.477381098299712,0.005987019528853172
