,R2,MAE,MSE,RMSE,MAPE
xgb,0.9897129464076381,2.7147171874569156,36.32542334711702,5.742273632806215,0.0059538401085327975
