,R2,MAE,MSE,RMSE,MAPE
xgb,0.9921840219499456,2.565122672352079,29.016596331146342,5.1610461193473025,0.005619152002858883
