,R2,MAE,MSE,RMSE,MAPE
xgb,0.9943166318170158,2.4360051741342983,21.033179691859573,4.494900071462304,0.00537413071400826
