,R2,MAE,MSE,RMSE,MAPE
xgb,0.9945097409378588,2.4194769582194935,20.361934785737898,4.489019882964039,0.005317355931963113
