,R2,MAE,MSE,RMSE,MAPE
xgb,0.989875873818149,2.7362446407320276,35.78755569229347,5.79510658234342,0.006034167019407114
