,R2,MAE,MSE,RMSE,MAPE
xgb,0.9918906788667105,2.613363608502327,29.538220091251294,5.335611571166024,0.005721201483009051
