,R2,MAE,MSE,RMSE,MAPE
xgb,0.9922831180084268,2.5361573658441046,28.608929719383593,5.1245808424132875,0.00562878154640151
