,R2,MAE,MSE,RMSE,MAPE
xgb,0.9923111052803442,2.642572838761639,27.42083339760295,5.161087067737694,0.00579593859229719
