,R2,MAE,MSE,RMSE,MAPE
xgb,0.9922459647329734,2.6670244085367587,28.396792346750637,5.193092785550692,0.005851731663461989
