,R2,MAE,MSE,RMSE,MAPE
xgb,0.9909926819654957,2.6929274231247646,31.73393925399812,5.485066545000851,0.005923997550641925
