,R2,MAE,MSE,RMSE,MAPE
xgb,0.9913173403321668,2.8048210636715956,31.19525670758997,5.328949055159272,0.006150222637239869
