,R2,MAE,MSE,RMSE,MAPE
xgb,0.9895697723747698,2.8157175437300546,40.71481580556323,6.011535372048174,0.006250784058540142
