,R2,MAE,MSE,RMSE,MAPE
xgb,0.9885500909407948,2.7714589040861206,40.143007079406686,6.120859696562987,0.006108045508405731
