,R2,MAE,MSE,RMSE,MAPE
xgb,0.9930666203671008,2.596534527819366,25.711234068819994,4.876876465187347,0.005703503750570653
