,R2,MAE,MSE,RMSE,MAPE
xgb,0.9936433115488252,2.5500249460599034,22.40414114705742,4.692757002970269,0.005588430874248587
