,R2,MAE,MSE,RMSE,MAPE
xgb,0.9918254536381745,2.609645148759216,30.547602243773646,5.388296388894974,0.005777729619222477
