,R2,MAE,MSE,RMSE,MAPE
xgb,0.9928090462848458,2.560604432871644,25.747224655362743,4.972252447129028,0.0056838488086255416
