,R2,MAE,MSE,RMSE,MAPE
xgb,0.9880641660691861,2.949348359321836,42.27399715997992,6.41531389631008,0.006578697678424336
