,R2,MAE,MSE,RMSE,MAPE
xgb,0.9922335436940408,2.5844801946090095,28.186713750784527,5.15076741023938,0.005672551996705524
