,R2,MAE,MSE,RMSE,MAPE
xgb,0.9947982577395502,2.297721299061673,20.002369071985527,4.423251918560462,0.005093699329038576
