,R2,MAE,MSE,RMSE,MAPE
xgb,0.9936793860037767,2.4003759819175308,22.911412663404512,4.662703781409936,0.005282948493116898
