,R2,MAE,MSE,RMSE,MAPE
xgb,0.9936093038662458,2.6765850444251718,24.94586434390913,4.86006510445321,0.005908647881794673
