,R2,MAE,MSE,RMSE,MAPE
xgb,0.9900782507773875,2.598459882199242,36.997776325563464,5.930170054448285,0.005728850947593694
