,R2,MAE,MSE,RMSE,MAPE
xgb,0.9915654499366034,2.6101052747617266,30.631862575494086,5.3892737076584,0.005775654208984954
