,R2,MAE,MSE,RMSE,MAPE
xgb,0.9891485916549453,2.8550317170338704,39.04301801188779,6.113725231324419,0.006285703376736137
