,R2,MAE,MSE,RMSE,MAPE
xgb,0.9940281628309255,2.4141182655621782,22.68354856256249,4.672074876060668,0.005307053834249646
