,R2,MAE,MSE,RMSE,MAPE
xgb,0.9919776954743345,2.541076440742251,29.117605402298068,5.240031361841753,0.005578175577341379
