,R2,MAE,MSE,RMSE,MAPE
xgb,0.9941169656149494,2.45093513876679,21.043422315961415,4.455482894842762,0.005371832311783726
