,R2,MAE,MSE,RMSE,MAPE
xgb,0.9923757866747327,2.599526668156482,27.55170618397557,5.090412377893026,0.005781915602013596
