,R2,MAE,MSE,RMSE,MAPE
gbr,0.9499747672544082,6.621356952625137,162.08338494066123,12.248284335564229,0.014119773631438496
xgb,0.9429489216331051,7.321810286852108,185.0154987930419,12.951886180804399,0.015596558351375162
