,R2,MAE,MSE,RMSE,MAPE
gbr,0.942301946016204,8.100923932227579,248.26826078539776,15.215257031278446,0.017839222026883865
