,R2,MAE,MSE,RMSE,MAPE
gbr,0.949222994900986,7.59720225434557,202.73311134810166,13.12476258032775,0.016419540337431218
