,R2,MAE,MSE,RMSE,MAPE
gbr,0.9276293328316905,9.026578211665342,321.1132427926541,17.151842215523857,0.0197831529881872
