,R2,MAE,MSE,RMSE,MAPE
gbr,0.928682204429671,7.539062019915332,223.98389718510475,13.922730964509531,0.015706271520200703
xgb,0.9211857692129476,8.434476219784317,245.78466180874315,14.961895270161374,0.01748984099689835
