,R2,MAE,MSE,RMSE,MAPE
gbr,0.9367688151485905,8.014629053707171,253.2936953339607,15.065606354479565,0.01702405643900867
xgb,0.9286565967472378,9.011019833800614,284.41560412610335,16.123001795454098,0.019264462601966934
