,R2,MAE,MSE,RMSE,MAPE
gbr,0.9619834481621632,6.941335973347009,184.48727834770767,12.806574001577099,0.015217406999407527
