,R2,MAE,MSE,RMSE,MAPE
gbr,0.93127212928432,9.29602562526095,334.778216310513,17.46886006847129,0.02038918564703733
