,R2,MAE,MSE,RMSE,MAPE
gbr,0.933181576898545,9.463986546501484,283.33831798667666,15.912868391000742,0.020111232519156037
