,R2,MAE,MSE,RMSE,MAPE
gbr,0.9197130514469954,10.039140072464015,368.0831694973016,18.61922132789437,0.022067251460672285
