,R2,MAE,MSE,RMSE,MAPE
gbr,0.9414572089199881,8.29656041944629,238.6369516149404,14.857243077726025,0.018368556651469553
