,R2,MAE,MSE,RMSE,MAPE
gbr,0.9524275102719061,7.608969589874789,208.89119159720448,13.48241422437349,0.01659906658983566
