,R2,MAE,MSE,RMSE,MAPE
gbr,0.9503961043751286,8.972152117851182,252.9836571942326,15.215719589699237,0.019676354467337818
