,R2,MAE,MSE,RMSE,MAPE
gbr,0.9457742329394765,8.888883095992025,240.70139626107965,15.04249474572661,0.019201732357149566
