,R2,MAE,MSE,RMSE,MAPE
xgb,0.9349150674852137,7.953226656349756,247.38211135797897,14.855113924138376,0.017128903197059755
gbr,0.9325575242903821,7.715849604834512,259.2479867969068,14.953938651251747,0.01666605109826743
