,R2,MAE,MSE,RMSE,MAPE
gbr,0.9350182452434822,7.582720896360468,234.40364465152203,14.874218183987157,0.01630905636426632
xgb,0.9151909608737487,8.969334352554814,304.2397936281789,16.878343698126496,0.01946749274724314
