,R2,MAE,MSE,RMSE,MAPE
gbr,0.9381339761166714,8.734166305875021,240.36829681589901,15.0610674834256,0.019108007001322647
