,R2,MAE,MSE,RMSE,MAPE
gbr,0.9544358232136456,7.317475373128026,206.1049806098585,12.982143778606162,0.01601123925199257
