,R2,MAE,MSE,RMSE,MAPE
gbr,0.9197730396637857,9.630846284741876,324.2490270770395,16.962415097454187,0.02111980239847721
