,R2,MAE,MSE,RMSE,MAPE
gbr,0.9314574235956297,9.15289002148116,297.7618762855248,16.474380049238203,0.020275445742343974
