,R2,MAE,MSE,RMSE,MAPE
gbr,0.9460356211302983,7.962573408292945,239.9542708215209,14.57741013793463,0.017628152582410392
