,R2,MAE,MSE,RMSE,MAPE
gbr,0.9555644327217543,7.9236086182187195,223.1416873382945,14.181457260125999,0.016985999511339573
