,R2,MAE,MSE,RMSE,MAPE
xgb,0.939561849037508,7.86584682000273,244.26780705842657,13.689051882830432,0.01698398428702059
gbr,0.9379245599377335,7.571531467678447,255.88277881074245,13.418989574240829,0.016514571430570484
