,R2,MAE,MSE,RMSE,MAPE
gbr,0.9472158723023997,7.589429751512421,213.05112755130466,13.925297312832196,0.01669069842579392
