,R2,MAE,MSE,RMSE,MAPE
gbr,0.9626051958677507,6.51449269259106,118.121277042426,10.543392203323092,0.013603551089762356
xgb,0.9622616946180406,7.043323320286248,118.55016926728663,10.700680343315238,0.014503014331146629
