,R2,MAE,MSE,RMSE,MAPE
gbr,0.9108694358123612,8.671033302131388,284.6279744476261,16.040985481675307,0.018596364873102764
xgb,0.9054327155016739,9.311750337071572,289.12685400753844,16.37788489378449,0.019863282819658035
