,R2,MAE,MSE,RMSE,MAPE
gbr,0.9479104965766896,8.935357496600776,229.04027187661868,14.548405013620869,0.01903001945324282
