,R2,MAE,MSE,RMSE,MAPE
gbr,0.9328829002055734,9.539235479871603,303.39730820084844,16.412337907304657,0.020432117624023586
