,R2,MAE,MSE,RMSE,MAPE
gbr,0.9386010596524134,8.00072731616511,214.04689877985888,14.061611496536969,0.016779993654926235
xgb,0.930269006245245,8.582097778451573,240.10875797697895,15.054465135694121,0.01797472110320426
