,R2,MAE,MSE,RMSE,MAPE
gbr,0.9602507752828112,6.610018809118283,144.814935945895,11.581617863466,0.013837196765266383
xgb,0.9532512807876969,7.379848198215936,172.26776624090388,12.810250334253382,0.01534102084548708
