,R2,MAE,MSE,RMSE,MAPE
gbr,0.9436026269907101,8.330065246082166,274.08251151313624,15.316557795343266,0.018350891163991797
