,R2,MAE,MSE,RMSE,MAPE
gbr,0.934897082160559,8.568547192053577,281.2400412057061,15.688599400098488,0.018707982620859497
