,R2,MAE,MSE,RMSE,MAPE
gbr,0.9352660481625981,8.479553954273216,258.2794450651525,15.327202669426836,0.018491091999387265
