,R2,MAE,MSE,RMSE,MAPE
xgb,0.9321268614553926,8.325529372873614,248.1041267919778,14.832506283050524,0.01789251837061843
gbr,0.9283913831089597,7.498413196711991,266.3255717318044,15.078603721362379,0.016264773824917957
