,R2,MAE,MSE,RMSE,MAPE
gbr,0.9338488331200381,9.183285929830705,290.27766458916415,16.109460061936247,0.01996029739919373
