,R2,MAE,MSE,RMSE,MAPE
gbr,0.9482868896034822,8.456377754938902,265.65748387667435,16.068438733687156,0.01848869597506113
