,R2,MAE,MSE,RMSE,MAPE
gbr,0.9481711678758034,8.05899188194508,234.01155174202944,13.94779863817547,0.017545725162286935
