,R2,MAE,MSE,RMSE,MAPE
gbr,0.9526117593546182,7.905182726298267,223.020968852091,13.729531321696603,0.01691573386012874
