,R2,MAE,MSE,RMSE,MAPE
xgb,0.9239996944710365,8.959896818427627,268.9492072865629,15.97746380722731,0.01902933200816676
gbr,0.9182834092680896,8.660727858538285,286.62705490514105,16.508716800265507,0.018484828583890715
