,R2,MAE,MSE,RMSE,MAPE
gbr,0.9141482776067734,7.572941524904465,258.5868510043727,14.522023958938316,0.01609932644608623
xgb,0.9085876154189177,8.408149288185694,271.4964456736923,15.162776738861941,0.01784133274047423
