,R2,MAE,MSE,RMSE,MAPE
gbr,0.9179805028752808,10.552513873114588,369.66108223333,18.79127620771506,0.022912532283229863
