,R2,MAE,MSE,RMSE,MAPE
gbr,0.9400854817567129,8.659384665778504,249.90413482957496,15.062282507687849,0.018815545752466387
