,R2,MAE,MSE,RMSE,MAPE
gbr,0.9409053151306113,9.410539999287996,278.9308875556959,16.170512232690292,0.02064941425704763
