,R2,MAE,MSE,RMSE,MAPE
xgb,0.9592868766257512,6.4039936679634994,140.5773698116489,11.293090946448737,0.013467363015078459
gbr,0.9588418583172569,6.229108006683463,145.2433555284709,11.28869819749529,0.012858392409278765
