,R2,MAE,MSE,RMSE,MAPE
gbr,0.9195321115589502,9.591457107398398,347.0564578228973,17.518696884692414,0.020985798424259534
