,R2,MAE,MSE,RMSE,MAPE
gbr,0.9396605504990545,8.60998454038714,262.4706008614809,15.36914304457257,0.018595048411134046
