,R2,MAE,MSE,RMSE,MAPE
gbr,0.9421223541735062,7.566104171669123,203.0015778712375,13.227081863178366,0.016226706736209764
xgb,0.9383424472632906,8.051715109417003,207.46526321932112,13.707619280954077,0.017134126091420804
