,R2,MAE,MSE,RMSE,MAPE
gbr,0.946005865922378,8.539859901204867,226.44539601064807,14.45778852808115,0.01839526286293829
