,R2,MAE,MSE,RMSE,MAPE
xgb,0.9401697627830872,8.316715608330183,214.61194462376497,13.966801462008254,0.017566248366495715
gbr,0.937927086165567,7.707562887904601,216.14111817520376,13.898390787004374,0.016407060960513992
