,R2,MAE,MSE,RMSE,MAPE
xgb,0.9436525447408208,8.02164287595031,189.34142241362642,13.240459638228469,0.017178501128075972
gbr,0.9371835122004549,7.945757121908509,208.44275465335105,13.918941498464353,0.017082896450863118
