,R2,MAE,MSE,RMSE,MAPE
gbr,0.926625208281376,9.290574357007902,325.3629342255859,17.38299139327108,0.0206247978720569
