,R2,MAE,MSE,RMSE,MAPE
gbr,0.9052045922334958,10.474131190072494,399.35999785790824,19.109097199951186,0.023153475192665557
