,R2,MAE,MSE,RMSE,MAPE
gbr,0.9563022504167542,7.489078148776859,186.04290628058874,12.3442229004569,0.01598738011481973
