,R2,MAE,MSE,RMSE,MAPE
gbr,0.9413850028661379,7.448508331029944,202.14097864047883,13.732266699031067,0.015648443938645226
xgb,0.9355919289576468,8.369360738643524,222.5334209402206,14.493121873918065,0.017591162104201613
