,R2,MAE,MSE,RMSE,MAPE
gbr,0.9384239860246989,8.39542199276007,247.4487599923681,15.284942457185062,0.017809035556043618
