,R2,MAE,MSE,RMSE,MAPE
gbr,0.9128917391595491,11.00454062549974,393.57781914330485,19.033206552517278,0.02435425996806453
