,R2,MAE,MSE,RMSE,MAPE
gbr,0.8855696869287148,11.05101358243059,414.49957013406885,19.22015542472143,0.02435714919665053
