,R2,MAE,MSE,RMSE,MAPE
xgb,0.9408967349795061,7.343214804897514,184.61964470590448,12.559422155715616,0.015520569899844483
gbr,0.9401839115936672,7.25787446537511,182.6543296193922,12.663499485332627,0.015485159858070297
