,R2,MAE,MSE,RMSE,MAPE
gbr,0.9585352306164493,8.112966881981066,206.8638422583703,13.847521618023361,0.01752960363832001
