,R2,MAE,MSE,RMSE,MAPE
gbr,0.9442691364034485,8.003619423152928,217.00688242784116,14.331103051024789,0.017353404260083673
