,R2,MAE,MSE,RMSE,MAPE
gbr,0.9458725339905879,8.06355843154147,222.97853175697037,14.293294545416634,0.017167143191986256
