,R2,MAE,MSE,RMSE,MAPE
gbr,0.9532114048225079,7.659193454097943,199.85597745794465,13.363608600601571,0.016533219395680716
