,R2,MAE,MSE,RMSE,MAPE
gbr,0.9352745352163195,8.778608847112322,301.98484808655775,16.184493641227416,0.019088173830171716
