,R2,MAE,MSE,RMSE,MAPE
gbr,0.952223426720975,6.242156802033001,154.12756559746927,11.671839316529192,0.013265271530082692
xgb,0.9486518303851685,6.806268389039398,164.5282398826712,12.16273133067464,0.01440328911718198
