,R2,MAE,MSE,RMSE,MAPE
gbr,0.9463056481829135,8.662553555437842,249.26919133956085,14.974539427810939,0.01897817758043945
