,R2,MAE,MSE,RMSE,MAPE
gbr,0.9446173726795039,8.928100097671324,247.47349085225542,14.669946758267661,0.018984230207159097
