,R2,MAE,MSE,RMSE,MAPE
gbr,0.9379469013659891,8.514465541389551,283.33343735219034,15.62566707839908,0.018445897455650756
