,R2,MAE,MSE,RMSE,MAPE
xgb,0.9445487826979276,7.547972371419272,177.14534192619755,12.377007794086808,0.015973547683202936
gbr,0.9384071457147168,7.8537064654416096,198.34822079377003,13.300038603666943,0.016829624256556854
