,R2,MAE,MSE,RMSE,MAPE
gbr,0.9208949275828836,9.736265380221448,345.79582834149613,17.9226195331643,0.021012377292213315
