,R2,MAE,MSE,RMSE,MAPE
gbr,0.9578570005517874,6.8659108942627896,143.1766296248367,11.657091757032699,0.014418592298692473
xgb,0.9514641948686855,7.787454022151168,166.31338474661604,12.545495613184544,0.016389903436543195
