,R2,MAE,MSE,RMSE,MAPE
gbr,0.9440564415163897,8.367862676996854,261.3179537959111,15.19577669325977,0.017948197058412232
