,R2,MAE,MSE,RMSE,MAPE
gbr,0.941396200161676,7.797802476836717,223.66782880533606,14.282922029721021,0.017060137485525248
