,R2,MAE,MSE,RMSE,MAPE
xgb,0.9541180062414378,7.3105973122217325,167.95567160212485,12.426163484491706,0.015231384641515655
gbr,0.9503191912777792,7.611288736279531,180.9814341761781,12.955406759228477,0.01580793955096579
