,R2,MAE,MSE,RMSE,MAPE
gbr,0.9314895741687641,9.227417998696916,340.91393025170385,17.382032748824862,0.02052491015392783
