,R2,MAE,MSE,RMSE,MAPE
gbr,0.9430075555339965,8.32897705302,242.2048175962383,14.482924075555804,0.018117427900405225
