,R2,MAE,MSE,RMSE,MAPE
gbr,0.9661922411897279,6.5174924648622135,140.1071905175279,11.205345621385824,0.014116644022048805
