,R2,MAE,MSE,RMSE,MAPE
gbr,0.9511437334404169,7.6834626831279635,194.73092636024018,13.459606919111199,0.016357532843284707
