,R2,MAE,MSE,RMSE,MAPE
gbr,0.9500790429138215,7.183408360320553,181.1060643663207,12.9450214438453,0.01533185019284099
