,R2,MAE,MSE,RMSE,MAPE
gbr,0.9557767087202306,7.1217063180675115,186.3322955537211,13.012493633677106,0.015293120437290855
