,R2,MAE,MSE,RMSE,MAPE
gbr,0.9402877074238793,8.623995989945827,258.9976866219824,15.459407611848572,0.018916491011857516
