,R2,MAE,MSE,RMSE,MAPE
gbr,0.9538956321716924,7.832879443854571,201.8765259958244,13.039937474713753,0.016860050015184612
