,R2,MAE,MSE,RMSE,MAPE
gbr,0.9436191299856708,7.928245742357428,240.0490109305535,14.747537841058573,0.01727864584083486
