,R2,MAE,MSE,RMSE,MAPE
gbr,0.9483825826536842,8.220849292658691,219.7828089909044,14.410003656786975,0.017949902878559344
