,R2,MAE,MSE,RMSE,MAPE
gbr,0.9355830093727002,9.317118017709012,301.72927984834774,16.35545203638557,0.020411864525160563
