,R2,MAE,MSE,RMSE,MAPE
gbr,0.9073329217064294,10.519497619738333,398.2307909291911,18.82861920057583,0.02304111273910995
