,R2,MAE,MSE,RMSE,MAPE
xgb,0.9416701377830314,8.218642157441828,181.12043606273113,13.03298354707881,0.017447797502055953
gbr,0.9402539027567952,7.739524766909423,195.48270254125802,13.155227854330343,0.0165421165446172
