,R2,MAE,MSE,RMSE,MAPE
gbr,0.9237173967083587,8.977242781718013,297.3865735775351,16.5451432027963,0.0192002101233483
