,R2,MAE,MSE,RMSE,MAPE
gbr,0.950921338345435,7.826553404996244,245.33394421918007,14.116533737679731,0.017243734428458134
