,R2,MAE,MSE,RMSE,MAPE
gbr,0.9362185119195914,8.40669532877485,249.32379607447047,15.060445976784035,0.018404188338866777
