,R2,MAE,MSE,RMSE,MAPE
gbr,0.9293605914393748,8.8082123881875,276.18755769274077,15.672337735643088,0.01934783136324953
