,R2,MAE,MSE,RMSE,MAPE
gbr,0.9264440584238234,9.190983216040731,296.0645088372811,15.75814503962103,0.020057810788005476
