,R2,MAE,MSE,RMSE,MAPE
gbr,0.9331763437753839,9.433526819082395,318.1027798843253,16.990373760499164,0.020409778679615048
