,R2,MAE,MSE,RMSE,MAPE
gbr,0.9247914808653723,9.453660849127951,323.2042704794109,16.922073609678566,0.020702419245908092
