,R2,MAE,MSE,RMSE,MAPE
gbr,0.9475324651330386,8.139210186180463,225.87977455432755,14.883506487282483,0.017678876576894913
