,R2,MAE,MSE,RMSE,MAPE
gbr,0.9490819762640829,7.675534524538584,195.16610774766144,13.175403826325157,0.01627478998699454
xgb,0.9439023528188752,8.300296587544102,217.98063406301645,14.005215724437969,0.017579773275261196
