,R2,MAE,MSE,RMSE,MAPE
gbr,0.9515369755039897,7.681775387193118,188.5454158376485,12.982503141142164,0.01606469567900013
