,R2,MAE,MSE,RMSE,MAPE
gbr,0.9509193506457766,7.83459899796689,225.28098985044258,13.53103448561222,0.016858043385382875
