,R2,MAE,MSE,RMSE,MAPE
gbr,0.9410519825408958,8.099427767643025,252.70517571295218,14.766994820289066,0.017678000070425616
