,R2,MAE,MSE,RMSE,MAPE
gbr,0.8997261334476461,10.453775683589612,383.4232350374849,19.15193860322283,0.02258305174390477
