,R2,MAE,MSE,RMSE,MAPE
gbr,0.9407374806034101,6.970974479173343,172.57352998428274,12.750196571913248,0.014935018486266743
xgb,0.9381198505378604,7.46579361454133,179.64021538529647,13.025527704509429,0.015852628972553837
