,R2,MAE,MSE,RMSE,MAPE
gbr,0.929937954215178,9.283633812678072,299.0014328597714,16.437126110650716,0.020041540687141958
