,R2,MAE,MSE,RMSE,MAPE
gbr,0.9341018715540862,9.155063401613003,286.36514034360556,16.341095691060506,0.02025952340574667
