,R2,MAE,MSE,RMSE,MAPE
gbr,0.9573018092347567,7.191524371452985,177.52653329071825,13.104052508600935,0.0157161457374067
