,R2,MAE,MSE,RMSE,MAPE
gbr,0.9246471667276548,8.577843683975683,271.6487701831885,15.738950396658225,0.018657612281138953
