,R2,MAE,MSE,RMSE,MAPE
gbr,0.925375567258644,8.848377149712146,316.7040274212207,17.03311476858296,0.0189132201989121
