,R2,MAE,MSE,RMSE,MAPE
gbr,0.9330026108808485,8.495271857427511,286.3491410544537,16.380069092246003,0.01877494169764505
