,R2,MAE,MSE,RMSE,MAPE
gbr,0.9238843739381147,8.560795275577357,258.4916844074482,15.578361069163927,0.018049687222598823
xgb,0.9156883605148499,9.384460150605888,279.8779890317022,16.271926112880628,0.019790552365412807
