,R2,MAE,MSE,RMSE,MAPE
gbr,0.9535605563409979,6.6780779726245925,180.32558210433112,12.343519039093618,0.014545943430552415
xgb,0.9471241160833221,7.666491123519405,204.88259016203475,13.307044892057808,0.016709298584258774
