,R2,MAE,MSE,RMSE,MAPE
gbr,0.9225754635554354,9.592040692814592,306.74474861575,17.17319807116294,0.020394703003573867
