,R2,MAE,MSE,RMSE,MAPE
gbr,0.9494420235815308,8.359811992193178,215.3181586043992,13.957733555560008,0.017733043333051163
