,R2,MAE,MSE,RMSE,MAPE
gbr,0.9436274094494277,7.31940627622599,199.07219579016265,13.66867165392899,0.015850947538144523
xgb,0.9364135618948689,8.014138613333753,224.24563488364203,14.540652148505881,0.017268177131564262
