,R2,MAE,MSE,RMSE,MAPE
gbr,0.9395338499545055,9.207069265176763,266.80944738876195,15.171181996021335,0.019975572172835878
