,R2,MAE,MSE,RMSE,MAPE
gbr,0.9362072434485844,9.022720267491048,275.6195445944632,16.19578554980737,0.01975422496167214
