,R2,MAE,MSE,RMSE,MAPE
xgb,0.9292871536859012,8.596363396626135,248.81634513903865,14.790373970241927,0.018539211650361015
gbr,0.9265278228859403,8.297315503171784,255.55998305307403,14.842747143098538,0.017960566921696525
