,R2,MAE,MSE,RMSE,MAPE
gbr,0.9195781362655595,8.542497989953251,249.3862502423107,15.002418859111009,0.018070721733171806
xgb,0.9186812183026465,9.052875302681873,252.96014477313798,15.08526495968386,0.019066696471673455
