,R2,MAE,MSE,RMSE,MAPE
xgb,0.9062250188326123,8.898760465888568,284.0540168469565,16.01754842594729,0.01873258163621022
gbr,0.9049087952760019,8.310943685038804,277.9150369831169,15.603285494942764,0.01760131619774644
