,R2,MAE,MSE,RMSE,MAPE
gbr,0.9667937338307084,7.172501994318489,158.95409655201803,12.02231802116263,0.015591518390799575
