,R2,MAE,MSE,RMSE,MAPE
gbr,0.9149100889711528,8.452887219054043,259.2181652063287,14.807627988094623,0.017642359585367532
xgb,0.8960104801289237,9.752676291976435,308.3402106360219,16.439491207054164,0.020372081666672374
