,R2,MAE,MSE,RMSE,MAPE
gbr,0.9460009525954118,7.289899956938716,165.0677717097994,12.084575006669837,0.015173530992450477
xgb,0.9373892824056996,7.801492616846228,189.9532175484907,12.948557313583056,0.016225526416897416
