,R2,MAE,MSE,RMSE,MAPE
gbr,0.9345239646222641,8.697118297772622,276.8311634696079,15.531885927242058,0.019055946083326704
