,R2,MAE,MSE,RMSE,MAPE
gbr,0.9365010631620342,8.920600005974368,285.2706271807981,15.621691063549275,0.019777894333448884
