,R2,MAE,MSE,RMSE,MAPE
gbr,0.9220479614575604,8.495464080541081,274.9546055269573,15.81449862626025,0.018277997242235743
xgb,0.9175786448987562,9.093990133962325,293.17639305718177,16.242754707806014,0.019604469971823964
