,R2,MAE,MSE,RMSE,MAPE
gbr,0.961050728379264,7.994834204402361,200.6942474080749,13.225559591178234,0.017365583068128645
