,R2,MAE,MSE,RMSE,MAPE
gbr,0.9343654233279739,8.993296855505559,279.19391664846177,16.263162770965685,0.01951726347824637
