,R2,MAE,MSE,RMSE,MAPE
gbr,0.9368030738064238,7.314463770847638,235.89205093715296,13.9639696875004,0.01579492670487297
xgb,0.9339348306434909,7.48309965938445,243.92945971668092,14.369518172344822,0.01602921900914674
