,R2,MAE,MSE,RMSE,MAPE
xgb,0.9631325807004828,6.595552019541751,130.36596727005826,11.10657236158049,0.013641581687399373
gbr,0.9617307303850376,6.307240467903314,135.25822936024937,11.318382663773624,0.013109341920675147
