,R2,MAE,MSE,RMSE,MAPE
xgb,0.920304798595685,8.905648814080351,302.0392636974701,16.53387813672638,0.01903230303281994
gbr,0.9160095943886564,8.331922752777608,304.48037475536074,16.780240771431732,0.017742152335804638
