,R2,MAE,MSE,RMSE,MAPE
gbr,0.9563141696940646,7.710937151006922,196.0569700975096,13.223629894057776,0.01649762857452381
