,R2,MAE,MSE,RMSE,MAPE
gbr,0.9413200325597394,7.567461653179187,243.77310955131333,14.530265947914586,0.016594602580277038
