,R2,MAE,MSE,RMSE,MAPE
gbr,0.954059427091002,7.634052091397353,201.04047588198836,13.717487882920242,0.0162570006441692
