,R2,MAE,MSE,RMSE,MAPE
gbr,0.9256444848154416,9.535951967791288,309.4633926422047,16.989829586060996,0.020675576540989855
