,R2,MAE,MSE,RMSE,MAPE
gbr,0.937001937241045,8.404954967680458,250.04118149024808,14.964437743076767,0.018313640065682698
