,R2,MAE,MSE,RMSE,MAPE
gbr,0.9404936796372795,7.06894195530361,204.72369400353853,13.577180614020147,0.015189132523159196
xgb,0.9321826677220206,8.330717907977363,230.8081744672525,14.607108492800984,0.0177133747490337
