,R2,MAE,MSE,RMSE,MAPE
gbr,0.9190062908706645,10.576261924693515,385.8116199813011,18.709354694061528,0.023449764086969683
