,R2,MAE,MSE,RMSE,MAPE
gbr,0.945401088443635,7.465755173327347,214.07484631625812,13.15741088832624,0.016187184368871246
