,R2,MAE,MSE,RMSE,MAPE
gbr,0.9468233744563561,8.188940105165093,211.7329011303686,13.285506880952118,0.017424368897644222
