,R2,MAE,MSE,RMSE,MAPE
gbr,0.924054557849834,10.213582229772214,342.9021123202714,18.04309062861224,0.02217371721674664
