,R2,MAE,MSE,RMSE,MAPE
gbr,0.9255139744854043,9.146488368187484,347.6625150952344,17.411053864859944,0.020094186439503465
