,R2,MAE,MSE,RMSE,MAPE
xgb,0.9592406321231429,6.517041783355386,138.40862122048628,11.281009140438268,0.013908033462906541
gbr,0.9546166692808699,6.3184325910419705,152.7964183514045,11.747243705896262,0.013587964601057248
