,R2,MAE,MSE,RMSE,MAPE
gbr,0.9506734187142865,8.233066007881135,229.53232139973625,14.804650340592795,0.018019411016333056
