,R2,MAE,MSE,RMSE,MAPE
xgb,0.9362585127353669,4.780917870612229,63.318287094818615,7.891282370878915,0.008904866593988947
