,R2,MAE,MSE,RMSE,MAPE
xgb,0.9288162231445313,4.85662034252968,71.60991899567809,8.15814688996228,0.008992396256823167
