,R2,MAE,MSE,RMSE,MAPE
xgb,0.930773115158081,4.786721858360425,66.4300847862854,7.996777370028534,0.008890049451082438
