,R2,MAE,MSE,RMSE,MAPE
xgb,0.9169168710708618,5.448262252727895,83.49565945008268,9.015105186819017,0.010099116960394349
