,R2,MAE,MSE,RMSE,MAPE
xgb,0.9267889380455017,4.897782324349494,65.44967399130536,7.9019589148109635,0.009086136420397902
