,R2,MAE,MSE,RMSE,MAPE
xgb,0.9295117616653442,5.0400173031797975,68.42521605874693,8.14190156740541,0.009340332149807893
