,R2,MAE,MSE,RMSE,MAPE
xgb,0.9239686369895935,4.889771498358238,68.39459144074587,8.092300306803526,0.009175043099457037
