,R2,MAE,MSE,RMSE,MAPE
xgb,0.9320205211639404,4.8036121440157995,65.01193529885204,7.917368764586608,0.008989661732520329
