,R2,MAE,MSE,RMSE,MAPE
xgb,0.9235221683979035,5.094236366327779,73.48257978746794,8.3840387429449,0.009539929824888332
