,R2,MAE,MSE,RMSE,MAPE
xgb,0.936107587814331,4.785854998501865,62.354596447178025,7.8267458389587885,0.008867009548794276
