,R2,MAE,MSE,RMSE,MAPE
xgb,0.9174508035182953,5.083029529567547,77.67032041057894,8.73786479953275,0.009509939587060513
