,R2,MAE,MSE,RMSE,MAPE
xgb,0.9186977088451386,5.1399081920755325,76.37010151118704,8.611427802192988,0.009550090494164696
