,R2,MAE,MSE,RMSE,MAPE
xgb,0.919191712141037,4.977071372244425,70.03338249751856,8.146760756954162,0.009239630714609775
