,R2,MAE,MSE,RMSE,MAPE
xgb,0.9382312774658204,4.609744069369485,61.028795784523155,7.731237840964113,0.008555866785929744
