,R2,MAE,MSE,RMSE,MAPE
xgb,0.9301925539970398,4.857498044977617,68.51776201812343,8.053139785486241,0.009069649332928751
