,R2,MAE,MSE,RMSE,MAPE
xgb,0.9365385472774506,4.6808188084649185,62.2699216645482,7.784916029107431,0.008680104425939566
