,R2,MAE,MSE,RMSE,MAPE
xgb,0.910350376367569,5.169769261199727,81.19050194272229,8.900767766122199,0.009652013352119269
