,R2,MAE,MSE,RMSE,MAPE
xgb,0.9417330980300903,4.6969005720244175,56.11048161573113,7.373895666343602,0.008719180122330899
