,R2,MAE,MSE,RMSE,MAPE
xgb,0.928243625164032,5.019731869194326,70.80315138183279,8.167121589470513,0.009332971685187692
