,R2,MAE,MSE,RMSE,MAPE
xgb,0.9374448835849762,4.736394895356277,57.99095152108655,7.541662866357487,0.008819168758137033
