,R2,MAE,MSE,RMSE,MAPE
xgb,0.9196548819541931,5.145899478270591,76.35110399255433,8.627410090715845,0.009589456705257031
