,R2,MAE,MSE,RMSE,MAPE
xgb,0.920392882823944,5.241997367834971,77.51139610395288,8.5444663998741,0.009731534751052389
