,R2,MAE,MSE,RMSE,MAPE
xgb,0.9369831860065461,4.41745253376577,55.41973092334865,7.243144478829431,0.008189314763688445
