,R2,MAE,MSE,RMSE,MAPE
xgb,0.9335398852825165,4.6297106652175115,61.58469277160725,7.694228620773124,0.008592140781939456
