,R2,MAE,MSE,RMSE,MAPE
xgb,0.9269383788108826,4.830810708312031,67.47044863292173,8.122178371777865,0.00899735618991737
