,R2,MAE,MSE,RMSE,MAPE
xgb,0.9237299799919129,5.04893333171976,72.23605986423941,8.3986596764652,0.009398353716474628
