,R2,MAE,MSE,RMSE,MAPE
xgb,0.9262386083602905,4.801321319053914,69.95432815449004,8.048140795824581,0.008927056565917645
