,R2,MAE,MSE,RMSE,MAPE
xgb,0.9326385140419007,4.747636142918059,59.29850101506296,7.631475140943891,0.008889392419111925
