,R2,MAE,MSE,RMSE,MAPE
xgb,0.9117678701877594,5.229330187631128,76.69308277342886,8.61613805528099,0.009717076958692745
