,R2,MAE,MSE,RMSE,MAPE
xgb,0.9270534038543701,4.868452182558512,69.51144167191096,8.203609884730238,0.009057715757181705
