,R2,MAE,MSE,RMSE,MAPE
xgb,0.9358765959739686,4.471432430940984,55.62827362814234,7.375669178703691,0.008315959843044533
