,R2,MAE,MSE,RMSE,MAPE
xgb,0.9400111913681031,4.392985665013424,56.96514592263024,7.467123851534228,0.008168463582123727
