,R2,MAE,MSE,RMSE,MAPE
xgb,0.9257734000682831,5.2041609482082585,73.74033709402896,8.460394043164865,0.009653452465080531
