,R2,MAE,MSE,RMSE,MAPE
xgb,0.9378363847732544,4.584124507525374,55.91702094175747,7.354365833344794,0.008483210357403391
