,R2,MAE,MSE,RMSE,MAPE
xgb,0.9442849338054657,4.272884118569434,52.051633248477025,7.054857828524959,0.007935872594173695
