,R2,MAE,MSE,RMSE,MAPE
xgb,0.9221519827842712,4.730584445742106,68.30547140905585,8.147418475317663,0.008837711290418541
