,R2,MAE,MSE,RMSE,MAPE
xgb,0.9335132122039795,4.847125699751803,62.13620836322218,7.805259588829395,0.009057098134176881
