,R2,MAE,MSE,RMSE,MAPE
xgb,0.915046888589859,5.0203314108534665,72.56768311741669,8.42438672431673,0.009375026693619075
