,R2,MAE,MSE,RMSE,MAPE
xgb,0.924429965019226,4.910137874479703,71.99886395627641,8.393424839287638,0.00918782269761186
