,R2,MAE,MSE,RMSE,MAPE
xgb,0.9364376723766327,4.804758835237477,62.604125890665976,7.889520846471622,0.008907773638470725
