,R2,MAE,MSE,RMSE,MAPE
xgb,0.9247934460639954,5.412498654292793,79.78791563440998,8.700566855303355,0.010106403598887878
