,R2,MAE,MSE,RMSE,MAPE
xgb,0.923358702659607,4.876964767998166,66.34941971885785,8.029715482145736,0.009059199282403584
