,R2,MAE,MSE,RMSE,MAPE
xgb,0.9317085564136505,4.869462475034262,66.90183860762679,8.097083656100711,0.009070610600597339
