,R2,MAE,MSE,RMSE,MAPE
xgb,0.9392672061920166,4.830235610212528,62.41060955713899,7.822256687582329,0.008953320735694369
