,R2,MAE,MSE,RMSE,MAPE
xgb,0.9368263423442841,5.108479299914002,68.70282261162163,8.144593862043468,0.00949308176779738
