,R2,MAE,MSE,RMSE,MAPE
xgb,0.9003816843032837,5.614316139500218,89.32822904176791,9.268596856125878,0.01043179732837173
