,R2,MAE,MSE,RMSE,MAPE
xgb,0.9235730350017548,5.1789515105659065,69.78602911066996,8.225113442037673,0.009611169810189887
