,R2,MAE,MSE,RMSE,MAPE
xgb,0.9209725439548493,5.208324582250389,70.21512613250248,8.258598443772266,0.009690770863454285
