,R2,MAE,MSE,RMSE,MAPE
xgb,0.9202776491641999,4.976276295262321,73.37771863159051,8.449145900669954,0.009270477785080824
