,R2,MAE,MSE,RMSE,MAPE
xgb,0.9328197836875916,4.563861718970033,61.88688905130984,7.774996659285241,0.00850734814424472
