,R2,MAE,MSE,RMSE,MAPE
xgb,0.9423993229866028,4.522007674931733,56.08402970814232,7.327034614383086,0.008406347987576656
