,R2,MAE,MSE,RMSE,MAPE
xgb,0.9359678387641907,4.816186363196298,63.6509376949204,7.922725080276928,0.008966452397434327
