,R2,MAE,MSE,RMSE,MAPE
xgb,0.9163203418254853,4.909401311445883,69.32252728041487,8.246641839390325,0.009172156981618673
