,R2,MAE,MSE,RMSE,MAPE
xgb,0.9211785137653351,4.730055850675736,72.57662908765015,8.322659886800048,0.00880647622020217
