,R2,MAE,MSE,RMSE,MAPE
xgb,0.9140064954757691,5.305579121508943,75.62871891527854,8.592479175946615,0.009866393716980275
