,R2,MAE,MSE,RMSE,MAPE
xgb,0.9268309533596039,4.745116132379451,65.84064560807211,7.974412263619742,0.008876172107808103
