,R2,MAE,MSE,RMSE,MAPE
xgb,0.9149070739746094,5.215031368929266,79.53263325242334,8.834707033240878,0.009732273525132748
