,R2,MAE,MSE,RMSE,MAPE
xgb,0.9284457802772522,4.963084489350035,68.53851498509955,8.173593191353941,0.009208095288203426
