,R2,MAE,MSE,RMSE,MAPE
gbr,0.8596699826199259,10.59385903913704,432.05194563704765,18.891146341619788,0.022872370381493992
