,R2,MAE,MSE,RMSE,MAPE
gbr,0.8741661578168497,10.134634617344322,434.2488374882176,19.38989686319079,0.0222862860428867
