,R2,MAE,MSE,RMSE,MAPE
gbr,0.9240544193599153,7.88877172784088,259.06237598409336,14.102451725423268,0.017188090549623353
