,R2,MAE,MSE,RMSE,MAPE
gbr,0.8698935810166765,10.21498973929146,476.93054052437435,19.981505756711144,0.02283486938059688
