,R2,MAE,MSE,RMSE,MAPE
gbr,0.9288040301753574,8.968310943018599,244.03682418328594,14.533109338230293,0.018916367365762753
