,R2,MAE,MSE,RMSE,MAPE
gbr,0.7893652536459074,11.707717293565466,518.2465064428181,19.959503155376222,0.02506502011505194
