,R2,MAE,MSE,RMSE,MAPE
gbr,0.8584287431090007,9.061284877748939,268.6776792466251,15.080548742626007,0.019231687433154666
