,R2,MAE,MSE,RMSE,MAPE
gbr,0.9023302453864537,10.512934646083929,465.2147452782847,18.663351834893458,0.0224742018450418
