,R2,MAE,MSE,RMSE,MAPE
gbr,0.9402623406174753,7.205551219976859,211.57583990983807,12.57180323117828,0.014880330169097322
