,R2,MAE,MSE,RMSE,MAPE
gbr,0.8536177090040662,11.446944669090716,467.9719750305209,20.05222580956302,0.025010180824887346
