,R2,MAE,MSE,RMSE,MAPE
gbr,0.890201048327774,9.133910835119355,315.8601928292963,16.41063116229321,0.01983043973778393
