,R2,MAE,MSE,RMSE,MAPE
gbr,0.896988601980061,8.933208961616211,309.45906588453204,16.02959780585711,0.019002265907672403
