,R2,MAE,MSE,RMSE,MAPE
gbr,0.8646109466139229,9.758247688409053,439.49891502100616,18.62581322254868,0.021757083874137835
