,R2,MAE,MSE,RMSE,MAPE
gbr,0.9238343551291324,7.099692046144645,169.73862589842523,12.589125110996338,0.014584202449458192
