,R2,MAE,MSE,RMSE,MAPE
gbr,0.8895174825302149,9.79815397456895,388.82696824706,16.6893059799433,0.02189312079975008
