,R2,MAE,MSE,RMSE,MAPE
gbr,0.9169059623983753,7.8796823460263825,233.01952620639085,14.250938403477686,0.016588390932128792
