,R2,MAE,MSE,RMSE,MAPE
gbr,0.9510387152047761,7.085332248325076,177.59891720669984,12.036037607684882,0.014716909653164568
