,R2,MAE,MSE,RMSE,MAPE
gbr,0.898711716275927,10.184441515818223,350.23422927972615,16.96855209471776,0.021539958343906034
