,R2,MAE,MSE,RMSE,MAPE
gbr,0.9086932387341313,9.144570434431072,302.03016826352166,14.935792220236351,0.019588541266309017
