,R2,MAE,MSE,RMSE,MAPE
gbr,0.8710552149379177,8.430657637879518,334.51211942671824,16.009627326864866,0.018358959662679062
