,R2,MAE,MSE,RMSE,MAPE
gbr,0.8730685349938117,10.125527503778509,347.050371199056,17.7593887658585,0.021900929286056782
