,R2,MAE,MSE,RMSE,MAPE
gbr,0.9294205463657954,6.653456157207299,174.63425134240305,12.007178192561527,0.014074212785157724
