,R2,MAE,MSE,RMSE,MAPE
gbr,0.9308809607643816,7.985004793058039,260.786959871,14.35578757959201,0.016858252967450187
