,R2,MAE,MSE,RMSE,MAPE
gbr,0.8694955555833289,9.4468735218141,401.6442706037226,18.11486825967996,0.020615740972537256
