,R2,MAE,MSE,RMSE,MAPE
gbr,0.92718763985793,7.519027688672802,226.61126202289546,13.413209329693572,0.016287589206904044
