,R2,MAE,MSE,RMSE,MAPE
gbr,0.8022121967577224,13.16644544990801,563.0353432873211,21.85224011480339,0.028992831960004805
