,R2,MAE,MSE,RMSE,MAPE
gbr,0.9068986076241646,8.17018383001931,320.8807357589734,14.78328324394585,0.017919042855541422
