,R2,MAE,MSE,RMSE,MAPE
gbr,0.9205407769990636,8.545269594453657,257.16358725972844,14.803720214463393,0.017924700612342876
