,R2,MAE,MSE,RMSE,MAPE
gbr,0.8718138618654573,8.70540071713137,371.1192671196437,15.172949675781727,0.01909685333254877
