,R2,MAE,MSE,RMSE,MAPE
gbr,0.9317906402728144,8.346046668210858,256.2214016499811,13.70417268598506,0.017462214587610478
