,R2,MAE,MSE,RMSE,MAPE
gbr,0.9004355815389712,9.605553399871033,275.93706324780146,16.044072453852813,0.020679193643286804
