,R2,MAE,MSE,RMSE,MAPE
gbr,0.8808535393234408,8.203670672848824,335.21500686614365,15.371989677403894,0.01814561140664741
