,R2,MAE,MSE,RMSE,MAPE
gbr,0.8881122054667024,9.082843207097234,337.95094146552265,15.731014442570935,0.019007186976575517
