,R2,MAE,MSE,RMSE,MAPE
gbr,0.9119802480705161,8.114697511947037,245.94495458002467,13.497764497925289,0.017271805212323653
