,R2,MAE,MSE,RMSE,MAPE
gbr,0.8721763643180942,10.93794256812487,414.7621324904787,19.271786711747684,0.023190852067008837
