,R2,MAE,MSE,RMSE,MAPE
gbr,0.9844677059088138,4.364979761648188,58.38397637944013,7.337582932129417,0.00972375775631316
xgb,0.984111583929335,4.5337928600054225,60.00382363391175,7.4620405798331095,0.010110304440674464
rf,0.9838381343272842,4.368173454487199,61.411358566339594,7.599985558445219,0.009742710978472735
BayesianRidge,0.9797368112908332,5.510080953541159,77.83995066716572,8.693988356399814,0.012599222038464536
