,R2,MAE,MSE,RMSE,MAPE
gbr,0.9859255995932783,4.640289094488862,53.011682844147515,7.2268636964730195,0.010342946933830621
xgb,0.9851586078083671,4.8295695894554935,56.07175425748951,7.433321644837332,0.010771567203706447
rf,0.9846234641687349,4.608283777553994,57.93523019947152,7.588678246585178,0.010259712422339947
BayesianRidge,0.9800525576827628,5.734498422420503,75.1404710346373,8.65096546886363,0.013186646948179184
