,R2,MAE,MSE,RMSE,MAPE
gbr,0.9816910563331648,4.977916332690273,66.7462049574406,8.065942144628583,0.01124287931475878
xgb,0.9806421205838907,5.155849532930249,70.82173946386817,8.327463748318376,0.01166231453530565
rf,0.9803708815733124,4.760846371711973,71.37950417115178,8.380615400445537,0.01071412632834462
BayesianRidge,0.9754899227729157,6.06702985119569,89.666266843082,9.43024392333679,0.013959002573645813
