,R2,MAE,MSE,RMSE,MAPE
xgb,0.9195687055587769,5.107671440706481,74.23912008938365,8.418006821162283,0.009499027003440328
