,R2,MAE,MSE,RMSE,MAPE
xgb,0.9326671183109283,4.786028599116247,61.46767087932568,7.741558648926146,0.008895693428904393
