,R2,MAE,MSE,RMSE,MAPE
xgb,0.9203272223472595,4.8523186897907635,70.97299971863018,8.289468539298037,0.009047521072560783
