,R2,MAE,MSE,RMSE,MAPE
xgb,0.9312651872634887,4.536525804445911,63.53558511501302,7.809558381523075,0.008470482866835284
