,R2,MAE,MSE,RMSE,MAPE
xgb,0.9283665120601654,5.027564688336762,70.66034942669987,8.278047755668396,0.009377197127651971
