,R2,MAE,MSE,RMSE,MAPE
xgb,0.9387747585773468,4.59666449328575,59.68602219131194,7.543931059811068,0.008559040508565674
