,R2,MAE,MSE,RMSE,MAPE
xgb,0.9150810599327087,4.885465176302313,75.596462118811,8.533835512676836,0.009187602283418833
