,R2,MAE,MSE,RMSE,MAPE
xgb,0.9400682985782624,4.713760963926245,58.5609115993027,7.593563107926653,0.008743265465945952
