,R2,MAE,MSE,RMSE,MAPE
xgb,0.9332276999950408,4.696428123561815,62.349375138833864,7.705985681104511,0.008767362310553205
