,R2,MAE,MSE,RMSE,MAPE
xgb,0.9272021949291229,5.133270596909798,72.61577808392147,8.485894090865028,0.009535533773167699
