,R2,MAE,MSE,RMSE,MAPE
xgb,0.9125231981277466,5.402461964558408,80.85570918523862,8.83294554025589,0.010058889764513853
