,R2,MAE,MSE,RMSE,MAPE
xgb,0.913185042142868,5.112284997364072,79.56211752845765,8.807613249094416,0.009532570456373164
