,R2,MAE,MSE,RMSE,MAPE
xgb,0.9272269010543823,4.819334069215143,65.95662886684532,8.029759977212453,0.008996944634886263
