,R2,MAE,MSE,RMSE,MAPE
xgb,0.9132783353328705,5.090025598252953,80.50742792377113,8.803687450029019,0.00947300690179254
