,R2,MAE,MSE,RMSE,MAPE
xgb,0.9253904461860657,4.628120700593029,62.78186166775763,7.726420115276248,0.008665666215082702
