,R2,MAE,MSE,RMSE,MAPE
xgb,0.9218296587467194,5.118805980383415,70.96732260621725,8.298462002337638,0.00951542080908662
