,R2,MAE,MSE,RMSE,MAPE
xgb,0.9208320856094361,5.012224531821447,71.80987490341457,8.354956048365313,0.009314604155108286
