,R2,MAE,MSE,RMSE,MAPE
xgb,0.9156381189823151,5.195418331341559,73.97487765188046,8.48518809412283,0.009651725363514958
