,R2,MAE,MSE,RMSE,MAPE
xgb,0.9347340345382691,4.791192080060267,62.43813459212306,7.6406770676741305,0.008857323707294753
