,R2,MAE,MSE,RMSE,MAPE
xgb,0.9251489579677582,5.105695002604677,67.19676618390643,8.14940819917049,0.009524036742139088
