,R2,MAE,MSE,RMSE,MAPE
xgb,0.9325371265411377,4.837896565085544,62.295505561932124,7.768422272171369,0.008995835532116216
