,R2,MAE,MSE,RMSE,MAPE
xgb,0.9298840224742889,4.735244473544034,63.28515027179395,7.819737006245485,0.008791112420212749
