,R2,MAE,MSE,RMSE,MAPE
xgb,0.9438716650009156,4.523253099447507,52.963474492319065,7.185946917965306,0.00837330038652389
