,R2,MAE,MSE,RMSE,MAPE
xgb,0.9149345695972443,5.144776697268432,74.71685511484915,8.573678295562647,0.009517518945553064
