,R2,MAE,MSE,RMSE,MAPE
xgb,0.9338470578193665,4.774272394529082,65.91150507616405,7.894591345764968,0.008850566059629122
