,R2,MAE,MSE,RMSE,MAPE
xgb,0.9368665277957916,4.579659871945436,60.002342799748135,7.550049557253604,0.008520255417511191
