,R2,MAE,MSE,RMSE,MAPE
xgb,0.9225380599498749,5.020933238142087,73.93982490769653,8.477468604279926,0.009390399753750518
