,R2,MAE,MSE,RMSE,MAPE
xgb,0.9406492590904236,4.992608493896612,61.43561549653464,7.801004549907148,0.009251576638092614
