,R2,MAE,MSE,RMSE,MAPE
xgb,0.9203619956970215,4.943729112439767,73.55860695282135,8.424855453551588,0.00919253983025344
