,R2,MAE,MSE,RMSE,MAPE
xgb,0.9254355251789093,4.941867068219957,69.98661500790747,8.300230204102544,0.009168329608017958
