,R2,MAE,MSE,RMSE,MAPE
xgb,0.9414023518562317,4.507637424528785,55.50259965106558,7.375453825466008,0.00836445475231273
