,R2,MAE,MSE,RMSE,MAPE
xgb,0.9415271699428558,4.784253024556669,58.78395148698098,7.578469654714357,0.008851532439422109
