,R2,MAE,MSE,RMSE,MAPE
xgb,0.945161634683609,4.354913828739179,50.651920692376414,7.034520007672434,0.008073602072665493
