,R2,MAE,MSE,RMSE,MAPE
xgb,0.9171401560306549,4.983080491053024,73.8735017468236,8.459831641179834,0.009293670424633915
