,R2,MAE,MSE,RMSE,MAPE
xgb,0.9239629447460175,5.0274039719919426,74.25586926888316,8.582253973049532,0.009347281121663541
