,R2,MAE,MSE,RMSE,MAPE
xgb,0.9259814918041229,4.649564678865789,68.72287117290465,8.064107865808282,0.008632954351116712
