,R2,MAE,MSE,RMSE,MAPE
xgb,0.9089468777179718,5.096729189674433,81.70389586842947,8.876729614831099,0.009503539014772269
