,R2,MAE,MSE,RMSE,MAPE
xgb,0.9253360807895661,5.017099854440399,72.257394952129,8.346702260467719,0.009292255282443712
