,R2,MAE,MSE,RMSE,MAPE
xgb,0.918218594789505,5.15676515274287,72.79470887578377,8.42657510898116,0.009565543313803857
