,R2,MAE,MSE,RMSE,MAPE
xgb,0.9278811097145081,4.717914851556378,63.47211161060362,7.914401525007361,0.008849534760973951
