,R2,MAE,MSE,RMSE,MAPE
xgb,0.9394621074199676,4.3913922344753855,53.72409349577841,7.28127572084387,0.00817119923511319
