,R2,MAE,MSE,RMSE,MAPE
xgb,0.9314199268817902,5.004041107719844,69.25372845212848,8.260414999196596,0.009389165698739214
