,R2,MAE,MSE,RMSE,MAPE
gbr,0.970428953058913,3.579817686388676,93.39636913581036,9.022928850207654,0.008047397819647844
rf,0.965892867003409,3.5847892140548248,107.67284901591874,9.52292289772296,0.008356341458987188
xgb,0.946718511849974,4.409414950075808,169.17472529559754,11.067785566325126,0.010013203155444284
BayesianRidge,0.8952999390967751,7.114596904101918,324.8796091658537,17.03369119558456,0.01595273496378239
