,R2,MAE,MSE,RMSE,MAPE
gbr,0.9589103220095332,4.380875485882443,117.22622760347755,10.051007042629191,0.009898987571853689
rf,0.9565180503273879,4.245344171181397,118.66373171737234,10.322542008649812,0.009605632760142223
xgb,0.9467549843760421,4.913598902705195,164.79758713346376,10.946307201226443,0.010985153404300896
BayesianRidge,0.8932658526879094,6.637675711589438,269.62265308062103,15.63735556018921,0.014229166764700546
