,R2,MAE,MSE,RMSE,MAPE
rf,0.9537365119801029,4.494669086933792,118.68903389387579,10.371024320170374,0.009886240856819118
gbr,0.952287284183041,4.554985659771448,121.74073923938104,10.265304494315146,0.009839666328850088
BayesianRidge,0.9201042634470695,6.183716195503662,193.0586730057661,13.495232925096875,0.013337963926018392
xgb,0.9045764569463621,5.915392694330072,246.59381006760174,13.873520854359985,0.012463279347098618
