,R2,MAE,MSE,RMSE,MAPE
gbr,0.9565765411065499,4.576660494520609,135.36927597083607,10.55912604755132,0.009987447750420642
rf,0.9454425827013253,4.89405782884737,170.9161747200733,11.719362745713218,0.010820870112626672
xgb,0.9208275654229426,6.10697051039687,249.31005112334674,14.34821616184955,0.01348791955499167
BayesianRidge,0.842507746361132,8.744545204065334,464.21507402443586,19.738971265526267,0.019689021596553568
