,R2,MAE,MSE,RMSE,MAPE
rf,0.9574919488125992,3.9931080636144762,122.53885997225191,9.844523401566253,0.00861304542060123
xgb,0.9547474592428647,4.454857649244703,134.4765732046562,10.254910782666547,0.009478385194369195
gbr,0.9537342662699857,4.209639325975996,132.13344642948,10.345002938090904,0.008997079853370114
BayesianRidge,0.9044953409635665,6.7651973806991546,259.6243367757018,15.753323401690068,0.014453653154094276
