,R2,MAE,MSE,RMSE,MAPE
gbr,0.9656642107318556,4.185286176543804,89.5662257281301,8.929111939090934,0.009088380198451127
rf,0.9642217992827543,3.8525820880959465,91.31061597302825,9.012497486470165,0.00842854506912683
xgb,0.9458616172860278,4.9770466677920595,134.4114684915845,10.885531408730676,0.010754622717730832
BayesianRidge,0.8323732536688814,7.993066732640761,401.6397430223716,18.479250187314232,0.017706391182143684
