,R2,MAE,MSE,RMSE,MAPE
rf,0.9817341999579341,3.105179713624252,49.88589584708686,6.868519165243529,0.006737317841859656
gbr,0.9766144881563571,3.417014139158644,58.101753859884504,7.2137119924897295,0.00730348127147806
xgb,0.9723925669957882,3.9527100310454495,77.82474724250554,8.054726284652318,0.0084241753675778
BayesianRidge,0.9113663312092898,6.355028641414192,212.85180497208904,13.977676410817057,0.013368579038156164
