,R2,MAE,MSE,RMSE,MAPE
gbr,0.9668028839241585,4.606247575981161,103.03705780582895,9.735465708955973,0.010158088423227995
rf,0.9615253235911754,4.940346200814928,120.27913824884197,10.421909623202609,0.010956998668708242
BayesianRidge,0.9321644344215203,6.42000509414205,211.1681076216584,14.101299811250252,0.014134293869875173
xgb,0.9134224987066453,6.197823935843803,272.80450164956744,14.466714003353454,0.01376982232963438
