,R2,MAE,MSE,RMSE,MAPE
rf,0.9495229547419399,5.109233742736973,152.36446012537883,11.468170427131145,0.010734738687649292
gbr,0.9491987882875582,5.1138635074835985,154.4891784533168,11.405040912617924,0.010629375077885637
xgb,0.9067342248577159,6.278841559149482,278.8788922813408,14.135563092796712,0.013236697596884681
BayesianRidge,0.7940141339236171,10.842559444584028,608.1713931201554,23.74893525498227,0.023314925434798385
