,R2,MAE,MSE,RMSE,MAPE
gbr,0.9591346946833633,4.234740788663324,110.9093454899506,9.336255216230862,0.009071224661157068
xgb,0.9476989133312598,4.652566419263502,126.78656678759323,9.8614403110535,0.00993847449899539
rf,0.9475966976646818,4.307397304935259,132.10560383693644,10.201424899900896,0.009345096051363102
BayesianRidge,0.8983363131761722,7.52436451066192,294.55251562598704,16.361174603414675,0.01650054920774508
