,R2,MAE,MSE,RMSE,MAPE
rf,0.9516479544038197,4.062623629479028,115.35188680633075,9.823953265584453,0.008775959331969441
gbr,0.9483261351625364,4.185093980047872,122.1914913536264,10.181132111154835,0.009065851884180997
BayesianRidge,0.9311401281049839,5.430128282438643,171.92966692598054,12.343695884657846,0.011664043711564645
xgb,0.926822260789743,5.118485955590601,183.69281792333845,12.308215906416729,0.011158651622153681
