,R2,MAE,MSE,RMSE,MAPE
gbr,0.9588206260974308,4.486280030050644,137.43584862969382,10.428599928640878,0.00931618050235705
rf,0.955206828862346,4.4816752663263095,147.69530342253765,10.737522395842488,0.009295973353848404
BayesianRidge,0.9120984537896891,6.988271029624537,294.68605951355255,15.551722263195211,0.014817744657647134
xgb,0.8940963407482917,5.986812848156995,338.515293739648,14.074691918905225,0.012200418063507664
