,R2,MAE,MSE,RMSE,MAPE
gbr,0.9465031787664279,5.055661407517212,173.1392519061946,12.070991569956002,0.011041558885246517
rf,0.9462031329966883,4.787741968390609,175.85997898025732,12.04956996781392,0.010456894532968405
xgb,0.9214391758269581,5.875995005014781,256.61288878289645,14.45437714433172,0.012761010370664646
BayesianRidge,0.911362864438907,6.841816060473754,269.23957862715633,15.804891196387464,0.01459555123015591
