,R2,MAE,MSE,RMSE,MAPE
xgb,0.9643240771941368,3.7711814270935973,83.75442410318918,8.70144016836738,0.00802275203835639
gbr,0.9622662018684951,3.5492156715385064,91.30253262834945,9.07196543874144,0.007733186182404346
rf,0.9570431563674351,3.443761601467872,102.65996792591372,9.302591815670292,0.007686328098420715
BayesianRidge,0.8871716348998945,6.42776437521294,267.9220122859575,15.554955555156951,0.01397945332148778
