,R2,MAE,MSE,RMSE,MAPE
gbr,0.9631945582742028,4.169746472566777,120.05467487918467,9.890124689282493,0.009226177262392601
rf,0.9613336468332833,3.9414444342540023,126.11796431127024,9.712098449676091,0.008765447367622078
BayesianRidge,0.9556234767520719,5.030594496364539,140.39094698860006,11.48217679454741,0.010929856318783009
xgb,0.9386928016790215,4.973494195336694,195.31496610118455,12.083689531768703,0.01094281579630095
