,R2,MAE,MSE,RMSE,MAPE
gbr,0.9495585542857512,4.792557400189464,149.68455519436196,10.55027672694909,0.010765429615384303
rf,0.941447296304837,5.00511359603161,173.97357663611683,11.31386855356298,0.01122641783548891
xgb,0.930916209868041,5.743709826770129,217.94260739868633,12.272924700398594,0.012926960178987885
BayesianRidge,0.9176584011668354,6.35847480572197,209.30452865964358,13.669633486786854,0.014245762627315648
