,R2,MAE,MSE,RMSE,MAPE
rf,0.9665802057509346,3.9870148796276537,91.09152602567417,9.116666309311231,0.008835420555375575
gbr,0.9565394783532319,4.68572608163913,116.7841545897049,10.36122062690103,0.01040092232015061
xgb,0.9473172945849981,5.20239445316899,145.18433038356596,10.967781217220939,0.011491146974452927
BayesianRidge,0.910450161141054,6.670672942113787,220.86153795890965,14.196899933880058,0.014328729465402363
