,R2,MAE,MSE,RMSE,MAPE
rf,0.9536501269896986,4.020647805585698,137.19621558747286,10.626384776073577,0.008912118333469575
gbr,0.9529776191423244,3.938304438522681,137.17392480781592,10.725230552876033,0.008836400944778802
BayesianRidge,0.9180177090132787,6.069094599474818,240.17261182908982,14.913727236230432,0.013754621575822029
xgb,0.8987918071655281,5.290817938452369,308.9391621480746,14.568794161671738,0.01159254356741502
