,R2,MAE,MSE,RMSE,MAPE
rf,0.9575957424634683,4.075158262732108,152.39383733698185,10.3904216905157,0.009115868845722153
gbr,0.957504770052568,4.341985829126217,149.24782594820616,10.504166743417688,0.009742431961399633
BayesianRidge,0.9359150236367091,5.389212038962286,197.08029682726732,12.846556255135573,0.011921455472570296
xgb,0.9337805558006167,4.844670895871457,232.17858766976764,12.267611917509921,0.010488345719951615
