,R2,MAE,MSE,RMSE,MAPE
gbr,0.9552659295938406,4.527064578699616,109.84553063924879,10.017910787102258,0.009946322136916052
rf,0.9552638314271149,4.409570831169364,114.462056245228,10.172141159349374,0.009711569056709564
xgb,0.9473685370831753,4.921960951429945,135.78173860808846,11.056347429365854,0.010648700929913638
BayesianRidge,0.7951698016071977,9.368952135867115,502.4736844251344,21.131068784504073,0.020476029956641457
