,R2,MAE,MSE,RMSE,MAPE
gbr,0.9532916680062936,4.17327933960864,132.1583603918458,10.143547712217298,0.009205445881904984
rf,0.9497323719412449,4.018205888468547,139.74298656522677,10.223654864943356,0.008848424878459504
xgb,0.9450919250810623,4.6108048658399605,152.43011619698046,10.833362989233127,0.010036864987234616
BayesianRidge,0.9264551887536012,6.013928232793754,214.57135244382442,13.502284845713339,0.013027790624751127
