,R2,MAE,MSE,RMSE,MAPE
gbr,0.953592932673741,4.895017445061455,130.88789071454266,10.846342291077239,0.01071940824253544
rf,0.9503293370265062,5.008850718437133,139.14791192214815,10.968331621094151,0.010890349463132745
xgb,0.9163090069933301,6.193349123659791,242.15256964962919,13.852068627866839,0.013432727234158809
BayesianRidge,0.8388741168004265,10.642150878277487,482.9543732319697,21.50278308562961,0.023509360285942763
