,R2,MAE,MSE,RMSE,MAPE
gbr,0.971977045447141,3.3018190925672157,60.98757949517103,7.387142307636372,0.007009802659575304
rf,0.9713863415564914,3.196038131508753,67.84044962224873,7.449215744565021,0.006744539921859477
xgb,0.9305720072793697,4.284955248216967,125.14033691039242,9.648433024867822,0.009141020175308864
BayesianRidge,0.882252036106791,6.009849405579948,224.31535897895637,14.281993263526823,0.012858359306156506
