,R2,MAE,MSE,RMSE,MAPE
rf,0.9584232020351837,4.116518898279081,120.12430502751405,10.052111367326074,0.00910406713690303
gbr,0.9580890510914368,4.079510297039258,117.4060751098089,10.033219073050558,0.008918943951008163
xgb,0.9528716184120031,4.762437895353849,132.08281022066802,10.736169899499881,0.010373215030729707
BayesianRidge,0.8881465531264935,7.878205289356165,303.3800655508253,16.81084819404595,0.017358426164108327
