,R2,MAE,MSE,RMSE,MAPE
gbr,0.9808876488026443,3.5896342246032646,62.00041921773607,7.409656154190818,0.007709446570159317
rf,0.9807122121401669,3.437137609627979,63.06343413748402,7.532893567763082,0.0073019573129911985
xgb,0.9662520627877387,4.385760071900514,108.60981617832667,9.488593921247777,0.009560259736514582
BayesianRidge,0.9523239446935033,5.2410318224911965,157.6703711438892,12.03591253713127,0.01106836578405232
