,R2,MAE,MSE,RMSE,MAPE
rf,0.9650188979362117,4.2738943561608025,112.86518082139057,10.080559002989267,0.009297531732349047
gbr,0.96373650491033,4.495994392693001,111.85088753734803,10.156793994202753,0.009755273961294473
xgb,0.9487049717490186,5.532116201131551,163.73145320956345,12.177851933114704,0.012061230838369668
BayesianRidge,0.9093036433068236,7.5130090414752235,285.27746936542684,16.490333571539168,0.01651402947145813
