,R2,MAE,MSE,RMSE,MAPE
xgb,0.972704180983326,4.185195237809832,82.73022025903886,9.006601807298809,0.008867637588097551
rf,0.9716565189716547,3.953815175336223,86.87750642247788,9.116660827825664,0.00849769592261224
gbr,0.967927403975253,4.194427548127454,97.46869770097734,9.556790017725962,0.00908735322557187
BayesianRidge,0.9111859905349571,7.626073989480051,277.451998720995,16.106345283696296,0.016410597780575815
