,R2,MAE,MSE,RMSE,MAPE
rf,0.9604092870410158,4.280321843083618,111.4756724677057,10.496094196629734,0.009291630993785983
xgb,0.9591197724137845,4.726183166962128,117.81736620288386,10.634602252489703,0.01013552947645574
gbr,0.9575653183497229,4.462383861143631,118.50716855264368,10.752090233563544,0.009779653969241619
BayesianRidge,0.9311012167910174,6.077973794372045,185.11912844298016,13.295531545955992,0.013004530191092694
