,R2,MAE,MSE,RMSE,MAPE
gbr,0.945378114683195,5.243262220768811,188.87892619247674,11.195144597001761,0.011231171403755609
rf,0.9344871536470809,5.344145970799049,219.2145482041843,12.19812008300681,0.01151111038017829
xgb,0.896879580873694,6.822331914586705,365.40881706123105,15.593751495740833,0.014367073819666726
BayesianRidge,0.8753154701090731,8.128159258009628,426.90615650797525,17.73800855832237,0.017364219383950698
