,R2,MAE,MSE,RMSE,MAPE
rf,0.9467310190284314,4.859653695163855,165.6591539733567,11.706463791277073,0.010730131913722903
gbr,0.9424013313781652,5.179578019930311,178.31272603519366,12.376501269947507,0.011558230819675852
BayesianRidge,0.9219168478669608,6.177194221426701,244.695135104249,14.17381642116828,0.013313157549727164
xgb,0.9206364129772899,6.287781256140173,245.45741224404605,14.442419165872613,0.013866074988472565
