,R2,MAE,MSE,RMSE,MAPE
rf,0.9603506574445566,3.7265514271588396,109.26792571483975,9.62904534093428,0.007908071039448952
gbr,0.9579193645584436,4.145479810411452,114.0271769709469,9.962135693972296,0.008729882049580041
BayesianRidge,0.9403672658649681,5.256542070682971,161.82522661231778,12.445054259630421,0.011273038595323973
xgb,0.8886666821051543,5.829348894640489,277.7158665053465,15.232882968393785,0.012548794350754098
