,R2,MAE,MSE,RMSE,MAPE
xgb,0.9564643608093247,4.792539662312459,139.6333292251576,10.548304346275884,0.010507690814733536
gbr,0.9475807793402306,4.873098413260717,166.47833690130943,11.531489360096064,0.010802500216850657
rf,0.9448044628278556,4.727931300264517,177.10759451659135,11.508581530329604,0.01055340305225709
BayesianRidge,0.8717846415288607,7.642254321149193,386.775059029621,17.995338709366802,0.016985251539814568
