,R2,MAE,MSE,RMSE,MAPE
gbr,0.9715425919395513,3.5092253381357876,96.07180997699237,8.547074865533247,0.007641006383139673
rf,0.970548400421339,3.7111522960167065,100.31039922502364,9.120097906946187,0.008114395487059466
BayesianRidge,0.9565317358442751,4.901832104662864,139.73520561826015,10.954028505750065,0.010590859949598484
xgb,0.9547430527445547,4.611386662388707,158.6443308442563,11.21894479469951,0.009920018473066335
