,R2,MAE,MSE,RMSE,MAPE
gbr,0.9544232806227203,4.6822969491672035,138.5843166797158,10.566701732041558,0.010342489986160292
rf,0.953768861059246,4.637739090049385,137.35324288519595,10.574376318884337,0.010185656381195602
xgb,0.9309140227767305,5.6613327118011565,208.90351510004453,12.331857940215915,0.012030964573093668
BayesianRidge,0.8972196466130689,7.397412484837332,276.8889748823002,15.677456626651974,0.01594619676878483
