,R2,MAE,MSE,RMSE,MAPE
rf,0.9226703800747063,4.571367587479367,164.3123503214822,11.911590734049302,0.009957760936320604
gbr,0.9175535375266936,4.883253923939696,178.03377305181039,12.460344652917755,0.01063236298520558
BayesianRidge,0.8759687876347705,7.743591600641518,286.76107939692804,16.24305899244351,0.017402001250863504
xgb,0.8709143662117708,5.4098583993539435,272.21436597437236,14.55729710630518,0.011578226876177147
