,R2,MAE,MSE,RMSE,MAPE
xgb,0.9776747320452539,3.8471292406574946,81.9099356894119,8.89972730729301,0.008724038615764604
