,R2,MAE,MSE,RMSE,MAPE
xgb,0.9713202267617367,4.30285594270895,102.28117639333023,9.780522133513255,0.009608799525985482
