,R2,MAE,MSE,RMSE,MAPE
xgb,0.9794717972632417,3.642968212541663,72.47446266241766,8.319271161890653,0.008005315158604864
