,R2,MAE,MSE,RMSE,MAPE
xgb,0.9731798599090016,4.037050824249976,100.13656196167196,9.5962560139205,0.00901513371152705
