,R2,MAE,MSE,RMSE,MAPE
xgb,0.9792718962080411,3.8030327143779177,78.51504791388125,8.666998710367599,0.008372816437031931
