,R2,MAE,MSE,RMSE,MAPE
xgb,0.9822202825631065,3.4231491177899187,65.17416708482179,7.799472148010186,0.007612631813866103
