,R2,MAE,MSE,RMSE,MAPE
xgb,0.9730928703220565,3.8291147852402654,94.26220497780552,8.797575844287874,0.008705688702625137
