,R2,MAE,MSE,RMSE,MAPE
xgb,0.9818839680978598,3.452473450589082,68.28365507448265,7.568218122946545,0.007705492204568893
