,R2,MAE,MSE,RMSE,MAPE
xgb,0.9739307696164431,4.095785048813461,102.00298322161734,9.54049517026969,0.009006360638021849
