,R2,MAE,MSE,RMSE,MAPE
xgb,0.9776853378986562,3.566136414561013,84.38066469577561,8.641927264126632,0.007967894692417227
