,R2,MAE,MSE,RMSE,MAPE
xgb,0.9855251571401963,3.421175413911692,52.65002994782816,7.01391848464097,0.007625145460250976
