,R2,MAE,MSE,RMSE,MAPE
xgb,0.9828563508940753,3.379673327539142,65.87674714159142,7.61841889513816,0.007575040846390707
