,R2,MAE,MSE,RMSE,MAPE
xgb,0.9799980773353092,3.5346513770306354,72.8505007507742,8.36377566614286,0.007926645201566395
