,R2,MAE,MSE,RMSE,MAPE
xgb,0.9775066398946688,3.836657630084185,85.14624648230355,8.944146692105765,0.008492046899263053
