,R2,MAE,MSE,RMSE,MAPE
xgb,0.9848020974966026,3.3248615711189586,60.465485284538246,7.228558360973817,0.007462801260923471
