,R2,MAE,MSE,RMSE,MAPE
xgb,0.9738939943172363,4.062329853717504,95.87252010641846,9.350444331174653,0.008944695137027019
