,R2,MAE,MSE,RMSE,MAPE
xgb,0.9830672090069571,3.5330810743682575,62.949630175747096,7.612104119006053,0.007955160038028784
