,R2,MAE,MSE,RMSE,MAPE
xgb,0.9784219415280109,3.8828118874570925,80.67157224646424,8.620776566118442,0.00857410573430284
