,R2,MAE,MSE,RMSE,MAPE
xgb,0.9840452360293623,3.5050887485985314,62.49592082489458,7.624341552851249,0.0077095489977353614
