,R2,MAE,MSE,RMSE,MAPE
xgb,0.9790842923358728,3.640486028340754,81.71962814563402,8.558343923618654,0.008107536927425895
