,R2,MAE,MSE,RMSE,MAPE
xgb,0.9869379212806606,3.39592601419685,49.00194786580676,6.753699396197403,0.007723058293470678
