,R2,MAE,MSE,RMSE,MAPE
xgb,0.979831631412629,3.7431619357377954,75.05176187318247,8.295661936924853,0.00826175938497091
