,R2,MAE,MSE,RMSE,MAPE
xgb,0.9797664938393347,3.6463647747052716,76.86085718994867,8.654117337889556,0.008110250558966251
