,R2,MAE,MSE,RMSE,MAPE
xgb,0.9763274019618663,3.9013421450590244,92.36241290317298,9.096175799086543,0.008833680412518223
