,R2,MAE,MSE,RMSE,MAPE
xgb,0.9733814285492963,3.9417243413611196,100.92749742886471,9.601221357666784,0.00876868471726414
