,R2,MAE,MSE,RMSE,MAPE
xgb,0.9780251895192762,3.669114628869204,79.3602789501504,8.421935512592047,0.008336667406087808
