,R2,MAE,MSE,RMSE,MAPE
xgb,0.9834803457806423,3.6588452968469065,63.24534093947621,7.803608588433269,0.00813159782153311
