,R2,MAE,MSE,RMSE,MAPE
xgb,0.9785835149553381,3.898664791622454,79.65132416348033,8.529680827757558,0.00864754237848591
