,R2,MAE,MSE,RMSE,MAPE
xgb,0.9824829905768183,3.4925009681334025,67.30184101059407,7.914345094260222,0.007859076507135465
