,R2,MAE,MSE,RMSE,MAPE
xgb,0.9798369978947481,3.551514353975879,79.58481089253185,8.259358879035897,0.007931816149110663
