,R2,MAE,MSE,RMSE,MAPE
xgb,0.9827193724695482,3.422174400223123,70.30437746816479,7.883462391054138,0.00760909816990063
