,R2,MAE,MSE,RMSE,MAPE
xgb,0.9888703081727007,3.0991721863887265,42.58204180806728,6.34335812009501,0.006861341999563966
