,R2,MAE,MSE,RMSE,MAPE
xgb,0.9762765975549371,3.859943196675224,89.77289765833802,8.838091574013092,0.008639495156994522
