,R2,MAE,MSE,RMSE,MAPE
xgb,0.9838218428901468,3.428070950520392,63.07339452713982,7.5901746063361255,0.007533748114453918
