,R2,MAE,MSE,RMSE,MAPE
xgb,0.9836798086257807,3.681502382893208,61.70570011569547,7.610706742551625,0.00819544740929333
