,R2,MAE,MSE,RMSE,MAPE
xgb,0.9820671452031636,3.554880116897747,66.31676558659515,7.617215498382814,0.007978952664217843
