,R2,MAE,MSE,RMSE,MAPE
xgb,0.9784853065001823,3.714981309151427,81.77801769974545,8.470725826069128,0.008368031273991635
