,R2,MAE,MSE,RMSE,MAPE
xgb,0.979431928776177,3.8689228913760667,79.20731329441544,8.62721762272824,0.008788716225597144
