,R2,MAE,MSE,RMSE,MAPE
xgb,0.9774727192595277,3.908713555605825,82.54449751696835,8.616967169100473,0.008704500312998752
