,R2,MAE,MSE,RMSE,MAPE
xgb,0.9854575575608495,3.4552399683870805,54.325559064425796,7.268523125772243,0.007764751549224345
