,R2,MAE,MSE,RMSE,MAPE
xgb,0.9784416833083794,3.755332981053285,82.2628177311623,8.389434380285829,0.008372200460783363
