,R2,MAE,MSE,RMSE,MAPE
xgb,0.9765327161537536,4.0375730607744655,87.77932041752544,8.968027282062833,0.009016267614579392
