,R2,MAE,MSE,RMSE,MAPE
xgb,0.9799359855346281,3.3787062660764775,75.14705134556121,8.37640550741707,0.007530542368520701
