,R2,MAE,MSE,RMSE,MAPE
xgb,0.9820146618814691,3.6847961792659243,68.94069966881395,8.140038897823077,0.008313542355790132
