,R2,MAE,MSE,RMSE,MAPE
xgb,0.9824908033377013,3.5010910250833405,67.07392970923568,7.7462747293272995,0.007866236166207883
