,R2,MAE,MSE,RMSE,MAPE
xgb,0.9766071333826105,3.9678916676666915,91.33735577610926,9.264714868008085,0.008720587432464701
