,R2,MAE,MSE,RMSE,MAPE
xgb,0.9840377487697458,3.3042064271168954,61.542531535433554,7.630064797665179,0.007376169724374064
