,R2,MAE,MSE,RMSE,MAPE
xgb,0.9883168852539053,3.0180212466154615,45.16820242129467,6.385028043694115,0.006799343097047839
