,R2,MAE,MSE,RMSE,MAPE
xgb,0.9726868178450765,3.9855826078548517,100.83457995608836,9.771691073865213,0.008805155773445098
