,R2,MAE,MSE,RMSE,MAPE
xgb,0.9801774287714101,3.81334048019097,78.85509289973683,8.397543750214558,0.00845989440967016
