,R2,MAE,MSE,RMSE,MAPE
xgb,0.9763426925440031,3.6400350528901897,90.41820586554249,8.698987714135802,0.008293793775438657
