,R2,MAE,MSE,RMSE,MAPE
xgb,0.9843673702493838,3.2453826395326018,60.262772910235,7.078224892042779,0.007143886495319321
