,R2,MAE,MSE,RMSE,MAPE
xgb,0.979609970158697,3.8972330799730734,78.48840820932881,8.284804710724451,0.008729062321402218
