,R2,MAE,MSE,RMSE,MAPE
xgb,0.9813420531416751,3.5567845645207337,66.3485803724142,7.895017318832712,0.007933794905806094
