,R2,MAE,MSE,RMSE,MAPE
xgb,0.9819602869937837,3.3599758871853993,60.95116137078497,7.482711364200773,0.007478752923706855
