,R2,MAE,MSE,RMSE,MAPE
xgb,0.9824967235839928,3.5414818449476484,67.79239028441094,7.92591959376071,0.007903919186118769
