,R2,MAE,MSE,RMSE,MAPE
xgb,0.9801649788852016,3.6095024189856226,74.30423991160792,8.27656903917261,0.0082334756913593
