,R2,MAE,MSE,RMSE,MAPE
xgb,0.986719425305175,3.370937270363597,51.94623169749501,6.915386875561248,0.007504063338405205
