,R2,MAE,MSE,RMSE,MAPE
xgb,0.9741692571624222,3.962414455230345,95.74518133875652,9.250266015633828,0.008894821311675394
