,R2,MAE,MSE,RMSE,MAPE
xgb,0.9727945859855304,4.076919007621117,105.7447241478075,9.708704686877372,0.009286651841403282
