,R2,MAE,MSE,RMSE,MAPE
xgb,0.9807604072146946,3.5182307421471464,72.88546885726282,8.012030927042991,0.007877965457295978
