,R2,MAE,MSE,RMSE,MAPE
xgb,0.9786325665061263,3.610397437395014,80.1149815755953,8.550700368744222,0.00809775883694373
