,R2,MAE,MSE,RMSE,MAPE
xgb,0.9821408961957913,3.4162677836318016,66.24507403961286,7.633957893734443,0.00755803609501658
