,R2,MAE,MSE,RMSE,MAPE
xgb,0.9704553421505141,4.041198690707556,106.87809594637233,9.583799284585254,0.009139507984994527
