,R2,MAE,MSE,RMSE,MAPE
xgb,0.980369376765202,3.7785586002909577,74.99153561719508,8.268913546556167,0.008387583707417863
