,R2,MAE,MSE,RMSE,MAPE
xgb,0.9770426474884403,3.6893059252956157,90.20821188677002,9.201658595563078,0.008249021679501046
