,R2,MAE,MSE,RMSE,MAPE
xgb,0.9809204087348256,3.4821137945015557,74.97971754837745,8.157547201111786,0.007862233086027908
