,R2,MAE,MSE,RMSE,MAPE
xgb,0.9782926944716415,3.6782412337550503,77.88377595328517,8.337058631365569,0.008107423366277861
