,R2,MAE,MSE,RMSE,MAPE
xgb,0.9728706454050517,3.6923554317975857,98.70296528214894,9.187787178078105,0.008255744358491758
