,R2,MAE,MSE,RMSE,MAPE
xgb,0.9856828405284916,3.293746779591326,53.375371195108166,7.025559436071454,0.007438568657583401
