,R2,MAE,MSE,RMSE,MAPE
xgb,0.9840700725309439,3.6139398263785614,62.03565988315377,7.584161535769627,0.008103454382170475
