,R2,MAE,MSE,RMSE,MAPE
xgb,0.9817474847009798,3.426082932860237,70.9906654575362,8.117687148879643,0.0076148448081519255
