,R2,MAE,MSE,RMSE,MAPE
xgb,0.9796705306579968,3.7268720782895466,77.04943373195775,8.627745094875063,0.008226167922465569
