,R2,MAE,MSE,RMSE,MAPE
xgb,0.9839223548865339,3.153664860877221,60.436554459304354,7.242731765545443,0.007035519274029037
