,R2,MAE,MSE,RMSE,MAPE
xgb,0.9796529494469054,3.7089782589564977,74.32626829111403,8.487242692214007,0.008374451361971643
