,R2,MAE,MSE,RMSE,MAPE
xgb,0.979350172639578,3.7127013950944834,82.43548682528551,8.213306238446403,0.008274094205323802
