,R2,MAE,MSE,RMSE,MAPE
xgb,0.9788867348354555,3.975394559290945,82.65314452560125,8.912701504377463,0.008795982403131251
