,R2,MAE,MSE,RMSE,MAPE
xgb,0.9835626055454887,3.4111883420194387,61.73612374082668,7.515385744291072,0.00782984878464009
