,R2,MAE,MSE,RMSE,MAPE
xgb,0.981949397177833,3.6889499579857166,70.11328583845355,7.935569227194732,0.00825728480269591
