,R2,MAE,MSE,RMSE,MAPE
xgb,0.9791020975574721,3.8456737045000735,81.07433396075082,8.838519225426367,0.008709208307458248
