,R2,MAE,MSE,RMSE,MAPE
xgb,0.9720775456227544,4.135180627140407,108.09544941434262,9.73880164215966,0.00939191782791509
