,R2,MAE,MSE,RMSE,MAPE
xgb,0.9811945800888804,3.440899939246548,69.56275677129466,7.813710201827203,0.007595976381722121
