,R2,MAE,MSE,RMSE,MAPE
xgb,0.9810047078246302,3.6113881299760893,73.8862645837022,8.173016450559052,0.008006318077267736
