,R2,MAE,MSE,RMSE,MAPE
xgb,0.9830399554196838,3.5076261241764515,65.69210066242482,7.757852151281705,0.00782860222360502
