,R2,MAE,MSE,RMSE,MAPE
xgb,0.9831864021970178,3.4453283354710935,63.56442396999741,7.608680997889941,0.007747926628663394
