,R2,MAE,MSE,RMSE,MAPE
xgb,0.9847662840884801,3.239205039416754,56.407227628369924,7.263689138697555,0.007374896139075482
