,R2,MAE,MSE,RMSE,MAPE
xgb,0.9776980593164609,3.736949462353125,84.90928800857952,8.863104873773068,0.008287320329146636
