,R2,MAE,MSE,RMSE,MAPE
xgb,0.9753277528133678,3.85214726776287,94.36874629272816,9.12365603831671,0.008496473315611272
