,R2,MAE,MSE,RMSE,MAPE
xgb,0.9859756451134883,3.391263960134702,54.09816001122839,7.0471312140525555,0.007537679314131064
