,R2,MAE,MSE,RMSE,MAPE
xgb,0.9791987331524249,3.5869789646356964,76.62284732161565,8.410225113475217,0.00804662189718735
