,R2,MAE,MSE,RMSE,MAPE
xgb,0.9830650701164103,3.566823938935934,62.60892256026794,7.647004723007695,0.007891681144313472
