,R2,MAE,MSE,RMSE,MAPE
xgb,0.9812672271008601,3.5252058039011738,71.5091454069851,8.016676776421273,0.007964543767478061
