,R2,MAE,MSE,RMSE,MAPE
xgb,0.9803223935467654,3.4043163046212137,71.80906522311163,8.058434173265088,0.007551908822895893
