,R2,MAE,MSE,RMSE,MAPE
xgb,0.981260393028184,3.873169066856338,74.97158988777548,8.475473429812155,0.008659849762728766
