,R2,MAE,MSE,RMSE,MAPE
xgb,0.9817368529342089,3.5427761172253396,66.89467423689406,7.794862174597742,0.007961845491803935
