,R2,MAE,MSE,RMSE,MAPE
xgb,0.9859581367434853,3.29301935232876,55.63239772130588,6.817624336194527,0.007367802196486044
