,R2,MAE,MSE,RMSE,MAPE
xgb,0.9822009066621327,3.5551767844862665,68.71010855981967,7.70916900818182,0.008000679381785657
