,R2,MAE,MSE,RMSE,MAPE
xgb,0.9799167309261986,3.756575963829546,79.90185369072603,8.525645113254766,0.008391036346200231
