,R2,MAE,MSE,RMSE,MAPE
xgb,0.9765292871320467,3.779139073968865,87.4071573155451,8.904024743579905,0.008512648730202159
