,R2,MAE,MSE,RMSE,MAPE
xgb,0.982028042327198,3.6050091595872176,65.85708670852868,7.8539660405866325,0.008000621225095362
