,R2,MAE,MSE,RMSE,MAPE
gbr,0.9134880990047154,8.688358857671345,315.2931523877931,14.956656689278171,0.019224683451017133
