,R2,MAE,MSE,RMSE,MAPE
gbr,0.8923369514233668,8.684671095714702,312.97324374917946,15.970623582294266,0.018939559036819747
