,R2,MAE,MSE,RMSE,MAPE
gbr,0.9023404682621579,8.605727879864206,301.64440168557843,14.851074316754486,0.018441213553416966
