,R2,MAE,MSE,RMSE,MAPE
gbr,0.9486720758813864,6.418808699404488,150.6909210314331,10.874006881311496,0.013605875683539197
