,R2,MAE,MSE,RMSE,MAPE
gbr,0.8641207929213502,11.322899542164047,418.6102492888106,19.18132786753336,0.024660342257417155
