,R2,MAE,MSE,RMSE,MAPE
gbr,0.9234808455008123,7.173524757505132,242.79433801286714,13.155248693300212,0.015466985998736405
