,R2,MAE,MSE,RMSE,MAPE
gbr,0.9114008402240028,9.66206820153617,347.16010771581443,17.063479486555714,0.020702708451343796
