,R2,MAE,MSE,RMSE,MAPE
gbr,0.9265540854544175,7.8867473285600145,224.11328034966135,13.257898802223565,0.01643509319921851
