,R2,MAE,MSE,RMSE,MAPE
gbr,0.7980399571845546,13.667454230872497,652.021434402133,23.097020180815882,0.030294642238230352
