,R2,MAE,MSE,RMSE,MAPE
gbr,0.9532521753304417,6.987732047016879,177.88652791607515,11.9862217451941,0.014940588955130365
