,R2,MAE,MSE,RMSE,MAPE
gbr,0.8648441012902988,10.396937224086063,386.9202487869773,18.47078971713205,0.022733955504033433
