,R2,MAE,MSE,RMSE,MAPE
gbr,0.8312460446899379,10.907923278282379,478.60770567785977,20.393586413617754,0.022862677622034124
