,R2,MAE,MSE,RMSE,MAPE
gbr,0.9094691009577509,7.6709031237405245,215.70918352372314,13.33460858651305,0.016095680997315853
