,R2,MAE,MSE,RMSE,MAPE
gbr,0.8761471440420185,11.143322172160635,406.91455332074173,18.686028170744798,0.024030722043072696
