,R2,MAE,MSE,RMSE,MAPE
gbr,0.9130197448185413,7.7463385994394445,212.9859171902968,12.85850165219846,0.016585130520270077
