,R2,MAE,MSE,RMSE,MAPE
gbr,0.8681329230709863,7.841056662252387,252.75466594199716,14.192931028326644,0.016612657932487056
