,R2,MAE,MSE,RMSE,MAPE
gbr,0.9237321276569623,9.292015103143937,329.2522168221948,15.629247761714197,0.019982001422386618
