,R2,MAE,MSE,RMSE,MAPE
gbr,0.8863566475442883,10.690100997710182,392.2055858009035,18.894028592312033,0.02389551075661701
