,R2,MAE,MSE,RMSE,MAPE
gbr,0.9278423417702564,7.483278927660431,248.42454230907256,13.0780644104483,0.016315061668346807
