,R2,MAE,MSE,RMSE,MAPE
gbr,0.8420339484276118,11.479570609054514,503.50361619993856,20.278915896563,0.02534777512602513
