,R2,MAE,MSE,RMSE,MAPE
gbr,0.8705325433676044,12.878756951607894,549.7738309211718,21.493408698405553,0.02942082381642982
