,R2,MAE,MSE,RMSE,MAPE
gbr,0.8921850775737958,9.060822729695944,308.7946763877444,16.063702592786363,0.01925417491949452
