,R2,MAE,MSE,RMSE,MAPE
gbr,0.9047679990693906,10.62582507027081,382.6707928015251,18.329313293954336,0.022560652948070414
