,R2,MAE,MSE,RMSE,MAPE
gbr,0.8662181793568922,10.706160282436546,440.52321149407135,17.72402150750579,0.023731430350712825
