,R2,MAE,MSE,RMSE,MAPE
gbr,0.8900091710731646,10.6006209817642,402.7900561597687,18.456901637819513,0.0230485308085338
