,R2,MAE,MSE,RMSE,MAPE
gbr,0.8350410675017231,10.567584111193955,509.758378911397,19.68337841542376,0.023729087869626294
