,R2,MAE,MSE,RMSE,MAPE
gbr,0.8888680381531809,9.413252689655753,379.66555104206105,17.50614798893945,0.020663462689252843
