,R2,MAE,MSE,RMSE,MAPE
gbr,0.8614947863843051,10.259466521029994,431.44609943133236,18.6763374928361,0.022267192785790577
