,R2,MAE,MSE,RMSE,MAPE
gbr,0.8740791474336145,8.172035007299007,321.4668174444591,16.616903556984916,0.017840344008222
