,R2,MAE,MSE,RMSE,MAPE
gbr,0.9320778173277798,8.438886258659997,280.60393608962244,14.951288681631258,0.01840865353140409
