,R2,MAE,MSE,RMSE,MAPE
gbr,0.9150317133011434,8.469421446241316,258.20051845069526,14.173562433822578,0.017931301162873593
