,R2,MAE,MSE,RMSE,MAPE
gbr,0.9269464558991786,7.255848847657624,242.44988727249728,12.920601150237331,0.01576875716686732
