,R2,MAE,MSE,RMSE,MAPE
gbr,0.8310258275826088,10.610685668981855,425.2187867421253,18.15825452036495,0.02233385198911615
