,R2,MAE,MSE,RMSE,MAPE
gbr,0.8831180364493045,10.306279520440473,374.73809461900447,17.553111638647128,0.02177944891819486
