,R2,MAE,MSE,RMSE,MAPE
gbr,0.9268055684081947,8.262610909242747,256.14357595693116,14.719527300271764,0.018070739271806698
