,R2,MAE,MSE,RMSE,MAPE
gbr,0.8995633231428803,9.191782982160332,413.04003886543535,17.276929747899143,0.020224262561770144
