,R2,MAE,MSE,RMSE,MAPE
gbr,0.8600802829225211,9.843250619750838,436.1003784447301,16.83753504168083,0.021246530226395773
