,R2,MAE,MSE,RMSE,MAPE
gbr,0.9215064002949995,8.01563898438456,287.4028029252096,14.707588697432499,0.01738663690491269
