,R2,MAE,MSE,RMSE,MAPE
gbr,0.8391995487711027,10.15406708887478,482.7536028191399,20.027168914943577,0.022009668262626743
