,R2,MAE,MSE,RMSE,MAPE
gbr,0.8965353072428689,8.647110860067183,311.6107112975748,15.645127388099658,0.018813067840759996
