,R2,MAE,MSE,RMSE,MAPE
gbr,0.9155771736740297,7.894165192451263,236.8364099251627,13.605811996786722,0.01678346596512572
