,R2,MAE,MSE,RMSE,MAPE
gbr,0.909569038639861,7.153429594663938,279.8296769083703,14.720936428850916,0.014788666153531999
