,R2,MAE,MSE,RMSE,MAPE
gbr,0.9091175557860727,7.916011829412523,277.8685660106651,15.874900748350871,0.017255093199239145
