,R2,MAE,MSE,RMSE,MAPE
gbr,0.8438016799409274,11.321687800805803,416.02554015367286,19.069266601047282,0.024074924531621546
