,R2,MAE,MSE,RMSE,MAPE
gbr,0.9079474150110205,8.586099690718617,297.29125955001365,15.172139068909615,0.018226336447050743
