,R2,MAE,MSE,RMSE,MAPE
gbr,0.9113065806174715,8.975407398111038,276.7823621223746,15.762352962464595,0.019224013174660364
