,R2,MAE,MSE,RMSE,MAPE
gbr,0.8931029048177039,8.679376134761183,325.6397292285793,16.552771650705814,0.01916367917237085
