,R2,MAE,MSE,RMSE,MAPE
gbr,0.8688630807414744,10.313806112075252,394.724394566791,18.707129139516713,0.022113522184113162
