,R2,MAE,MSE,RMSE,MAPE
gbr,0.8069518971625435,11.221304670119832,542.5662234834256,21.31937331738507,0.025015584375024345
