,R2,MAE,MSE,RMSE,MAPE
gbr,0.9211157849454686,8.075181321050678,264.44774301182224,14.28312725381626,0.017315091366218165
