,R2,MAE,MSE,RMSE,MAPE
gbr,0.9195321850355868,7.64070350926833,240.26683467080412,12.699478567920051,0.01584142204604483
