,R2,MAE,MSE,RMSE,MAPE
gbr,0.9444238309910986,7.540616660684587,205.42908396835247,13.106574636567256,0.01602073626678251
