,R2,MAE,MSE,RMSE,MAPE
gbr,0.9355391789348333,7.569879084540314,193.0743368950366,11.583592956629662,0.01629498362049895
