,R2,MAE,MSE,RMSE,MAPE
gbr,0.8694286867783682,10.133575004146849,452.41186604406687,16.794432975763172,0.02133942633753423
