,R2,MAE,MSE,RMSE,MAPE
gbr,0.8509557472969321,10.538229537332976,390.26229697905796,19.096179998603965,0.022601893665275576
