,R2,MAE,MSE,RMSE,MAPE
gbr,0.915176588423227,7.846785376621566,261.3444310808907,14.679900764879287,0.01689899097185389
