,R2,MAE,MSE,RMSE,MAPE
gbr,0.9282885051956867,7.053601696141259,211.2701673105408,11.685830874453323,0.014819791321643298
