,R2,MAE,MSE,RMSE,MAPE
gbr,0.9405603681945299,7.614639988350985,235.65244820487564,13.110879969606131,0.01632935911948772
