,R2,MAE,MSE,RMSE,MAPE
gbr,0.828919778341145,11.474674219968898,561.8287045605905,21.417878539685663,0.02586727134820609
