,R2,MAE,MSE,RMSE,MAPE
gbr,0.8815969319648547,9.126282813976308,363.18466661488037,16.694192974331948,0.020002651129348875
