,R2,MAE,MSE,RMSE,MAPE
gbr,0.8819775572266186,8.517691888198991,312.954875462362,15.621104479947155,0.01816591139201522
