,R2,MAE,MSE,RMSE,MAPE
gbr,0.7913556462297404,11.600497716892125,587.4329627171874,20.72131640521526,0.02449480717403375
