,R2,MAE,MSE,RMSE,MAPE
gbr,0.8846934271361346,9.742535391035634,369.35823898369387,17.0341160488966,0.021064267159032573
