,R2,MAE,MSE,RMSE,MAPE
gbr,0.9247148152352483,8.529024959975587,240.26745591061345,13.950108255343611,0.017115203335708075
