,R2,MAE,MSE,RMSE,MAPE
gbr,0.8845556909103974,10.559930282302092,385.6072013516599,18.102955963037278,0.023226241249300502
