,R2,MAE,MSE,RMSE,MAPE
xgb,0.9852538472879966,3.4691373555685985,55.504626183533176,7.237615374227812,0.007764030723836796
