,R2,MAE,MSE,RMSE,MAPE
xgb,0.9763065376429259,3.59356934302147,87.00409813880923,8.81481147247516,0.008161637077972007
