,R2,MAE,MSE,RMSE,MAPE
xgb,0.9804940171824622,3.522261666425095,73.27985461059926,8.23608199064831,0.007856312913254757
