,R2,MAE,MSE,RMSE,MAPE
xgb,0.9736273087875604,4.000772844387017,106.83506182140873,9.934602547638175,0.009025809029326964
