,R2,MAE,MSE,RMSE,MAPE
xgb,0.9805378699110732,3.5281703510395537,73.8765756638326,8.190118088994476,0.007850231563689416
