,R2,MAE,MSE,RMSE,MAPE
xgb,0.9784113753303914,3.756645604700264,84.2687043048839,8.778877380927183,0.008424967293288727
