,R2,MAE,MSE,RMSE,MAPE
xgb,0.9746782925416733,3.508233451503879,97.67737473204434,9.213809383223294,0.007909719523300204
