,R2,MAE,MSE,RMSE,MAPE
xgb,0.9772628840412562,3.559285976752913,84.09760230875429,8.855252419346904,0.007885252596233256
