,R2,MAE,MSE,RMSE,MAPE
xgb,0.9817046605740035,3.3286026669130018,72.3211048778329,8.253042008795955,0.007364218996221923
