,R2,MAE,MSE,RMSE,MAPE
xgb,0.979570535593313,3.5783313332970144,80.93238145567378,8.299603753970322,0.008189222748472811
