,R2,MAE,MSE,RMSE,MAPE
xgb,0.9797018433619857,3.4226088379248045,77.22437698021564,8.377743015532419,0.00769567732545047
