,R2,MAE,MSE,RMSE,MAPE
xgb,0.9742167717716128,3.8559760183022447,98.66141032679292,9.481632454941307,0.00852183448493021
