,R2,MAE,MSE,RMSE,MAPE
xgb,0.9796870617632978,3.505038249290545,78.42455233352023,8.144590791121258,0.00786708741757164
