,R2,MAE,MSE,RMSE,MAPE
xgb,0.9800533325930232,3.457807648155751,72.60570365984037,8.161367204720623,0.007645518023130862
