,R2,MAE,MSE,RMSE,MAPE
xgb,0.981797654159972,3.4538117113170683,68.85827444204861,7.831081295368871,0.00783251628673117
