,R2,MAE,MSE,RMSE,MAPE
xgb,0.974463239273712,3.8649088455115432,100.13223024902133,9.251922642687251,0.008730936610606862
