,R2,MAE,MSE,RMSE,MAPE
xgb,0.9771552429748354,3.73798709242474,85.15007129371091,8.978898341720598,0.008336901866894966
