,R2,MAE,MSE,RMSE,MAPE
xgb,0.9800265776840396,3.570983722781347,78.28998860868154,8.327704076268152,0.007978979340760379
