,R2,MAE,MSE,RMSE,MAPE
xgb,0.9773947611022484,3.773695970793778,87.43571899656504,9.103855343095393,0.008474637426831019
