,R2,MAE,MSE,RMSE,MAPE
xgb,0.972398964414913,4.322314012471734,110.82755758655007,10.136157062068836,0.009644511232620138
