,R2,MAE,MSE,RMSE,MAPE
xgb,0.9813130579508854,3.6352177043784386,71.31331760836567,8.266482443159283,0.008259597108487698
