,R2,MAE,MSE,RMSE,MAPE
xgb,0.9846458182845502,3.124130854124041,56.3870521004711,7.0295561180668376,0.0069916785987003734
