,R2,MAE,MSE,RMSE,MAPE
xgb,0.9838297713424001,3.5814720812521337,63.115804800091134,7.725819595962085,0.00820917098141704
