,R2,MAE,MSE,RMSE,MAPE
xgb,0.9779283758080956,3.5913564886515124,80.70651962607364,8.545344491424752,0.007977560615675804
