,R2,MAE,MSE,RMSE,MAPE
xgb,0.9813979900635241,3.487257985117334,72.44568519158697,8.1986944314902,0.007798041613626886
