,R2,MAE,MSE,RMSE,MAPE
xgb,0.9817185580565088,3.5624684786343273,69.22325535521512,8.086299743442227,0.008059053702212007
