,R2,MAE,MSE,RMSE,MAPE
xgb,0.981746992143971,3.49367349986154,70.52515274873176,8.033326619288024,0.007890553379706186
