,R2,MAE,MSE,RMSE,MAPE
xgb,0.9873392541403522,3.0045507031471614,48.203469187327094,6.503093254904532,0.00671175326844216
