,R2,MAE,MSE,RMSE,MAPE
xgb,0.97887871508752,3.5963921512868544,79.67900168768669,8.59062188963901,0.00811515313847776
