,R2,MAE,MSE,RMSE,MAPE
xgb,0.9773398503872877,3.5811262716250183,87.88314075942559,9.146683116947148,0.007960613746416522
