,R2,MAE,MSE,RMSE,MAPE
xgb,0.979773500013685,3.416847471829725,78.51900994023916,8.099945664936394,0.007764370261306458
