,R2,MAE,MSE,RMSE,MAPE
xgb,0.9823845906382086,3.6276883395579658,70.16995717590126,7.9991136300450405,0.008160140150508184
