,R2,MAE,MSE,RMSE,MAPE
xgb,0.9868066311987651,3.234337905947876,51.63271758217744,6.86340482126955,0.0072072279893903215
