,R2,MAE,MSE,RMSE,MAPE
xgb,0.9831082961936749,3.5984103216593253,63.51418870569864,7.665112026515938,0.007919594324616886
