,R2,MAE,MSE,RMSE,MAPE
xgb,0.980976730973323,3.536541859061233,73.7989806780079,8.087940233994491,0.007917097331307976
