,R2,MAE,MSE,RMSE,MAPE
xgb,0.9693447992036992,3.9194093242197865,117.38831452463589,10.435372448687987,0.008734367528757574
