,R2,MAE,MSE,RMSE,MAPE
xgb,0.9802492436851903,3.6818194602680676,74.18497977319166,8.28061615381017,0.008325403786520327
