,R2,MAE,MSE,RMSE,MAPE
xgb,0.9783284496631776,3.6591652062938116,85.03035355828634,8.879246047205614,0.008154713145687742
