,R2,MAE,MSE,RMSE,MAPE
xgb,0.9856963804760397,3.3067156810008513,57.18696567546145,7.095787790073788,0.007330926900590817
