,R2,MAE,MSE,RMSE,MAPE
gbr,0.9921234720412707,2.078890413739455,27.294693478078464,4.756905579955875,0.004692227887763805
xgb,0.9918666788479363,2.673306516361151,28.30959901862236,4.989646511895648,0.006023899009285959
rf,0.9883988322466992,3.2261925635324893,40.48434896896962,6.10144957084268,0.007360716048609902
BayesianRidge,0.9701964274897741,6.313879648475398,104.67758757100053,10.105516466946863,0.014653077676035034
