,R2,MAE,MSE,RMSE,MAPE
gbr,0.987813700816077,2.7390976560418756,46.97450331317551,6.521486787598779,0.006046791544901319
xgb,0.9872207330045308,3.329205657986404,49.26631669507214,6.763598099888324,0.007413041576612582
rf,0.9857045271120622,3.772455584849882,54.65580631397215,7.184787066984105,0.008455479161478586
BayesianRidge,0.9641269057635039,7.415513579071261,136.52086502785346,11.623851818399025,0.01713814555008138
