,R2,MAE,MSE,RMSE,MAPE
gbr,0.9909726053045091,2.55446990673305,33.75352367334707,5.628333161866317,0.005575642014235753
xgb,0.9899968071689674,3.1347681668885063,37.58051820099947,5.969458382456368,0.006842576599894619
rf,0.9890864882962461,3.5147958990278916,40.99966253994387,6.260909642440538,0.007774179814909822
BayesianRidge,0.9679773822664067,7.258266385351516,121.62431804167738,10.950200804877095,0.016659210648106743
