,R2,MAE,MSE,RMSE,MAPE
xgb,0.9887935460157576,3.3658485016755697,40.593877426165214,6.212165073406043,0.007419615819141234
gbr,0.9884470497148033,2.673276910219812,41.80432070606722,6.249265843074353,0.005891108030956921
rf,0.9849493574081991,3.763391748322332,53.95069647181076,7.136179683980858,0.008496151781611913
BayesianRidge,0.9665097459140831,7.07028978277274,119.8277875605826,10.857079157637804,0.016131479351918238
