,R2,MAE,MSE,RMSE,MAPE
xgb,0.9847454927046773,3.609540344731827,54.42685963483179,7.226845317608564,0.008074230858141202
gbr,0.9846463595324886,2.912440121612921,54.77388451512489,7.238892557837455,0.006543490531520912
rf,0.9834474488396212,3.8543908280212547,59.33558821476688,7.570023690528492,0.008659582498110099
BayesianRidge,0.9658411046022494,7.032884600786977,121.36710160493226,10.94443482823238,0.016181627422653333
