,R2,MAE,MSE,RMSE,MAPE
gbr,0.9877708322209997,2.8851318914532134,44.545875275323716,6.394455517221436,0.006321618875078451
xgb,0.9871598279421363,3.526473294788508,46.89062901002784,6.565315378047264,0.0077536757165170365
rf,0.9864078938137204,3.764379491565305,49.7020507676218,6.707510493831319,0.00835267931558919
BayesianRidge,0.9655187897355086,7.559330042019125,128.50877651346275,11.236376110798593,0.01739011361534188
