,R2,MAE,MSE,RMSE,MAPE
gbr,0.9882112388923276,2.7247170075106926,45.21350353041787,6.4710451505605375,0.005995866628267039
rf,0.9871267794152843,3.5857103372630568,49.13769657285493,6.803554996898451,0.007952930678788588
xgb,0.9865184575001298,3.4591266095074893,51.826275543596715,6.9050431211954875,0.007632860850595677
BayesianRidge,0.96671572110053,7.375380867400717,126.77025109601891,11.191072040941457,0.017160121258026153
