,R2,MAE,MSE,RMSE,MAPE
gbr,0.9857067292227206,3.0068801828289122,54.1015178890935,7.027090105871484,0.006586911797562049
rf,0.9841062911130806,4.021180788566457,60.083735592406946,7.393103731798017,0.008904042627928068
xgb,0.9838587310351403,3.76455882423586,61.16193590034521,7.318539407834936,0.008290364147674987
BayesianRidge,0.9647827134628993,7.807201868161108,133.76216150908726,11.376479833738351,0.01791249785022512
