,R2,MAE,MSE,RMSE,MAPE
gbr,0.986911360427119,2.568289294741273,48.99765702989724,6.524972295877035,0.005775472895191367
xgb,0.9852610945906118,3.3324067938325648,55.155596464863855,6.9905625655802535,0.007510574357178461
rf,0.9841560978603103,3.669223255884846,58.65138125656891,7.30271787591162,0.008309369474578297
BayesianRidge,0.9654745756858725,6.95625253674864,125.70866176351585,10.970376497414188,0.015949472076958356
