,R2,MAE,MSE,RMSE,MAPE
gbr,0.9831954782875606,2.990349479857911,61.31443527288013,7.555542450285785,0.006718768252442086
rf,0.983189899131052,3.845807442831922,60.76297523001591,7.663437068412817,0.008595323641367157
xgb,0.9825728415480104,3.6375402560215506,63.442810497288335,7.762665656525766,0.008100761783436205
BayesianRidge,0.9649223141545746,7.369816863430555,127.68159414874754,11.225441261606711,0.016649920590520742
