,R2,MAE,MSE,RMSE,MAPE
gbr,0.9877841502640574,2.65983071437247,49.796667647473555,6.66958036700441,0.005871077319179496
rf,0.9866585575477662,3.585962087678186,53.051748988440366,7.0095469062897235,0.007899195133897922
xgb,0.9860360896145819,3.3475981701956288,56.494408284428644,7.221273562467334,0.007429966756563139
BayesianRidge,0.9727104265070257,6.833244350172936,105.87363615987881,10.179725338721525,0.01559624567361573
