,R2,MAE,MSE,RMSE,MAPE
gbr,0.9873908613183824,2.979404710726361,46.972022300940054,6.663176116782045,0.006620546432526317
xgb,0.9862243409597106,3.666244160037799,51.75115452114669,7.013729242962055,0.00813603711915958
rf,0.9858130848513509,3.938624667973946,53.48347378574274,7.125602401185134,0.008835593139111194
BayesianRidge,0.9659982387392703,7.58680239729609,126.87411812420382,11.17748137647844,0.017394044430177853
