,R2,MAE,MSE,RMSE,MAPE
gbr,0.9915631836662537,2.386850136189355,30.789921294360386,5.342671588759644,0.005225378586187247
xgb,0.9909475534072667,2.990830976707273,33.11786719416609,5.541260218303525,0.006568282231617551
rf,0.9885849147520227,3.5726628872470463,42.12929271088042,6.3613479295555155,0.007982733857871151
BayesianRidge,0.9641973166858173,7.6391040390856215,131.64712187236836,11.41895314728035,0.017686958905824023
