,R2,MAE,MSE,RMSE,MAPE
gbr,0.9887230570626221,2.71335640559291,43.5705958535584,6.483710218915458,0.006043621561603866
xgb,0.9878003243688649,3.389053266636659,46.91216883100394,6.719366718406265,0.007517517006565841
rf,0.987791455654988,3.6093206365331847,46.57999750939797,6.72509534622522,0.00805768227478863
BayesianRidge,0.9663202707888239,7.357177631789069,127.79958611366297,11.25020095252616,0.01695582610909873
