,R2,MAE,MSE,RMSE,MAPE
gbr,0.9887283748364917,2.788717846085647,41.93753815499109,6.309951914898954,0.006093516449598706
xgb,0.9875311623912844,3.4258704055278875,45.777372988305196,6.5965904711958006,0.00749719292352341
rf,0.9862789868404913,3.776656883667252,50.59867122074492,6.914002594526002,0.008364448120555165
BayesianRidge,0.9673937605538632,7.298163731649575,121.06120051918306,10.815234746656575,0.01658785586941482
