,R2,MAE,MSE,RMSE,MAPE
gbr,0.9886129298821018,2.580605772322776,43.29610409733968,6.25853531258084,0.005699861710210964
xgb,0.9874385622294943,3.2971383331929474,47.73315776032689,6.665217822237582,0.007302232935451555
rf,0.9859103815898376,3.81390413009765,53.06294927082426,7.119850430826777,0.008561226554827411
BayesianRidge,0.9621724070655653,7.574077552060847,141.9132305118582,11.85765564791585,0.017609193169719185
