,R2,MAE,MSE,RMSE,MAPE
gbr,0.9885946799301877,2.242354092586181,41.57609908027378,5.960853689342331,0.005175240484487633
xgb,0.9884737767421878,2.792409695552473,42.18847589588974,6.07631843370859,0.006415769024298355
rf,0.9870480828363263,3.2371497363531865,47.1885783831604,6.583606441898008,0.007439296447356483
BayesianRidge,0.9662130505693023,7.005892787643804,121.63403750812276,10.937824310377732,0.016191661540142427
