,R2,MAE,MSE,RMSE,MAPE
xgb,0.9862110453196887,3.607572921437609,52.420974958250326,6.996970351880125,0.008033164162690275
gbr,0.9860726099776187,3.146156010007267,52.69223593012846,7.1050363515942525,0.007068157130668236
rf,0.9847013233632976,3.9225633153432353,57.74701505614861,7.476735107160333,0.008757888215967903
BayesianRidge,0.9692669491371404,6.883722571561883,116.77274499466948,10.737834370494081,0.015683608949834126
