,R2,MAE,MSE,RMSE,MAPE
gbr,0.9879821564303469,2.4933326228502946,43.81688401563257,6.211591387996086,0.0056103362535768865
xgb,0.9874568496427087,3.0800662636518403,45.18525778309353,6.362004748625592,0.006908421939771613
rf,0.9869835407006352,3.3053590629798775,47.64035553792517,6.648418567893809,0.0074562287190167815
BayesianRidge,0.969881526600415,6.597557714848,112.23001002733835,10.533219091884845,0.015292876308360797
