,R2,MAE,MSE,RMSE,MAPE
xgb,0.9868143243011144,3.5172164572606937,50.19615944275022,6.8164457422617115,0.007781818953960086
gbr,0.9863935934215586,3.061572492899257,51.5702042359765,6.956375148157131,0.0068111163294754225
rf,0.9848152472694582,3.8953312454243267,57.53016790483887,7.439343953408086,0.008675023444357893
BayesianRidge,0.9697748085748925,7.0000133168031695,115.41007351737724,10.634446642456714,0.015996959749720107
