,R2,MAE,MSE,RMSE,MAPE
gbr,0.9883145506999848,2.830688461166487,43.586430585808486,6.452130736972312,0.006319871627525925
xgb,0.987729369562588,3.4857780178786397,45.327847195174535,6.568113997035015,0.007782741491320683
rf,0.9856896103544421,3.837555691969034,52.09625346994098,7.108748501020644,0.008639601226073114
BayesianRidge,0.963643841442954,7.801079639024427,131.27431746436392,11.335705728622369,0.0179088381819651
