,R2,MAE,MSE,RMSE,MAPE
gbr,0.9850577003225244,3.0464086409858924,54.472534189240015,6.938599015072067,0.006743445869867641
rf,0.9846887730022622,3.830590465178008,55.99074283411687,7.116427865620659,0.008539150716553602
xgb,0.9845711424171082,3.643990566275369,56.280608677769216,7.047896849433475,0.008065251001455189
BayesianRidge,0.9670844539071457,7.242433325410374,120.10043678834896,10.788420432450819,0.016631925974285137
