,R2,MAE,MSE,RMSE,MAPE
gbr,0.9856590089786792,2.906382889852413,56.14428053662741,7.281061955875623,0.006580153256726879
xgb,0.9855883366058096,3.545543330226554,56.68640356802551,7.335095879386652,0.008018450761320036
rf,0.9842976689977956,3.8867017803245063,62.30976028152598,7.626160617515356,0.008792279627242808
BayesianRidge,0.9712901402791783,6.8806256072116785,112.94841007715095,10.517310282742864,0.015755013542801975
