,R2,MAE,MSE,RMSE,MAPE
gbr,0.9904510012630283,2.7001145837047136,36.1909652805535,5.909228567160979,0.005978088958332389
xgb,0.9885975463397998,3.3865479412233093,42.25379929309255,6.37402550743194,0.0074818992070269565
rf,0.9865412954354122,3.843219470488723,50.57937198709173,6.960465544964461,0.008622731384047021
BayesianRidge,0.9661741344815138,7.33128514807481,126.415743270964,11.109783964369283,0.016801254429892273
