,R2,MAE,MSE,RMSE,MAPE
gbr,0.9855090008038809,2.9877714029587885,53.72131736621659,7.047694972327028,0.006527527023597069
xgb,0.9839316456024138,3.7108397063432106,59.07385118177003,7.305275363716538,0.008157298956230546
rf,0.9837910276130131,3.961167076533588,60.016127663259475,7.45526973425724,0.008710328130017845
BayesianRidge,0.9654180557620142,7.416626035656759,128.1091958765865,11.167271402512842,0.016886275924838063
