,R2,MAE,MSE,RMSE,MAPE
xgb,0.9893730992788583,3.166979860317782,40.81602818116236,6.169251725646196,0.007098244080801207
gbr,0.988797357033716,2.5859860758365563,42.68850806069653,6.259011553968831,0.005815614602392875
rf,0.9879390557955968,3.5757223831608713,46.96427605174095,6.713823244062292,0.00808004622765223
BayesianRidge,0.9701447805956798,6.9920970407496075,116.76209720823381,10.708057903589285,0.016202082568837373
