,R2,MAE,MSE,RMSE,MAPE
gbr,0.9894776091660911,2.810823530479925,40.556678562250454,6.08164340883773,0.006249070688909184
xgb,0.9885272240007243,3.3724144944073595,44.087638138542914,6.331428437124364,0.007520503171158687
rf,0.9877346939625031,3.621660991180344,46.81423064019948,6.662754625004581,0.008091193190372697
BayesianRidge,0.9700465729410592,7.03461284047381,113.6179614898892,10.60754730091569,0.01611385590471657
