,R2,MAE,MSE,RMSE,MAPE
gbr,0.9872829141155854,2.8771661827388457,46.03118851408501,6.50574919279954,0.0063881578203145994
xgb,0.9867843002413428,3.613849833225411,47.81265714673854,6.611425871487576,0.008080592349157744
rf,0.9865579182394004,3.9039013302153984,49.03319543492127,6.76365992015406,0.008759329777531235
BayesianRidge,0.9628093637248482,7.708254414396192,138.2211716319727,11.716508496324503,0.017853473428598048
