,R2,MAE,MSE,RMSE,MAPE
xgb,0.9904228405126402,2.90189000176141,37.03333138653454,5.809905544541211,0.006511955651498462
gbr,0.9902885146729614,2.331096524832861,37.64913300129139,5.8274617528122326,0.0052177995998810445
rf,0.9884728720570257,3.299668314032922,44.22961528381195,6.446810648810969,0.00738741865583311
BayesianRidge,0.9701316105313097,6.756527068280512,116.38549397576074,10.623482070452557,0.015523991694208173
