,R2,MAE,MSE,RMSE,MAPE
gbr,0.9893896751394337,2.804119230609208,40.15955638468953,6.197179819910468,0.0061835341520615
xgb,0.9886051218835845,3.3971522260850406,43.14262307344912,6.436565042709359,0.007538960804417007
rf,0.9882125492063345,3.619793379574202,44.413884222687585,6.550974851276928,0.008072469526143754
BayesianRidge,0.9690885495596889,6.987046714514267,115.7818153546157,10.68251288396555,0.01597220683010244
