,R2,MAE,MSE,RMSE,MAPE
xgb,0.9870399963051255,3.610421868912936,46.21864116596577,6.494374337686734,0.008100600596582807
gbr,0.9870102560587313,2.9817022078850846,46.327110282136026,6.514058578477839,0.006682879618805584
rf,0.9856367011910641,3.935298620368317,51.55222785558736,6.960875260934737,0.008838418108026507
BayesianRidge,0.9675029509275083,7.160601847692246,118.71490268536063,10.79735408200354,0.016427550045611538
