,R2,MAE,MSE,RMSE,MAPE
gbr,0.9880380945287206,2.6782678001065556,44.43241698787076,6.292328880139132,0.005891948416186028
rf,0.9865252681956262,3.7024686720829854,49.30030450093715,6.784054560442938,0.008227368868206415
xgb,0.9859678461660885,3.3731651598715287,50.84680255211025,6.752127938689746,0.007423657984089492
BayesianRidge,0.9664492897506903,7.178175724039855,121.04575141896461,10.901415211767738,0.016312003403058162
