,R2,MAE,MSE,RMSE,MAPE
gbr,0.9883956225250042,2.8664857779934976,41.271871124066,6.171445051952905,0.006271998294572777
xgb,0.9873887199645358,3.436000036796577,45.461380057126505,6.557625636976455,0.0075427616707388675
rf,0.9861032118661713,3.8890348096510126,49.53299622433127,6.846921472581957,0.008628092596010457
BayesianRidge,0.9680243884730151,6.956202979730675,114.56075011619104,10.617492328490473,0.015978966076880756
