,R2,MAE,MSE,RMSE,MAPE
xgb,0.987287102163086,3.4467610401794495,47.94729584455249,6.700716734455741,0.007746765452349926
rf,0.9863447924447805,3.6445310544581817,52.48603698512086,7.097057747211485,0.008189484507031856
gbr,0.9862421330203726,2.934734389744104,51.83884146203998,6.972913967098888,0.006593448705307263
BayesianRidge,0.9674500733213083,7.018627234754186,124.42308245306788,11.10113463158658,0.016263753426436024
