,R2,MAE,MSE,RMSE,MAPE
xgb,0.9868161955498682,3.2971174815253037,48.818008213859166,6.673252429619803,0.007419271630032652
gbr,0.9862869704980808,2.74372101749083,51.04132538669761,6.809470197908692,0.006167524637398511
rf,0.9854125671331444,3.615746687089357,54.78256362050271,7.1756991359890465,0.00816597813127487
BayesianRidge,0.9687458559963558,7.013347533317791,115.935662489919,10.687717957248346,0.016175010773016633
