,R2,MAE,MSE,RMSE,MAPE
gbr,0.9877310511840814,2.748723598665175,46.338435064740175,6.64473319008801,0.006098810152778774
xgb,0.9875194406721123,3.332381149470217,47.17779481973671,6.684452849274713,0.007406803336793687
rf,0.9852800717375516,3.7974393079983466,55.57906987477317,7.281070587937774,0.008514697101816866
BayesianRidge,0.9660784298974605,7.2534511910262385,127.79506154731828,11.201038185292703,0.01666355862337409
