,R2,MAE,MSE,RMSE,MAPE
gbr,0.9901553670557647,2.216179615509577,36.789896460480044,5.780846487198114,0.005114775245995582
xgb,0.9899110208433667,2.8367832941933284,37.697322371605296,5.913465049467224,0.0065122661698842526
rf,0.9864333777667543,3.3355572877184976,50.84733690485992,6.9720407368297135,0.007672901613240625
BayesianRidge,0.9708851681179202,6.474988748918665,109.92080360196061,10.406601886849081,0.01505198992291939
