,R2,MAE,MSE,RMSE,MAPE
xgb,0.9914542486509393,3.0740700704432347,31.20195581761208,5.466883422916313,0.006792988837471972
gbr,0.9911286318309458,2.5773073534070576,32.414704389287564,5.55355035757809,0.0056653354753352595
rf,0.9896751084383988,3.4010761494461503,37.86498351584677,6.050458793213691,0.007580658064935299
BayesianRidge,0.9706554008210369,6.924031926735296,109.65311297891938,10.388602164991756,0.01594886345644132
