,R2,MAE,MSE,RMSE,MAPE
xgb,0.9861595604360147,2.67980046782188,40.549603299588554,6.09491415692937,0.005732084907991513
gbr,0.983779393161593,3.047186081413795,46.5897863188467,6.561639551301423,0.006492011255935333
