,R2,MAE,MSE,RMSE,MAPE
xgb,0.9876025945713772,2.5490068083671855,36.10364112789598,5.529035564709402,0.005353379943576935
gbr,0.9854481122455973,3.159608451712826,38.261068828452906,6.0604107105745175,0.006667770388083921
