,R2,MAE,MSE,RMSE,MAPE
xgb,0.9823502791096048,2.949616344877248,50.30856630845954,6.773862603638834,0.00617314943257372
gbr,0.9800027858684235,3.2958075204079593,56.80234827307349,7.2288328313676,0.007061531371995618
