,R2,MAE,MSE,RMSE,MAPE
xgb,0.9895109175105473,2.4503338673954165,29.023239016732184,5.29927619362738,0.0052568489543479095
gbr,0.9825365391421992,3.1198913157081014,48.19491991379079,6.695830912094992,0.006794885096928699
