,R2,MAE,MSE,RMSE,MAPE
xgb,0.9889623516521364,2.371432514676303,27.311715156336184,5.140802348312881,0.004962391593266248
gbr,0.9876638727507547,2.709038062043656,32.08563707459449,5.476493475494319,0.00580720682586461
