,R2,MAE,MSE,RMSE,MAPE
xgb,0.9907672003250061,2.379969975954613,24.169565695582136,4.827889936435691,0.005004037309186598
gbr,0.98294878688945,3.2311995795958746,43.88492886116307,6.5203971760872745,0.006935069552342864
