,R2,MAE,MSE,RMSE,MAPE
xgb,0.9870469049894023,2.4844664833397063,37.240082800723535,5.5995499259187795,0.005309840044225949
gbr,0.9852438123459063,2.963085033726909,40.0804018493167,6.025263082015418,0.006362464609477629
