,R2,MAE,MSE,RMSE,MAPE
xgb,0.9877889768964787,2.6053245501564297,31.133477949726473,5.418195534590149,0.005549942841140515
gbr,0.9808724981118386,3.180314072810391,47.7208924035794,6.596701493065984,0.0068739501128685905
