,R2,MAE,MSE,RMSE,MAPE
xgb,0.9912280281406366,2.239753962408774,20.724763704412567,4.412632358196398,0.004702970260362108
gbr,0.9865152580031396,2.7831015529605994,32.078860434070386,5.630640606793767,0.0058924929388616204
