,R2,MAE,MSE,RMSE,MAPE
xgb,0.9892187877201237,2.349273969534722,30.598058067017014,5.239521366990364,0.004987217994326604
gbr,0.9853923224171384,2.9921315592636413,41.32271323953491,6.213058772844929,0.006456126600816429
