,R2,MAE,MSE,RMSE,MAPE
xgb,0.9849912424153426,2.612782665919169,37.360882502702445,5.756083235908806,0.005533757770649894
gbr,0.9849290942204003,2.9463290486087446,36.96632315143899,5.905012879951938,0.006175071822374069
