,R2,MAE,MSE,RMSE,MAPE
gbr,0.9896746244957729,2.657475601771887,28.7778381356948,5.151892229220852,0.005601456748622527
xgb,0.9883584834558878,2.5547933136066705,31.192021454223486,5.396715335277207,0.0053204135832074445
