,R2,MAE,MSE,RMSE,MAPE
gbr,0.9866294952606479,3.073547241265444,36.68452043012313,5.929920934722003,0.006635550506728328
xgb,0.9849332374414022,2.877747148843686,40.21722591200065,6.07653479548794,0.006179906212793702
