,R2,MAE,MSE,RMSE,MAPE
xgb,0.98763842646836,2.6915438754355523,32.41432533267776,5.591435585046409,0.005530498619301184
gbr,0.9843816549467919,3.126568444584063,41.067651600209246,6.254377482515414,0.006618834926122172
