,R2,MAE,MSE,RMSE,MAPE
xgb,0.9870756068067541,2.4756918221089377,32.28489934856899,5.348652473065444,0.005247510630678149
gbr,0.9855544427407732,2.8784620336919304,36.09266912644073,5.860807855145778,0.0061306786920408245
