,R2,MAE,MSE,RMSE,MAPE
xgb,0.9901022313501067,2.490344611913933,27.56192827257737,4.978354261879311,0.005214650055853391
gbr,0.9845372536733098,3.012918345905987,41.785737887349924,6.170857745935,0.006453273867866189
