,R2,MAE,MSE,RMSE,MAPE
xgb,0.9852190445193078,2.761836496542377,44.035427911207016,6.282433097548219,0.005889721684966331
gbr,0.9835890017464977,3.0619935045845184,46.44612723167585,6.675941791023499,0.0065391788575519545
