,R2,MAE,MSE,RMSE,MAPE
gbr,0.9854376701159525,3.309453038944688,43.95385206857984,6.429168102165429,0.007088825746502131
xgb,0.9853410848793495,2.885258968041799,45.31590110273942,6.18916218654689,0.0060043363526428835
