,R2,MAE,MSE,RMSE,MAPE
xgb,0.9896008034753814,2.207737204373354,26.296175756253415,5.077939801583473,0.004725931797494129
gbr,0.9837918799633198,2.7386216839243036,39.378842765724436,5.963164157317288,0.005886192492895737
