,R2,MAE,MSE,RMSE,MAPE
gbr,0.9854734974138729,2.8334603109860863,33.4403175051492,5.595624932822107,0.005949152033110543
xgb,0.9796624001450024,2.8261611527199277,43.8238388671115,6.239019879490732,0.005870109595751834
