,R2,MAE,MSE,RMSE,MAPE
xgb,0.983426223627648,2.920751527781231,40.980907167970756,5.982900551393926,0.0061721412465109635
gbr,0.98234513205088,3.1288940421534193,45.68935055466729,6.44345778889501,0.00672487129554826
