,R2,MAE,MSE,RMSE,MAPE
gbr,0.9882985446806176,2.5335864115462,33.0476157001087,5.324345036743193,0.005393260766286807
xgb,0.987387282347715,2.4031566702262466,35.99807418170941,5.508121416934098,0.00514520067476271
