,R2,MAE,MSE,RMSE,MAPE
xgb,0.9900641370041331,2.3402762473142387,24.922309201772578,4.805794723917409,0.004881505842928663
gbr,0.9862976258936872,2.7690601171522395,34.00322870103214,5.683283497344261,0.005860971234597239
