,R2,MAE,MSE,RMSE,MAPE
xgb,0.9789035442250557,2.9586576324811205,49.31295353884735,6.7785895475344615,0.006342129590845948
gbr,0.9779698485997036,3.228446781990411,53.02658976335649,6.990320482841615,0.0070125182379757334
