,R2,MAE,MSE,RMSE,MAPE
xgb,0.9875262188524779,2.616868376024361,31.924871851801242,5.505302984372088,0.005544954303660174
gbr,0.9819536599288388,3.1526580352040123,47.165333969812735,6.649535771222413,0.006931093078076264
