,R2,MAE,MSE,RMSE,MAPE
gbr,0.9874875056740449,2.881901834136378,34.50943721820012,5.811867909504939,0.006098610492766304
xgb,0.9862610492430053,2.6648626940746487,41.74941204177894,5.9376052662980525,0.005495664584760943
