,R2,MAE,MSE,RMSE,MAPE
xgb,0.9888834450498196,2.377984743327609,29.28192330416706,5.06005744220252,0.005041613245985028
gbr,0.9865582435108886,2.752755259877505,34.57175723743215,5.690746164612817,0.005891890768347881
