,R2,MAE,MSE,RMSE,MAPE
xgb,0.9911412270303416,2.3361930066143026,23.35154732411305,4.6508312491259565,0.004940242592033345
gbr,0.9866662789153301,2.9084650019855527,35.622526984325795,5.703103991139807,0.006180962282717891
