,R2,MAE,MSE,RMSE,MAPE
xgb,0.99170647489045,2.3856291080839904,22.026945393243462,4.613321969763697,0.004999421134459685
gbr,0.9870297111782763,2.7588220161318286,35.168637096560246,5.738353542461011,0.005865717469355325
