,R2,MAE,MSE,RMSE,MAPE
xgb,0.9884983176934238,2.5685608349566507,31.12931650001182,5.320853940540002,0.0053998939044810415
gbr,0.9850363739122747,2.9255695392019416,40.47553813261184,6.109443845424606,0.006196021538562254
