,R2,MAE,MSE,RMSE,MAPE
xgb,0.9862444939528228,2.8441070089097398,35.10327037805195,5.723545255310891,0.0061389173849853386
gbr,0.9844624108049604,3.145818634671892,41.781534324742594,6.209665091534782,0.0068945312087689906
