,R2,MAE,MSE,RMSE,MAPE
xgb,0.9842788583636499,2.6801628418236683,36.48149186887902,5.777466631772307,0.005683197654701457
gbr,0.982051196476618,2.9885506206983896,42.06342654524565,6.146448531415573,0.006452148238104895
