,R2,MAE,MSE,RMSE,MAPE
xgb,0.9913223892243985,2.209133066071869,21.963208469687487,4.375414047483264,0.004628231964478391
gbr,0.9881261313563725,2.801095959589509,32.05955816521477,5.397535158398877,0.005960726536778348
