,R2,MAE,MSE,RMSE,MAPE
xgb,0.9881880970680328,2.349863296254252,30.633113251447345,5.104072598643663,0.0049223870754220795
gbr,0.982588182602673,2.8383219883812836,45.636487108200946,6.274768861640952,0.006032414599286428
