,R2,MAE,MSE,RMSE,MAPE
xgb,0.989980875258914,2.674335073281841,28.546549489252737,5.116757598683414,0.005590122191280159
gbr,0.9880464579927576,3.139893049982956,32.694657732697834,5.610974340141098,0.00663422777360535
