,R2,MAE,MSE,RMSE,MAPE
xgb,0.9887762791383305,2.539865179153992,34.931402032736585,5.713824537655901,0.005456729917032872
gbr,0.9824650891038189,3.174050243901724,55.14107967055524,7.246604219592021,0.006885718785341169
