,R2,MAE,MSE,RMSE,MAPE
gbr,0.9832456271978552,2.994937385105427,43.434059329089635,6.182893153384184,0.006438385854878176
xgb,0.9827826450731696,2.688986887140584,43.809720051188606,6.084265544186571,0.00572876972752636
