,R2,MAE,MSE,RMSE,MAPE
xgb,0.9885635404365047,2.4902143096253986,32.420346908038276,5.426926577785235,0.005283144275706336
gbr,0.9863835689186496,2.935711510100345,40.19280156376277,6.140481891322492,0.006259647892886015
