,R2,MAE,MSE,RMSE,MAPE
xgb,0.9863567439180624,2.6316008276935206,32.65270810069992,5.559526911813184,0.005514478336398372
gbr,0.9843161588058604,3.115234650467247,39.350524029795295,6.175314732414657,0.006648343232277932
