,R2,MAE,MSE,RMSE,MAPE
gbr,0.98883810647341,2.580306326510369,29.031360434889372,5.22511854161788,0.005480254616702146
xgb,0.9870625113234407,2.39154906623713,35.29950618126106,5.51504706009937,0.004998798852728483
