,R2,MAE,MSE,RMSE,MAPE
xgb,0.9882616520008838,2.517739329216666,29.961141745338985,5.241364704700045,0.005286544075734502
gbr,0.9843878825919227,3.0800772637330733,41.31268435824527,6.137024194881853,0.00660318786113438
