,R2,MAE,MSE,RMSE,MAPE
xgb,0.9893572898148252,2.2371815713107113,23.426552092151812,4.578836849629666,0.004686518193690894
gbr,0.9874888530779978,2.6686354154528815,28.422249028548627,5.224049529300993,0.005618690350005269
