,R2,MAE,MSE,RMSE,MAPE
gbr,0.9895510548785035,2.7490524829870906,26.705882273891927,5.130263414162868,0.00587605335259405
xgb,0.9885815842452368,2.3697619383747477,26.62835154611393,4.84763719011911,0.005055409715393085
