,R2,MAE,MSE,RMSE,MAPE
xgb,0.9836145437978259,2.815674910172754,43.36785695353852,6.220919095226173,0.006028602747678161
gbr,0.9825952499064549,3.17723036957297,47.52921015222103,6.702771995021465,0.006878177074446427
