,R2,MAE,MSE,RMSE,MAPE
xgb,0.9928711344322684,2.1391399365459436,18.999784328307733,4.173384297639384,0.00448759771339115
gbr,0.9890400877768698,2.6499674817863417,27.991836389327226,5.120714061738428,0.005664302588614384
