,R2,MAE,MSE,RMSE,MAPE
xgb,0.9888907246359672,2.3007926877953695,30.461551275157348,5.0120879578202135,0.004919084942754672
gbr,0.9857668786220559,2.7349907208136655,40.039657155619075,5.891912710868028,0.005917400943598993
