,R2,MAE,MSE,RMSE,MAPE
xgb,0.9907158671099721,2.279826464833033,26.137694032196656,4.759188849439898,0.004823284914633162
gbr,0.986390367002231,2.793249511290799,34.96474835393437,5.707273900067777,0.0060068224106842
