,R2,MAE,MSE,RMSE,MAPE
xgb,0.9902333415904059,2.39924524483082,27.529836244719018,5.12832945743193,0.005058917936899504
gbr,0.9836037919721127,2.9538273897591076,44.46241570025471,6.433617152349802,0.006298789114887432
