,R2,MAE,MSE,RMSE,MAPE
xgb,0.986188147227501,2.5653061623108604,36.548239130581855,5.717574813845047,0.00536012429062909
gbr,0.9825027766807377,3.134340441965822,46.807675140074345,6.668664681996409,0.006643304991208188
