,R2,MAE,MSE,RMSE,MAPE
xgb,0.9874620973617307,2.4534296633592287,30.014211546093104,5.213473116584238,0.005133278655566819
gbr,0.9871944560379451,2.8676309361598573,33.462041981770184,5.4564550048463145,0.006035876672495172
