,R2,MAE,MSE,RMSE,MAPE
xgb,0.9859967351338328,2.8571819752198335,40.66601923232475,6.009259886413856,0.005984459384150093
gbr,0.9857131670129146,3.061099000669111,42.76702834467022,6.044246928572621,0.006574221328041159
