,R2,MAE,MSE,RMSE,MAPE
xgb,0.9865928093640252,2.851225515203166,35.86208720148032,5.762017219587318,0.005980473097419609
gbr,0.9849131306283837,2.975950037887267,39.93366479196273,6.124226987097204,0.006318642394202363
