,R2,MAE,MSE,RMSE,MAPE
gbr,0.9808214748298878,3.3329540471723207,46.06527042633594,6.344382409687767,0.007069130265065927
xgb,0.9804626814033833,3.13765734731994,46.04105186897233,6.422491813451484,0.006615398781768271
