,R2,MAE,MSE,RMSE,MAPE
xgb,0.9885311502997973,2.5970972017283183,30.904281582636465,5.394994553270169,0.005514105871343355
gbr,0.9848737741560111,3.094814831349884,41.40252080822133,6.08309361829778,0.006677686634866245
