,R2,MAE,MSE,RMSE,MAPE
xgb,0.9858754144022003,2.40060467392651,33.73728852232645,5.458105903747773,0.005148814947825564
gbr,0.9822861844644363,2.9132692914525755,43.78575419407686,6.285169023983949,0.006364943664571574
