,R2,MAE,MSE,RMSE,MAPE
xgb,0.9863803416014127,2.5962021227695105,32.59656315565535,5.403656483936684,0.005408965755197291
gbr,0.9819188050461097,3.001382403999305,43.10591758208072,6.109313572881919,0.006325975318408748
