,R2,MAE,MSE,RMSE,MAPE
xgb,0.8631181453178384,10.622332216898599,414.2172308635475,18.35980237824161,0.023607316138081764
gbr,0.859755314553779,11.410657190885255,435.7734431943219,19.312404584660932,0.025607080320772933
BayesianRidge,0.8444867587104403,12.740060556014146,466.8115712770509,20.260915192989042,0.028385229317980216
rf,0.8211707436622484,14.569031976027565,562.5257141758475,22.843176406880197,0.032538144124196325
