,R2,MAE,MSE,RMSE,MAPE
xgb,0.8582916747125292,11.437582257588705,466.27718714079003,19.680411855488884,0.02443050725000133
gbr,0.8575732417727341,12.535399337142875,485.5007516225031,20.670990769155367,0.02728444829133466
BayesianRidge,0.8282212941356064,14.01569649273846,578.1746323292343,23.104083784453724,0.030710048301097047
rf,0.8024102232632477,15.906646948633806,660.3495109778803,24.601529958291735,0.03516862607309586
