,R2,MAE,MSE,RMSE,MAPE
BayesianRidge,0.9003790709068611,7.934612094941251,246.69265283751338,14.686712125902318,0.016431493946479817
gbr,0.8964074553875674,8.244702468659035,260.8150597211305,15.071481055464954,0.01726960298166156
rf,0.848699687901885,10.986046096758178,384.2205086116127,18.87277077493652,0.023504052089567937
xgb,0.8047959387413085,8.652748641967772,524.6323578303904,18.3594906414447,0.018258999860031194
