,R2,MAE,MSE,RMSE,MAPE
xgb,0.9259607939929044,7.211147664388021,193.15838512652087,12.83538189970272,0.015274734380922464
gbr,0.9250876792615734,8.28647487502771,196.48996331477056,13.385002900028004,0.01727767920946076
BayesianRidge,0.9153009550351999,8.66283363650403,209.6193119440557,13.88588900982973,0.018065572501329445
rf,0.889026490535447,11.324417206240458,273.7801972409829,16.15496583129835,0.024000359820646137
