,R2,MAE,MSE,RMSE,MAPE
gbr,0.9466243827887203,7.487967653580858,209.02001376232775,13.276956924764017,0.01615099241291908
BayesianRidge,0.9425428756261478,7.160022914866195,212.77817085031606,13.496675058104861,0.01541167116771383
xgb,0.9385828223247656,7.19288018544515,256.2535252877251,14.267203201662587,0.015093290269536722
rf,0.9188344608500947,10.311857509993093,296.0045460222244,16.324271086727702,0.02240946133896704
