,R2,MAE,MSE,RMSE,MAPE
xgb,0.9284075329670445,7.749918251037599,210.95007815740965,12.856827896885019,0.015890263491360666
BayesianRidge,0.9116592436113626,9.564629215159993,261.54757115034846,15.248842916882996,0.020022896270970012
gbr,0.9071218460171726,9.450491036470149,277.42316964918535,15.457807725144743,0.01964472566136459
rf,0.8665666182803055,12.729459452279238,408.3826042450083,19.664336228292694,0.027797746027824748
