,R2,MAE,MSE,RMSE,MAPE
gbr,0.9117810231137531,7.611927624337554,241.14642138268974,13.329795607865483,0.016257349194298967
xgb,0.8988295005436578,7.359161542256674,267.7195502426952,14.06320466669737,0.015716727787491055
BayesianRidge,0.8912257851196121,8.352418920566285,297.6208173969381,14.859799697553461,0.017983601926923515
rf,0.8819054889692033,10.66907115457158,319.30609009843295,16.938493455957865,0.023536757302661155
