,R2,MAE,MSE,RMSE,MAPE
gbr,0.8799878476682718,11.098187339655937,420.0123214866502,18.537264598309584,0.024675885462986918
BayesianRidge,0.8649561726215855,12.126298046695837,478.9932812015906,20.007554242700987,0.02703708599874337
xgb,0.8606994079802425,11.002398363749187,469.1104792616761,20.141639461878675,0.024237445657545976
rf,0.8516281852461185,14.01769807136061,526.6990957583905,21.46950325472505,0.031482806528073684
