,R2,MAE,MSE,RMSE,MAPE
gbr,0.9176844257237755,8.846589469400357,289.7071132487525,15.246084561362725,0.018542645688315075
BayesianRidge,0.9092400520161286,8.924408441618585,307.8689194151514,16.25075262518278,0.018714577854388386
rf,0.8987050420979411,11.068055827557771,347.48768174924936,17.31323752580883,0.02362068969066854
xgb,0.8861174209754218,8.86473690032959,339.7727498969548,16.771838353765098,0.018502867269559686
