,R2,MAE,MSE,RMSE,MAPE
xgb,0.9029215804033992,10.157456181844076,321.34061161599124,17.024821153146963,0.021475087383244086
gbr,0.8845532903948927,12.196972280580445,416.65611226422396,19.510507544576708,0.026845896221084443
BayesianRidge,0.8680624187496134,13.690681093093588,473.4651950917279,21.037305107920194,0.030370189251065903
rf,0.8477049123053837,15.32114702285042,522.2921871542059,22.314138092724114,0.03402557581549019
