,R2,MAE,MSE,RMSE,MAPE
rf,0.840036187141159,14.886118771869196,581.7336126058698,22.561986832911696,0.0327654732388495
BayesianRidge,0.8387801308906144,13.163658656098107,562.712432626983,22.372596616700545,0.028850767694993406
gbr,0.8280250044099772,13.311094430172986,598.37695989228,23.311162902051876,0.029183987910086417
xgb,0.8071167068597556,13.597450243632,699.04741956501,24.339474972227343,0.030554630736102217
