,R2,MAE,MSE,RMSE,MAPE
xgb,0.993316663698448,2.122808448346901,18.956675662841157,4.276485340897389,0.004401051321364316
