,R2,MAE,MSE,RMSE,MAPE
xgb,0.9899662750640518,2.332814662086011,28.397746040145496,4.987897489051011,0.00493838851246805
gbr,0.9860527835491067,2.6849992959945075,38.13937844162498,5.768191139800595,0.005691201491164435
