,R2,MAE,MSE,RMSE,MAPE
xgb,0.9926305263233861,2.1680369187406114,19.578522823937483,4.289501057766388,0.004492361902326906
gbr,0.9890288345448669,2.610757500442169,29.906479278077974,5.273443958406377,0.0055188671398176655
