,R2,MAE,MSE,RMSE,MAPE
xgb,0.987883135056771,2.435186917818509,31.450101437990305,5.3730211217437525,0.005205525556091053
