,R2,MAE,MSE,RMSE,MAPE
xgb,0.991073237801286,2.314752612845325,27.048750533451823,4.8928314232581585,0.004965562330133988
