,R2,MAE,MSE,RMSE,MAPE
xgb,0.9908296946759279,2.426610938818231,25.674488214325333,4.9964517748033455,0.0051470228707182495
gbr,0.9876994438215118,2.8364596272516445,34.02906681549405,5.741355584280474,0.006050230554870487
