,R2,MAE,MSE,RMSE,MAPE
xgb,0.9866170809842153,2.672226475144322,40.79178744239992,5.913861890780693,0.005744413789352248
