,R2,MAE,MSE,RMSE,MAPE
xgb,0.9828194262166312,2.853997059488003,45.02107575519483,6.235063550732084,0.006152476165816665
gbr,0.9827656838040746,3.1960673217546423,43.654111508849134,6.355217960362121,0.006892174583008145
