,R2,MAE,MSE,RMSE,MAPE
xgb,0.9830032701944307,2.500412815753779,31.410079962459047,5.428420947113248,0.005260866754018978
gbr,0.980248860078822,2.794582915715463,37.974011220444574,5.993072007362807,0.005947289179868752
