,R2,MAE,MSE,RMSE,MAPE
xgb,0.9846150937721954,2.7024028750613027,39.710691247363414,5.916177097319466,0.005585994157553981
gbr,0.9792285013157359,3.2830363743113873,55.233436574305166,6.979677738069722,0.006944454199843864
