,R2,MAE,MSE,RMSE,MAPE
xgb,0.9906250632187014,2.119939531517473,24.578756544569767,4.715560071137945,0.004503327944467706
