,R2,MAE,MSE,RMSE,MAPE
gbr,0.9889028373890557,2.9250023049912848,30.06010992337347,5.319409596088572,0.006183021790694501
xgb,0.9851272899075413,2.6076042360166793,42.91198378422725,5.527641200954991,0.005382128061864636
