,R2,MAE,MSE,RMSE,MAPE
xgb,0.9897140682714889,2.4916960453486943,28.233605695310995,5.190087880133165,0.005156416770429987
