,R2,MAE,MSE,RMSE,MAPE
xgb,0.9937272823433156,2.069644922785548,16.128933570327682,3.916990065247726,0.004242005519481152
