,R2,MAE,MSE,RMSE,MAPE
xgb,0.9907702511386296,2.344695451216264,23.58995523705893,4.685391200079932,0.004940063008964478
