,R2,MAE,MSE,RMSE,MAPE
xgb,0.9892469502901685,2.576467331821824,28.007890496668075,5.194218016266012,0.005410659508916055
