,R2,MAE,MSE,RMSE,MAPE
gbr,0.9863712162729504,2.7055836577537944,32.570791127824165,5.500148408853614,0.005851013052205281
xgb,0.985774328950864,2.3536070339882764,31.940814456728486,5.195936561332303,0.00494598002674756
