,R2,MAE,MSE,RMSE,MAPE
xgb,0.9921144078312281,2.1967524953277517,22.657783652583383,4.56358785357884,0.0046355419470685355
