,R2,MAE,MSE,RMSE,MAPE
xgb,0.9874065383251575,2.5881149819825353,30.169017447050418,5.259854273917464,0.005399092186882256
