,R2,MAE,MSE,RMSE,MAPE
gbr,0.9880974173415981,2.9131370418556637,31.526172585287547,5.501861574397084,0.0061621168097749455
xgb,0.986528386052871,2.670611905842313,34.73893061369496,5.7157255513793395,0.005687284486787538
