,R2,MAE,MSE,RMSE,MAPE
xgb,0.986470890000156,2.590658231579618,33.67465622713193,5.688099845080311,0.005460343089972081
