,R2,MAE,MSE,RMSE,MAPE
xgb,0.9894139432076292,2.4320887634704156,25.85374595466832,4.830633954954535,0.005025542860714777
