,R2,MAE,MSE,RMSE,MAPE
xgb,0.9890162251327845,2.5924789001357667,30.633666530642483,5.48149469120784,0.005471111396987529
gbr,0.9841343840199863,3.107015602736948,43.71733322460187,6.375589083311256,0.006630359818493944
