,R2,MAE,MSE,RMSE,MAPE
xgb,0.9922499786846503,2.2605247715947794,22.34775615355515,4.401842169740433,0.004804546575043049
