,R2,MAE,MSE,RMSE,MAPE
xgb,0.9853941691538424,2.600612522507603,37.6335500221818,5.755534659822387,0.005542546779805869
