,R2,MAE,MSE,RMSE,MAPE
xgb,0.9859509917135647,2.6828391542945984,40.19231749893576,6.162099453998007,0.005781656979607247
