,R2,MAE,MSE,RMSE,MAPE
xgb,0.9884709677626866,2.5422141180149604,26.296556341927793,4.866648231009879,0.005414751727097501
