,R2,MAE,MSE,RMSE,MAPE
xgb,0.9879413139547436,2.725959210081829,32.461615655821745,5.473941175117164,0.005752993978099583
gbr,0.9821950309806986,3.1923062070244557,46.906205968524944,6.574862871310621,0.006842840277670873
