,R2,MAE,MSE,RMSE,MAPE
xgb,0.9877705439056038,2.5348683602570934,33.72367721352419,5.6196087533616605,0.005340907503951877
