,R2,MAE,MSE,RMSE,MAPE
xgb,0.9917931705010613,2.0947120596078728,22.119729404087487,4.563421261516733,0.0043973076043733236
