,R2,MAE,MSE,RMSE,MAPE
xgb,0.9881457088785712,2.462731135868526,34.79608615200274,5.633520278193112,0.005189264939609762
