,R2,MAE,MSE,RMSE,MAPE
xgb,0.9854821905484507,2.644931356790182,44.4511145759884,6.384423665291278,0.005672700950406102
