,R2,MAE,MSE,RMSE,MAPE
xgb,0.988225610428118,2.5515683558181728,34.571447998189406,5.473884818191881,0.005436393713041544
