,R2,MAE,MSE,RMSE,MAPE
xgb,0.9868999154087795,2.5107531439507755,33.83292885813553,5.420683679489314,0.005346049155406067
