,R2,MAE,MSE,RMSE,MAPE
xgb,0.9909581520114884,2.454435423381957,27.084578787164368,4.908215889098727,0.005176384002327087
