,R2,MAE,MSE,RMSE,MAPE
xgb,0.9883293243315606,2.345402276597101,24.752451788884407,4.698997551314355,0.004981764676558103
