,R2,MAE,MSE,RMSE,MAPE
xgb,0.9883550319928579,2.46042818353115,27.567696294813082,4.9297325631883355,0.005216713074965214
