,R2,MAE,MSE,RMSE,MAPE
xgb,0.9856976832509604,2.7267652292896303,37.61898616111215,5.685274753772663,0.005763785846032038
gbr,0.9853160279295835,3.0701959891455166,40.36948970356555,6.121164551291093,0.006474688218683194
