,R2,MAE,MSE,RMSE,MAPE
xgb,0.9862221883356833,2.7129025524646253,36.33761544878807,5.7509705734046666,0.005785127361231801
