,R2,MAE,MSE,RMSE,MAPE
xgb,0.9879331069160354,2.6272156234620643,33.99972020922657,5.637598734279061,0.005601596859194424
gbr,0.9840102776370692,3.020417041779166,44.42933378276869,6.295148233030973,0.006440173193832525
