,R2,MAE,MSE,RMSE,MAPE
xgb,0.9903004717103976,2.4292309465030413,24.250112495645862,4.830690652204492,0.0050408052612254855
