,R2,MAE,MSE,RMSE,MAPE
xgb,0.9919806816421642,2.165324337405758,20.577912694881668,4.449545297102285,0.004520625230658678
