,R2,MAE,MSE,RMSE,MAPE
xgb,0.9878261449439917,2.3824049297057117,31.0748407846894,5.281645819709679,0.005073253691173206
