,R2,MAE,MSE,RMSE,MAPE
xgb,0.9856341987169663,2.642818242995611,35.42003487480207,5.6915060896130285,0.0056225854837198596
