,R2,MAE,MSE,RMSE,MAPE
xgb,0.9894103393494948,2.408622422055051,27.865399151092497,4.938183445411374,0.0050596383709545865
gbr,0.9828145288130538,3.0783676063153567,45.82680420657561,6.463931975707008,0.006491755332134091
