,R2,MAE,MSE,RMSE,MAPE
xgb,0.9855677889965839,2.427519014514132,33.43922029551455,5.44908172169028,0.005220483920640034
