,R2,MAE,MSE,RMSE,MAPE
xgb,0.9906148676935185,2.219980852745074,26.706763455193368,4.984873902179087,0.004766102231413824
