,R2,MAE,MSE,RMSE,MAPE
xgb,0.987563963699215,2.4824015298056437,31.378817555480044,5.251011736902328,0.005140158952099422
