,R2,MAE,MSE,RMSE,MAPE
xgb,0.9903547957691868,2.342333723303877,26.649051792115568,4.924613964748106,0.005007621427148865
