,R2,MAE,MSE,RMSE,MAPE
xgb,0.9868724143364271,2.511582369575412,34.050827090027035,5.472822979461934,0.005373127674111867
