,R2,MAE,MSE,RMSE,MAPE
xgb,0.990308104756744,2.205516299280396,26.78643873104815,4.881708489026272,0.004655045953585598
gbr,0.9875089966011241,2.6734562968753774,32.56834264831349,5.498445191829867,0.00574029210847463
