,R2,MAE,MSE,RMSE,MAPE
gbr,0.9865297506369132,2.6948996925948783,31.245239412152536,5.435664207957272,0.005612719390828183
xgb,0.985815045021037,2.6698752257068286,33.63655581053213,5.624587797017202,0.005583999900750239
