,R2,MAE,MSE,RMSE,MAPE
xgb,0.98675499645048,2.6059432663218405,34.53739607704874,5.615956814298622,0.005538136523695841
gbr,0.9862720148956013,2.9739307940674804,36.355991960472,5.735483277090443,0.006273144266567545
