,R2,MAE,MSE,RMSE,MAPE
xgb,0.9904199553045135,2.35360539234935,25.990561629550434,4.941332057459356,0.004894958985290373
