,R2,MAE,MSE,RMSE,MAPE
xgb,0.9917421715731167,2.268916806521115,21.889532979094945,4.617508677496179,0.004735146394905339
