,R2,MAE,MSE,RMSE,MAPE
xgb,0.9839262755498377,2.8315608798086482,40.26498036325275,6.03670453449802,0.005977289083194465
gbr,0.9832632261534838,3.2276120716886147,41.965773988523885,6.3031317996231495,0.0069217924187714944
