,R2,MAE,MSE,RMSE,MAPE
xgb,0.9855948635454219,2.7873348182375897,37.61695964698743,5.764109324481938,0.005992629593939721
