,R2,MAE,MSE,RMSE,MAPE
xgb,0.9898145218361473,2.3746011620012477,28.37419327802913,5.180834411581153,0.0049362773593733065
