,R2,MAE,MSE,RMSE,MAPE
xgb,0.9912889266696115,2.446225063334022,24.39568789482347,4.6994893369859065,0.005049620831414735
gbr,0.9868710155330576,3.007755856062141,36.138067637929176,5.693342657105067,0.006365748601593819
