,R2,MAE,MSE,RMSE,MAPE
xgb,0.9879734331848979,2.640617336459927,33.75954543412958,5.699073148049008,0.005606483683318105
