,R2,MAE,MSE,RMSE,MAPE
xgb,0.9850912834968092,2.614941784127331,36.511904318995946,5.830472616866237,0.005522006386601613
