,R2,MAE,MSE,RMSE,MAPE
xgb,0.988050226990344,2.5598254811391405,32.96945752761838,5.51258509191791,0.005386758269884
