,R2,MAE,MSE,RMSE,MAPE
xgb,0.9919652795749384,2.1095010703204675,19.363428732671714,4.294823377441951,0.0043757359701846205
