,R2,MAE,MSE,RMSE,MAPE
xgb,0.9941104627743084,1.9417244454763984,17.48197743024424,4.049675154135706,0.004034645071480039
