,R2,MAE,MSE,RMSE,MAPE
xgb,0.990069958032076,2.2578585984734665,26.847390957466992,4.907396605940177,0.004704146652533573
