,R2,MAE,MSE,RMSE,MAPE
xgb,0.9910339005662319,2.2236065999633503,25.130223254719095,4.829683820644216,0.004693476230688107
