,R2,MAE,MSE,RMSE,MAPE
xgb,0.990347839155584,2.4385581397565654,28.61607492296349,5.197571562683823,0.0052200939722092925
