,R2,MAE,MSE,RMSE,MAPE
xgb,0.9846219738540576,2.76454937326165,40.06793205567571,6.017650644531967,0.005958185137274454
gbr,0.980171754601567,3.3118964990462976,51.28241016884315,6.769132539434328,0.007155337880602623
