,R2,MAE,MSE,RMSE,MAPE
xgb,0.9897212725313201,2.375185844280722,27.24187252092691,4.998616854410545,0.005068353935111424
gbr,0.9859918029933821,2.956302019423283,37.13602593376214,5.971765912837319,0.006336162806299851
