,R2,MAE,MSE,RMSE,MAPE
xgb,0.989906737936799,2.420509242629116,25.977536696663826,4.968808576199814,0.00504720289931578
