,R2,MAE,MSE,RMSE,MAPE
xgb,0.991497446058292,2.392180460611979,24.871765596337944,4.779214403400721,0.004990052621830644
