,R2,MAE,MSE,RMSE,MAPE
xgb,0.9864483340673145,2.5255321499336385,31.680127564647172,5.304212687390073,0.005362183324633991
gbr,0.9847773840483962,2.9591307753619103,35.72579009451981,5.87132717528006,0.006338322188468368
