,R2,MAE,MSE,RMSE,MAPE
xgb,0.9900851737343169,2.274854181463068,25.0118043732923,4.8198309382407025,0.0048501489576289
