,R2,MAE,MSE,RMSE,MAPE
xgb,0.9890727439420479,2.491996758974257,29.958143420130813,5.298016557053889,0.005264517803808052
gbr,0.9831167084330321,3.2305821138647857,46.6354231585206,6.644273979951166,0.006853058210904971
