,R2,MAE,MSE,RMSE,MAPE
xgb,0.9880531374969269,2.4837913358817287,32.87480417834632,5.532308987714599,0.0052866290713620475
