,R2,MAE,MSE,RMSE,MAPE
xgb,0.9928743407461645,2.0927980451961776,17.81564479958473,4.016762679627819,0.00443685264548846
