,R2,MAE,MSE,RMSE,MAPE
xgb,0.9857365295344527,2.619001827223244,37.67711084594014,5.877889180671052,0.005582798975146989
gbr,0.9855230527608327,3.014457111232578,41.0657595604692,6.05784231541635,0.00642027837065396
