,R2,MAE,MSE,RMSE,MAPE
xgb,0.9911178452741428,2.26709788175285,25.74961117316617,4.841538146600699,0.004725040941989793
