,R2,MAE,MSE,RMSE,MAPE
xgb,0.9899534571370596,2.48645273625589,25.505689094958676,4.969440798750393,0.005254999201799488
gbr,0.9851895196137492,2.8912033758632227,38.79780313992165,6.094709990239398,0.006208576383142638
