,R2,MAE,MSE,RMSE,MAPE
xgb,0.9890536578264673,2.471733068648474,29.873300507627345,5.163536706930262,0.005239121063159939
