,R2,MAE,MSE,RMSE,MAPE
xgb,0.9880201366049912,2.4279307521295435,29.215101980914277,5.233295665034452,0.005125045292639395
