,R2,MAE,MSE,RMSE,MAPE
xgb,0.990272271852762,2.367731954081075,28.982916068515742,5.205469480620764,0.005021258057918689
