,R2,MAE,MSE,RMSE,MAPE
xgb,0.9876969494350396,2.6016502490632742,34.548628668649876,5.565500160104931,0.0056039962320793765
