,R2,MAE,MSE,RMSE,MAPE
xgb,0.987370505564131,2.628620039933211,35.12894548423155,5.441771545044604,0.005671898215642876
