,R2,MAE,MSE,RMSE,MAPE
xgb,0.9850684440211852,2.690919331726217,35.802864916766104,5.832340408807527,0.00575454774893506
