,R2,MAE,MSE,RMSE,MAPE
xgb,0.9900813829044157,2.4855748125165045,29.60106644005732,5.118900936246055,0.005168379581719935
gbr,0.9885548639225871,2.8715864725068325,33.33249839515809,5.6599572943519325,0.006029018927738319
