,R2,MAE,MSE,RMSE,MAPE
xgb,0.9928583481313981,2.203032443102145,19.441560672569743,4.249116456738714,0.004579509869396465
