,R2,MAE,MSE,RMSE,MAPE
xgb,0.9891193751029231,2.6599154116502444,26.55238822461981,5.0051239248724375,0.005521247650756568
gbr,0.983074025360622,3.1337079764343914,42.04804786545455,6.178946208486842,0.0066381203102163795
