,R2,MAE,MSE,RMSE,MAPE
xgb,0.9886503071985144,2.374472468964775,27.00887452265706,4.907102922778951,0.005005609553222358
gbr,0.9850015212030845,2.9418684593985978,36.57102976827879,5.896851973983944,0.006281558131308043
