,R2,MAE,MSE,RMSE,MAPE
xgb,0.990832567094106,2.366716737822548,28.28835348258557,5.098615239658476,0.004980470926881163
gbr,0.9878454021530162,2.7991752713722455,38.12641200789163,6.062391096812532,0.0059820478643177084
