,R2,MAE,MSE,RMSE,MAPE
xgb,0.9935671465249445,2.0902207022713615,16.439989438534056,3.9428326566249,0.004408052172588756
