,R2,MAE,MSE,RMSE,MAPE
xgb,0.9874043025592248,2.822591254122954,35.24077534737269,5.773172191275023,0.005970240008921126
gbr,0.9806936512366276,3.488120096696987,53.454669589907965,7.1304880701697595,0.007454445421087949
