,R2,MAE,MSE,RMSE,MAPE
xgb,0.9904499274863869,2.223658442286067,24.147406314671166,4.798644688275005,0.00469031245471767
