,R2,MAE,MSE,RMSE,MAPE
gbr,0.9886926682635675,2.4864136020390535,28.608902452707703,5.221492623385285,0.00528378975221849
xgb,0.9880255822947707,2.2705558290556915,29.912507442898864,5.240165242391729,0.004780961249268906
