,R2,MAE,MSE,RMSE,MAPE
xgb,0.9902469545440302,2.2869588654346957,24.761813174101547,4.712181463865669,0.0047801725500917795
