,R2,MAE,MSE,RMSE,MAPE
gbr,0.9890779241190009,2.7881441876686854,30.493622232325883,5.352630536437856,0.005860151369970465
xgb,0.9874961113123121,2.6937469361851982,35.37090463147605,5.505992749552056,0.005630419502115505
