,R2,MAE,MSE,RMSE,MAPE
xgb,0.9849281424660576,2.5079791005096794,33.210575065146266,5.439230203280404,0.005239019118729632
