,R2,MAE,MSE,RMSE,MAPE
xgb,0.9896110471188369,2.486664634153281,29.874645687046005,5.279708297426497,0.005260072481127254
