,R2,MAE,MSE,RMSE,MAPE
xgb,0.9908088800230986,2.3167457217058662,26.152518577991977,4.855945872997625,0.004910555651609997
