,R2,MAE,MSE,RMSE,MAPE
xgb,0.9866993043663472,2.6780128629102014,36.98527379804691,5.895403476504207,0.005699361725714447
