,R2,MAE,MSE,RMSE,MAPE
xgb,0.9878686797470593,2.4212179902616917,32.128405309939694,5.0947616938439815,0.005215543907294656
