,R2,MAE,MSE,RMSE,MAPE
xgb,0.9866815242442231,2.40622097187887,34.1074227110778,5.683466798443421,0.005226578695757441
