,R2,MAE,MSE,RMSE,MAPE
xgb,0.9861821830605251,2.477083186934322,31.889603761542663,5.280816814938557,0.0053389611936807534
