,R2,MAE,MSE,RMSE,MAPE
gbr,0.9859873500309927,3.046648333572428,41.103189014085444,6.183766389666846,0.006575572337176286
xgb,0.9858667424236589,2.68345689259463,39.0616324808269,5.866532827161015,0.005609207478899192
