,R2,MAE,MSE,RMSE,MAPE
xgb,0.9894804314716824,2.3620603287703505,27.029660019390047,5.046459469451534,0.005010656117287182
