,R2,MAE,MSE,RMSE,MAPE
xgb,0.9859163926660193,2.736671930167421,33.36005621597785,5.601308289400795,0.0057458138806653365
gbr,0.9810329053127104,3.1754057433126563,45.96076121856251,6.478724249597735,0.00677185715687203
