,R2,MAE,MSE,RMSE,MAPE
xgb,0.9880132822715293,2.4644854116017445,30.920963550819398,5.2353505622813925,0.0051760570280761945
