,R2,MAE,MSE,RMSE,MAPE
xgb,0.990293306491268,2.5156757070057427,27.650135105877098,5.144088194991886,0.00529876411258848
gbr,0.9885172100813545,2.8382879066453452,32.98119205958525,5.61266767301074,0.0061295199133504005
