,R2,MAE,MSE,RMSE,MAPE
xgb,0.9890021059284578,2.5054426951153013,28.990083919621604,5.221100168970984,0.0052601518660531045
gbr,0.982460398229953,3.0370599009497443,44.240654293438,6.4886217566827735,0.006489806871812225
