,R2,MAE,MSE,RMSE,MAPE
xgb,0.9881273702878268,2.5969536171226237,29.902908692894574,5.314730568008257,0.005485263090382441
