,R2,MAE,MSE,RMSE,MAPE
xgb,0.9894690954377168,2.412102148522864,28.369101498320873,5.171581809454954,0.005085910240143208
