,R2,MAE,MSE,RMSE,MAPE
xgb,0.9872770923045866,2.7806383356836846,35.00730929281426,5.722042457690902,0.0059888702038635175
