,R2,MAE,MSE,RMSE,MAPE
gbr,0.9878146209639725,2.7043958788831346,26.827306695378894,5.011176689501239,0.0056109229834092255
xgb,0.9876901815352571,2.536253291959821,27.761495759362095,5.015180955880443,0.005192369419592749
