,R2,MAE,MSE,RMSE,MAPE
xgb,0.9907086209640802,2.5199123355892157,29.326938961349477,5.164256323880978,0.005347531058248528
