,R2,MAE,MSE,RMSE,MAPE
xgb,0.9878567872321673,2.5001896305395452,30.468348236244207,5.382204544986097,0.005248718082154287
