,R2,MAE,MSE,RMSE,MAPE
xgb,0.9883822603519015,2.651459421437937,31.20667809496402,5.350450743677226,0.005776425506438572
