,R2,MAE,MSE,RMSE,MAPE
xgb,0.9923621281347558,2.2586001276758725,20.77154044204133,4.447024425446508,0.004705071807762597
