,R2,MAE,MSE,RMSE,MAPE
xgb,0.9884452991648658,2.4528736889534617,28.730795005793446,5.17162816860959,0.005181675002934837
