,R2,MAE,MSE,RMSE,MAPE
xgb,0.9893768409481879,2.3430762191096663,26.210295449532616,4.871376318228494,0.004974842861997037
