,R2,MAE,MSE,RMSE,MAPE
xgb,0.9878892657140295,2.547188327033481,32.11010855343628,5.470444749997027,0.005362473324694012
