,R2,MAE,MSE,RMSE,MAPE
xgb,0.9918964744815282,2.178202182725315,18.15615041149965,4.184161563360677,0.004561731847218051
