,R2,MAE,MSE,RMSE,MAPE
xgb,0.9831481329848263,2.739851685508078,43.301204412543356,6.115083198537677,0.005766401893759912
gbr,0.9817487265672049,3.142988131932958,48.49163744662512,6.443042841753673,0.006656293708621279
