,R2,MAE,MSE,RMSE,MAPE
xgb,0.9906517350681879,2.398764811072881,25.612076023906972,4.835119374740365,0.0050610647131782895
gbr,0.9865158906764858,2.8574378228108968,35.81140424920754,5.651670298470083,0.006085690526779602
