,R2,MAE,MSE,RMSE,MAPE
xgb,0.9915371300745613,2.296715241545564,24.261529684896317,4.612938403519566,0.00483905746754804
