,R2,MAE,MSE,RMSE,MAPE
xgb,0.9918608088023095,2.266494889977373,23.384672719434008,4.602279038380954,0.0047533257558398665
