,R2,MAE,MSE,RMSE,MAPE
xgb,0.9888364091138249,2.5223022342850836,29.962616257890318,5.227254047073901,0.0053830004677664104
