,R2,MAE,MSE,RMSE,MAPE
xgb,0.990823944344603,2.386934839777735,24.704630494454527,4.77516427277905,0.005116055270521427
