,R2,MAE,MSE,RMSE,MAPE
xgb,0.9901200676347359,2.1705950710056543,26.202286402334938,4.93439965657771,0.004524244237414274
