,R2,MAE,MSE,RMSE,MAPE
xgb,0.9919351738593057,2.1187196098240557,22.690140160423443,4.5351439778274365,0.004544112773184584
gbr,0.9876297186166207,2.635394739771087,32.82561897396765,5.596895302655346,0.005756534071039882
