,R2,MAE,MSE,RMSE,MAPE
xgb,0.9901735197288077,2.4463793602434354,27.3503595243529,5.060231197870507,0.005214096178197834
