,R2,MAE,MSE,RMSE,MAPE
xgb,0.9910593712190163,2.148290634617661,25.185311195156693,4.614649275933815,0.0044535403141425615
