,R2,MAE,MSE,RMSE,MAPE
xgb,0.9868579569891237,2.547650700068974,32.68951339377706,5.544583836281271,0.005472602305723632
