,R2,MAE,MSE,RMSE,MAPE
xgb,0.9861427076425555,2.459756784012068,34.72366749375435,5.405065242191045,0.0050980135275565195
gbr,0.985338906515965,2.879860136375486,38.60141434673993,5.946254908208898,0.006061894177196494
