,R2,MAE,MSE,RMSE,MAPE
xgb,0.9906185312398496,2.430325305057891,25.924519178494574,4.86521168338544,0.005197601229897051
gbr,0.987213437378648,2.877129020120644,36.36389053851056,5.831058236890101,0.006188325433304362
