,R2,MAE,MSE,RMSE,MAPE
xgb,0.9876721324405165,2.8342818779815593,35.923769409570255,5.7461057833016485,0.006018102647902559
gbr,0.9840310182333019,3.1671815253835054,44.89682945400771,6.479538417655938,0.006776297231625389
