,R2,MAE,MSE,RMSE,MAPE
xgb,0.9877725379427582,2.5390821442148352,34.273652015990656,5.594774922018036,0.005419416538014712
