,R2,MAE,MSE,RMSE,MAPE
xgb,0.9896287475988791,2.568156473937846,30.43666337320634,5.184844115707846,0.005362529168294945
