,R2,MAE,MSE,RMSE,MAPE
xgb,0.9885279923047617,2.3532947443157455,30.08936243879698,5.25072182926326,0.005080763605571021
gbr,0.9863326201252244,2.6113907163416976,34.531482662093346,5.588519863286775,0.005632419444891343
