,R2,MAE,MSE,RMSE,MAPE
xgb,0.992165462157257,2.1429257904977512,24.38418598556501,4.699483321791286,0.004433221457502348
