,R2,MAE,MSE,RMSE,MAPE
xgb,0.9817731432573401,2.658836125015935,45.7313168588668,6.4128048514871265,0.005693883869901828
