,R2,MAE,MSE,RMSE,MAPE
xgb,0.9914656620026415,2.347552850754389,23.1413430382046,4.629053004748338,0.00490966109568299
