,R2,MAE,MSE,RMSE,MAPE
xgb,0.984569901787045,2.686040705042841,35.81931412789777,5.776358518425852,0.005697183690881942
