,R2,MAE,MSE,RMSE,MAPE
xgb,0.9889219750959668,2.409190430967958,25.539943658182686,4.841168668755699,0.005149734346689661
