,R2,MAE,MSE,RMSE,MAPE
xgb,0.9876731146448925,2.410013972782588,32.03432828888128,5.386222814306515,0.005148038007179076
