,R2,MAE,MSE,RMSE,MAPE
gbr,0.9470803799394212,4.810267219039815,154.6511304714955,10.977634051058377,0.010277658428036757
