,R2,MAE,MSE,RMSE,MAPE
gbr,0.9483963437638632,5.074984271992003,126.00956616992555,10.479181931276868,0.01090806681612585
