,R2,MAE,MSE,RMSE,MAPE
gbr,0.9578827341167667,4.688910881454953,119.81798746333325,10.100012636407117,0.009921004115961444
