,R2,MAE,MSE,RMSE,MAPE
gbr,0.9592118156076699,3.874214686191486,105.2390075821797,8.099369557814477,0.00831490026655567
