,R2,MAE,MSE,RMSE,MAPE
gbr,0.9634341712057463,4.433486183676637,105.36036040653039,9.60466168994672,0.009660120763030742
