,R2,MAE,MSE,RMSE,MAPE
gbr,0.9424098058109205,5.046160851565237,150.89724012121,11.282536215914224,0.011352700421441788
