,R2,MAE,MSE,RMSE,MAPE
gbr,0.9744804735225483,4.002697710926326,77.06569194744898,8.412993334044078,0.008674943567321574
