,R2,MAE,MSE,RMSE,MAPE
gbr,0.9466661888086362,4.923620241103139,152.2650544981238,10.81603496782904,0.010975526804058748
