,R2,MAE,MSE,RMSE,MAPE
gbr,0.9429072774026889,5.194575208780741,160.82258290039616,11.261517326061261,0.011217248498912823
