,R2,MAE,MSE,RMSE,MAPE
gbr,0.9651655374349837,4.297018836678144,110.53166483301462,9.963860897003794,0.009378510126519782
