,R2,MAE,MSE,RMSE,MAPE
gbr,0.9725563579979184,4.354232453129369,97.60296187713793,8.89889448363703,0.009319725102335991
