,R2,MAE,MSE,RMSE,MAPE
gbr,0.9589636701201985,5.242384516376653,134.3268427765866,10.671390657036099,0.011974615599346252
