,R2,MAE,MSE,RMSE,MAPE
gbr,0.9595771424441164,4.212761459834085,96.71271151603707,8.871893268445428,0.009055949797607798
