,R2,MAE,MSE,RMSE,MAPE
gbr,0.9538866848841266,5.375193347014263,144.63915319487754,11.256136444508066,0.01169119241293145
