,R2,MAE,MSE,RMSE,MAPE
gbr,0.975944494726005,3.9275782738054175,76.55427130094854,7.932325714807947,0.008668002870216171
