,R2,MAE,MSE,RMSE,MAPE
gbr,0.9686730154386461,4.454463531364066,91.70061374681386,8.897901047108508,0.009775312545533708
