,R2,MAE,MSE,RMSE,MAPE
gbr,0.9608961851885798,4.7881824012389735,122.26150499491288,9.611376477241972,0.010409337133652566
