,R2,MAE,MSE,RMSE,MAPE
gbr,0.9781797677868006,3.9031918044320735,66.8325171664631,7.965464241225336,0.008372865109064992
