,R2,MAE,MSE,RMSE,MAPE
gbr,0.9601932510789437,4.787425031310555,120.77029888962329,9.850847238083379,0.010610928624481732
