,R2,MAE,MSE,RMSE,MAPE
gbr,0.9296529438164802,4.471883779119109,120.21087966137767,9.741552946154863,0.00939127001021588
