,R2,MAE,MSE,RMSE,MAPE
gbr,0.9660162205869126,4.010857430678174,92.38938392933356,8.914250574946578,0.008646916831831036
