,R2,MAE,MSE,RMSE,MAPE
gbr,0.9608417292778471,4.017712011873036,82.978702111598,8.650989752172949,0.008608713745823197
