,R2,MAE,MSE,RMSE,MAPE
gbr,0.9417332721723103,4.870188051951431,144.38141950019389,10.633023793240515,0.01048013618985312
