,R2,MAE,MSE,RMSE,MAPE
gbr,0.9700863603140162,4.089925575152443,81.88528211679018,8.826017275642707,0.008879762897361814
