,R2,MAE,MSE,RMSE,MAPE
gbr,0.9685379880843821,4.209458351289149,110.48661927550101,9.617477420807404,0.009325848414002472
