,R2,MAE,MSE,RMSE,MAPE
gbr,0.962375524068861,4.96421998860999,118.80905602516039,10.341155098087631,0.010837972852813321
