,R2,MAE,MSE,RMSE,MAPE
gbr,0.9663464768264936,4.4462523724616405,105.45631055693109,9.712510725379726,0.009630209647939182
