,R2,MAE,MSE,RMSE,MAPE
gbr,0.9583874124715,4.137073582881349,112.48937633086973,9.36407799227619,0.008797162392089629
