,R2,MAE,MSE,RMSE,MAPE
gbr,0.9409956508819439,5.164155054479897,179.27015455992859,11.811294771076206,0.011381111679013796
