,R2,MAE,MSE,RMSE,MAPE
gbr,0.9601644588604094,4.394780714912973,105.03126789148078,9.231214374162608,0.009471765397001565
