,R2,MAE,MSE,RMSE,MAPE
gbr,0.9723589876300729,4.269610521915718,84.62163908512078,8.981935106848763,0.009217609811808563
