,R2,MAE,MSE,RMSE,MAPE
gbr,0.9611559868501305,4.393555047062047,104.61344018419695,9.933310149174686,0.009298083156251542
