,R2,MAE,MSE,RMSE,MAPE
gbr,0.9576664190767614,4.529383328032066,137.6902232689784,10.523318860358746,0.010075305844054
