,R2,MAE,MSE,RMSE,MAPE
gbr,0.9480326028545658,4.183783108181919,132.36667852369385,10.28082440724046,0.009295891072945959
