,R2,MAE,MSE,RMSE,MAPE
gbr,0.9427392581885476,5.368652338360731,155.5439957332067,11.069118757077977,0.01179702525971926
