,R2,MAE,MSE,RMSE,MAPE
gbr,0.9561786598089894,4.377956171313028,131.9022266826702,10.040829987659425,0.009729652850536938
