,R2,MAE,MSE,RMSE,MAPE
gbr,0.9543163760270794,4.764699377722264,158.7062294665123,11.368156658231658,0.01066058601051673
