,R2,MAE,MSE,RMSE,MAPE
xgb,0.9875664398109688,3.0177932341136176,42.169510428189795,6.257838692177334,0.0067388294622744635
gbr,0.9866274560729446,3.5326077472895747,45.41062521544826,6.504258173565271,0.007824284567986017
