,R2,MAE,MSE,RMSE,MAPE
xgb,0.9878173242365677,3.1605335521586917,45.236162129259526,6.525000639480493,0.007095322770257992
