,R2,MAE,MSE,RMSE,MAPE
xgb,0.9864837624499598,3.220000250771921,47.75767302964968,6.627839835022144,0.007228729880430595
gbr,0.9852951246816352,3.8930034321067026,51.85294248249177,6.958733807542975,0.00867791292281187
