,R2,MAE,MSE,RMSE,MAPE
xgb,0.9880525530212522,3.352357523945269,47.46265975154528,6.748198769543221,0.007614497338274634
