,R2,MAE,MSE,RMSE,MAPE
xgb,0.988557535417411,3.0092159051009753,42.6193500008574,6.396765055680502,0.006794538458794427
