,R2,MAE,MSE,RMSE,MAPE
xgb,0.9915416837824642,2.818072481265824,30.29768392335447,5.368738773803836,0.006206775529920303
