,R2,MAE,MSE,RMSE,MAPE
xgb,0.9889105587876574,3.2355687460773566,40.29226575043184,6.282478415333207,0.007200098633202742
