,R2,MAE,MSE,RMSE,MAPE
xgb,0.989286911542765,3.214880423018241,39.30772871621856,6.196753799515857,0.007194724524954013
gbr,0.988289961569712,3.7579194292692697,42.96925633147388,6.48860445972141,0.008367036659134772
