,R2,MAE,MSE,RMSE,MAPE
xgb,0.990306736805034,2.9540856866473897,33.90473233899298,5.740919165964174,0.006596261237205253
