,R2,MAE,MSE,RMSE,MAPE
xgb,0.9869800552383339,3.1868625397377826,46.137212830347366,6.64867695809713,0.007161925410020703
gbr,0.9863410496590245,3.7712116587315494,48.433818842708426,6.849589494765626,0.008430995693475154
