,R2,MAE,MSE,RMSE,MAPE
xgb,0.9914366706783216,2.9459434626684815,30.110726249852178,5.429541580258301,0.006441265312378789
