,R2,MAE,MSE,RMSE,MAPE
xgb,0.9849653759970654,3.221134653528572,55.20918883960822,7.140360316007604,0.007357590767910092
