,R2,MAE,MSE,RMSE,MAPE
gbr,0.9859467510549045,3.8070310167806247,50.85017745764331,6.995893522822987,0.008589787799123927
xgb,0.9847504137222677,3.3034132479500413,53.39730957575366,6.9273136779655555,0.007552510764278273
