,R2,MAE,MSE,RMSE,MAPE
xgb,0.984062047110835,3.4804623787472537,55.8866102350734,7.339191564888426,0.007834290335424326
