,R2,MAE,MSE,RMSE,MAPE
xgb,0.9859909013905973,3.4168828644812947,52.55531433453156,7.026540319686395,0.007717079224588625
