,R2,MAE,MSE,RMSE,MAPE
xgb,0.9895990088016227,3.107177289240733,37.56556859634507,6.064801355597291,0.006980724276305682
