,R2,MAE,MSE,RMSE,MAPE
xgb,0.9883594707607065,3.3264607785555875,45.560481396096904,6.467677789656621,0.007547866406637431
