,R2,MAE,MSE,RMSE,MAPE
xgb,0.9879890387788828,3.0565887025817826,44.368926944841604,6.602827041685442,0.006937220303478525
gbr,0.9857445925347047,3.75952809392101,52.80936610224656,7.148160123520773,0.008443348302741118
