,R2,MAE,MSE,RMSE,MAPE
xgb,0.9866616376133992,3.4871859555010842,51.61602986849905,6.940647864778718,0.007892045733762997
