,R2,MAE,MSE,RMSE,MAPE
xgb,0.9875364525643802,3.3282281844167527,45.13761522368078,6.608504346915242,0.007467811306866164
