,R2,MAE,MSE,RMSE,MAPE
xgb,0.9844737435526904,3.4911184469747667,54.63215299789622,7.1969030287954565,0.00780684350345442
gbr,0.9836816682558471,4.062211957437493,57.44249461769061,7.409051108681043,0.009039031824261893
