,R2,MAE,MSE,RMSE,MAPE
xgb,0.9873133498458028,3.2551540439105198,48.1626023440348,6.728783128002085,0.007359814630377162
