,R2,MAE,MSE,RMSE,MAPE
xgb,0.9903627073230155,2.9036463760204763,34.516725911667095,5.732359044830571,0.0064157880183118325
gbr,0.9887895161991264,3.463132173698701,39.498974734379104,6.143911164157225,0.00763983281463658
