,R2,MAE,MSE,RMSE,MAPE
xgb,0.9909825538714767,2.909858821484925,33.728559150237466,5.60869808877111,0.006460836870610847
gbr,0.9897602557854552,3.5210084759328324,38.118934594500786,6.01122566252398,0.007810893566176478
