,R2,MAE,MSE,RMSE,MAPE
xgb,0.9870052569446346,3.2562671757299797,44.78980413187948,6.629765266966406,0.007399566691965277
