,R2,MAE,MSE,RMSE,MAPE
xgb,0.9873954986143934,3.1210499967065033,45.85338932681867,6.56176000163155,0.006989001546297285
gbr,0.9859307521783531,3.7933249365690473,51.34330604993247,7.009277130420548,0.00845616908140144
