,R2,MAE,MSE,RMSE,MAPE
xgb,0.9871935892992777,3.2155378741335894,45.93450042139212,6.664733147052419,0.0072482755382914325
