,R2,MAE,MSE,RMSE,MAPE
xgb,0.990229316445164,3.0981768334425652,37.96075634516673,6.0205407609875135,0.006953022801134838
