,R2,MAE,MSE,RMSE,MAPE
xgb,0.9895078717867596,3.1347887428808776,36.832028893193204,5.851221921243652,0.007032456927726523
gbr,0.9882207701450962,3.7051448061610293,41.270590195549666,6.218642670008897,0.008267202032359047
