,R2,MAE,MSE,RMSE,MAPE
xgb,0.9863641352161489,3.3392666093722396,47.44230263396806,6.786845171989327,0.007529045224863792
