,R2,MAE,MSE,RMSE,MAPE
xgb,0.9852591077695918,3.6383271792373577,53.98134386497433,7.245227811214365,0.008208443268677233
