,R2,MAE,MSE,RMSE,MAPE
xgb,0.9920139955222431,2.911919718455844,29.157115916096593,5.2898120982725425,0.006487160194260266
