,R2,MAE,MSE,RMSE,MAPE
xgb,0.9905620706011187,3.0933927571217303,35.003193436476394,5.822004176385702,0.006933141911392965
