,R2,MAE,MSE,RMSE,MAPE
xgb,0.9898926237700817,3.1625184482680315,37.26274897042116,6.030156055538782,0.007030756404201241
