,R2,MAE,MSE,RMSE,MAPE
xgb,0.9888860671511697,3.3035621094506005,42.165886662598936,6.4251906692400995,0.007274399429647143
gbr,0.9874921513689332,3.959473588063049,47.314723429079116,6.803854373695894,0.008703257995356367
