,R2,MAE,MSE,RMSE,MAPE
xgb,0.9894833160779599,3.1222475778515024,40.529004850298314,6.2314239377319876,0.007016219813875751
