,R2,MAE,MSE,RMSE,MAPE
xgb,0.9884771390229522,3.24491307999917,40.83425696826903,6.30281990902917,0.007316387477964361
