,R2,MAE,MSE,RMSE,MAPE
xgb,0.9888517458225845,3.0507993196263303,41.75232468854011,6.321723687083019,0.006789853617335688
