,R2,MAE,MSE,RMSE,MAPE
xgb,0.990631503627006,3.0029236942930306,35.35271487648961,5.756887318859269,0.006734381472192642
