,R2,MAE,MSE,RMSE,MAPE
xgb,0.9886951725499799,3.1976256360494757,40.39835070415423,6.151972335767206,0.007186288981711762
