,R2,MAE,MSE,RMSE,MAPE
xgb,0.9862157724405156,3.1625846949723306,50.43478193296499,6.891038839693953,0.0070541952294678354
gbr,0.9858483133269831,3.745917351809362,51.97552614491447,6.9742525451213755,0.008321590901561841
