,R2,MAE,MSE,RMSE,MAPE
xgb,0.9857596578153153,3.2747335781137927,51.94562691437828,7.002195142294321,0.007418497488726371
