,R2,MAE,MSE,RMSE,MAPE
xgb,0.9849352206868709,3.5362226911899612,54.86742181974718,7.114287096836145,0.008018328620156426
