,R2,MAE,MSE,RMSE,MAPE
xgb,0.9894447380800531,3.07545919998446,37.871845792437945,6.053031365766045,0.006969291780958062
