,R2,MAE,MSE,RMSE,MAPE
xgb,0.9900429126789755,3.038632539232286,36.745302257983,5.893031929512582,0.006789591813667753
