,R2,MAE,MSE,RMSE,MAPE
xgb,0.9877862353806929,3.2912852730197266,44.94179017477843,6.591955569639876,0.007372201157046697
