,R2,MAE,MSE,RMSE,MAPE
xgb,0.989991234067832,3.0323624670610885,38.484977680998746,6.060065870349986,0.0068364937969779705
