,R2,MAE,MSE,RMSE,MAPE
xgb,0.9885948587551228,3.267043314793617,43.312815150040485,6.529197495897622,0.007333205643961003
