,R2,MAE,MSE,RMSE,MAPE
xgb,0.9895914758960856,3.1854946985074237,37.207696292237294,5.928909448547084,0.007003518834601538
gbr,0.9893429423736624,3.7998045719992413,38.008515037259585,6.090504580931547,0.00833319603252846
