,R2,MAE,MSE,RMSE,MAPE
xgb,0.9925903723865865,2.6934542490170807,28.470373022978077,5.265724159793099,0.006021397825909407
