,R2,MAE,MSE,RMSE,MAPE
xgb,0.9839990578065467,3.395773827652443,57.70050351145087,7.456366573722063,0.007737787900839869
