,R2,MAE,MSE,RMSE,MAPE
xgb,0.987560681999949,3.300020368993588,45.71126737054666,6.560221281701369,0.007449278248265139
