,R2,MAE,MSE,RMSE,MAPE
xgb,0.9857175641477356,3.3412448085929976,51.55867791745909,7.088068349464784,0.00751572801434326
