,R2,MAE,MSE,RMSE,MAPE
xgb,0.9877393531394125,3.2567044544966195,41.92097205003302,6.398447066912934,0.007242684719924612
gbr,0.9860084400985354,3.940621589918557,47.775523305073314,6.843860105992168,0.00874569310048404
