,R2,MAE,MSE,RMSE,MAPE
xgb,0.9913849065227417,2.8050385466083334,30.942341722802844,5.384062303398304,0.0061779628489891875
gbr,0.9902583425425174,3.4767150760947603,35.04879282683003,5.766526015846677,0.00765536061512279
