,R2,MAE,MSE,RMSE,MAPE
xgb,0.991214306535614,2.8120295229263923,32.196754934457886,5.612809065273401,0.006170611609349533
gbr,0.9899173096560568,3.3484622953279612,37.12333080420517,6.01657007003709,0.0073466480987053285
