,R2,MAE,MSE,RMSE,MAPE
xgb,0.9908673525672983,3.0209319973757216,33.24651214210152,5.630104561111289,0.006631945086098571
gbr,0.9899338133247271,3.6504132259933124,36.85380470105133,5.942867443873306,0.00801596873673621
