,R2,MAE,MSE,RMSE,MAPE
xgb,0.9891281330738366,2.9915697328987103,36.52163294997771,5.946210921098958,0.0066505958744331045
gbr,0.9877853833512675,3.675303294803844,41.13152417953935,6.3560304073286105,0.008128031023507232
