,R2,MAE,MSE,RMSE,MAPE
xgb,0.9916093692679061,2.873667027022913,30.784128153697957,5.413541401483183,0.006418581290611998
