,R2,MAE,MSE,RMSE,MAPE
xgb,0.9909114494716883,2.998762767277203,33.06854420653959,5.635213336524311,0.006706991936667832
gbr,0.9902968416237108,3.6221049741008735,35.34041921936972,5.86425327617779,0.008009800437133107
