,R2,MAE,MSE,RMSE,MAPE
xgb,0.9899038485572277,3.185677338118987,36.961946402008074,5.945574775663321,0.007126445369738861
gbr,0.989396785104723,3.6886886629523388,38.90460687543417,6.1405877925881525,0.008192538769107159
