,R2,MAE,MSE,RMSE,MAPE
xgb,0.9869757656057642,3.204437578975603,50.04100880087424,6.863077006261612,0.007283977403778838
