,R2,MAE,MSE,RMSE,MAPE
xgb,0.9864501425570005,3.195096147381063,46.215714332405994,6.547601121767275,0.007251320430598704
