,R2,MAE,MSE,RMSE,MAPE
xgb,0.9839274066311731,3.7840428807414455,60.187313350564295,7.642254005932495,0.00852243078401117
