,R2,MAE,MSE,RMSE,MAPE
xgb,0.9875886363525641,3.1434955083122396,43.631469352590344,6.401826264997318,0.007051674537114932
