,R2,MAE,MSE,RMSE,MAPE
xgb,0.9880360703012906,3.163725846575809,43.98866212493427,6.5263685548873385,0.007213034255658224
