,R2,MAE,MSE,RMSE,MAPE
xgb,0.9882918557895938,3.192948628513484,44.53333608709787,6.551580298832334,0.007239432624371461
