,R2,MAE,MSE,RMSE,MAPE
xgb,0.9874114227238812,3.362860383146468,45.870998067846095,6.6892473965013055,0.007527695460766712
