,R2,MAE,MSE,RMSE,MAPE
xgb,0.9922881062298229,2.87569986665181,28.060578125481992,5.258069198433455,0.006306275052510269
gbr,0.9913315295096476,3.469879932923411,31.382787708999622,5.551758579728061,0.007584602267974914
