,R2,MAE,MSE,RMSE,MAPE
xgb,0.9847441944345896,3.2736990870717206,55.34934253398626,6.969935458505184,0.00733554350452401
