,R2,MAE,MSE,RMSE,MAPE
xgb,0.98857592201882,3.1619597133467896,41.53851500052485,6.347432191432899,0.006989497460327697
