,R2,MAE,MSE,RMSE,MAPE
xgb,0.9919349261474787,3.036493666689542,30.70510774678892,5.483104460930574,0.006733746299753447
gbr,0.9903590385781598,3.660076990199143,36.96015614735065,6.016687099821591,0.008101546776842003
