,R2,MAE,MSE,RMSE,MAPE
xgb,0.9919041050861853,2.647293945095048,28.62756028769338,5.234114445055925,0.005884635923153897
gbr,0.990085673162098,3.508775350810784,35.39180811110527,5.8897198909472,0.0077989269591134044
