,R2,MAE,MSE,RMSE,MAPE
xgb,0.9897421781781824,2.9888610238393527,35.99572120848843,5.9291262810885526,0.006627064397315127
gbr,0.9890724642613342,3.657989097468236,38.36286468168977,6.146947178996191,0.008072514143591208
