,R2,MAE,MSE,RMSE,MAPE
xgb,0.98448316471267,3.5414511906622854,57.82535936801794,7.425085126249954,0.00807566350455324
