,R2,MAE,MSE,RMSE,MAPE
xgb,0.9891607700006638,3.0168385514154643,39.30893110759892,6.125731486776155,0.006744741587841649
gbr,0.9877137999148881,3.637342126999795,44.5851568268397,6.534548626459329,0.008105644062783078
