,R2,MAE,MSE,RMSE,MAPE
xgb,0.9913324949990182,2.8313805196973756,32.07614845772444,5.605849986638781,0.006323670935240967
gbr,0.9905871094879934,3.506450246399786,34.98589761984199,5.868493260499275,0.007743708248373319
