,R2,MAE,MSE,RMSE,MAPE
xgb,0.9889880975579566,3.0225120420648692,39.57957536557789,6.162434315054251,0.006734241900250011
