,R2,MAE,MSE,RMSE,MAPE
xgb,0.9864539635982386,3.3071105116883053,51.623514758103305,7.048609726028571,0.007473560995403863
