,R2,MAE,MSE,RMSE,MAPE
xgb,0.9886723733523637,2.9782109704849122,39.146593023861996,6.111695488670903,0.0066933695099752775
