,R2,MAE,MSE,RMSE,MAPE
xgb,0.9894324762128592,3.0183410872958367,39.09467390067984,6.100230524952408,0.006698823054348012
gbr,0.9875465220818673,3.809249087464496,45.68179879734545,6.670668857312935,0.008506378994565272
