,R2,MAE,MSE,RMSE,MAPE
xgb,0.9879805941878288,3.249356070484739,43.405805134010684,6.49987704131014,0.007215202069569243
gbr,0.9876221437878374,3.767408414014561,44.65636017993502,6.586126154699457,0.008308192534003294
