,R2,MAE,MSE,RMSE,MAPE
xgb,0.9885686896162506,3.2567634857062737,41.16495735808693,6.291078159390429,0.007335338270930106
