,R2,MAE,MSE,RMSE,MAPE
xgb,0.9844500853688661,3.485696150065857,57.276243954786686,7.470311769067922,0.007924395188875144
