,R2,MAE,MSE,RMSE,MAPE
xgb,0.9865246586801559,3.4868733811046866,51.593860766863784,6.990242465079611,0.007840577373593689
