,R2,MAE,MSE,RMSE,MAPE
xgb,0.9890710809824108,3.225938778047735,40.89323181598895,6.29423088914414,0.00719428973118609
