,R2,MAE,MSE,RMSE,MAPE
xgb,0.9896786836980775,2.8476268024830076,37.27874733716572,5.811923361718416,0.006447764413489198
gbr,0.9882323758473817,3.4937395364128854,42.20690462448043,6.259308747203236,0.007853982788637233
