,R2,MAE,MSE,RMSE,MAPE
xgb,0.991205506032968,2.868324108099011,32.30664609647444,5.601689053391125,0.006389988485022087
gbr,0.990110965545705,3.4307663759167584,36.45326004204547,5.971312392539126,0.007600620824658061
