,R2,MAE,MSE,RMSE,MAPE
xgb,0.99259085361067,2.8419669922635067,27.913123390559047,5.205427193417377,0.006243417740850585
gbr,0.9916185479670988,3.3803614121770336,31.648805758206414,5.551703913705689,0.007407651683994973
