,R2,MAE,MSE,RMSE,MAPE
xgb,0.9872239896672872,3.180709087407111,48.68666600479462,6.78014802367669,0.0071264235436584115
