,R2,MAE,MSE,RMSE,MAPE
xgb,0.9856664899366047,3.441892336786263,52.865056379000734,7.116088753386539,0.0078084409748035944
