,R2,MAE,MSE,RMSE,MAPE
xgb,0.9878657940522458,3.02660702859657,42.808810268234275,6.294864734206245,0.006846457862428587
