,R2,MAE,MSE,RMSE,MAPE
xgb,0.9888703904508425,3.028364675332151,39.274986731446106,6.100522032213149,0.0066599179238027665
gbr,0.9875987471973968,3.660714522746987,43.648265813097815,6.463330204288799,0.00804158740173408
