,R2,MAE,MSE,RMSE,MAPE
xgb,0.9883099381543433,3.21732994165842,43.521083964713235,6.431880563191514,0.007165015289059164
