,R2,MAE,MSE,RMSE,MAPE
xgb,0.9877202358784748,3.3421981594477033,44.23962042346091,6.488274167914919,0.007347269509630187
gbr,0.9875169608932202,3.8762699257964606,44.99231600754955,6.538586137241599,0.008547624567344415
