,R2,MAE,MSE,RMSE,MAPE
xgb,0.9890058003367701,3.1133335442067662,40.55126645122219,6.2481640410576285,0.007053813062224999
