,R2,MAE,MSE,RMSE,MAPE
xgb,0.9876796295541792,3.1193527045307112,44.70380171819538,6.497619056763499,0.007045100036873167
