,R2,MAE,MSE,RMSE,MAPE
xgb,0.9872006566880582,3.3353877493533917,47.588336448624986,6.8089553702580705,0.007543082969155536
