,R2,MAE,MSE,RMSE,MAPE
xgb,0.9898105900082637,3.2061403278130713,38.96349945441555,6.160216208410003,0.007155368800580329
gbr,0.9883107732191727,3.852771858658566,44.39705596798269,6.603942802197682,0.008566451238966984
