,R2,MAE,MSE,RMSE,MAPE
xgb,0.987854003067147,3.179444530511891,45.64831522428723,6.481031301788677,0.007137254689699056
