,R2,MAE,MSE,RMSE,MAPE
xgb,0.9875725959445572,3.2943025185878083,47.49658743698384,6.656785435072019,0.007511591406531933
