,R2,MAE,MSE,RMSE,MAPE
xgb,0.9899930057808998,3.0902127731129827,38.81615425343062,6.182626666044234,0.006927465749718908
