,R2,MAE,MSE,RMSE,MAPE
xgb,0.9848062347790496,3.5076973968850864,57.300937647852685,7.423317796834975,0.00801356794542241
