,R2,MAE,MSE,RMSE,MAPE
xgb,0.9888252500079654,3.165938875967446,43.320915409172486,6.404496188766376,0.0070517523998876825
