,R2,MAE,MSE,RMSE,MAPE
xgb,0.9893699660043695,3.1175194869634426,39.68478592042098,6.262976856334872,0.006992243235446692
