,R2,MAE,MSE,RMSE,MAPE
xgb,0.9872892784824202,3.1954943203849306,45.32539594184161,6.566112221240564,0.007219236904216003
