,R2,MAE,MSE,RMSE,MAPE
xgb,0.9911202724048064,2.8426892527289804,31.428259850293216,5.490241017164253,0.006316907753130242
gbr,0.9893248171345548,3.577391334153867,37.72048960608094,6.0839188234532395,0.007930559512031424
