,R2,MAE,MSE,RMSE,MAPE
xgb,0.9850840664223183,3.399285262544011,54.34188459420538,7.325148054484029,0.007740560349031566
