,R2,MAE,MSE,RMSE,MAPE
xgb,0.9866721084875346,3.3383227954661656,47.57047111221594,6.731004233726146,0.007487340422745285
gbr,0.9854549078300163,4.003202607209017,51.684717011647194,7.048850675484917,0.008948725924830387
