,R2,MAE,MSE,RMSE,MAPE
xgb,0.9893062172594946,3.193176411739323,36.89327996340226,5.998753501777845,0.007066857494153246
gbr,0.987967234477814,3.75585410022302,41.43660602768752,6.36003668926067,0.008284800215922008
