,R2,MAE,MSE,RMSE,MAPE
xgb,0.9892048888247211,3.1315650428701405,39.77103649152574,6.202400582880219,0.007048034765778703
