,R2,MAE,MSE,RMSE,MAPE
xgb,0.9904479319373489,2.9447518312428738,36.46218328301762,5.797502068667356,0.0065894057401844714
