,R2,MAE,MSE,RMSE,MAPE
xgb,0.9867690873713032,3.3577762368265267,45.44413369165146,6.58975559020369,0.007462548547552979
