,R2,MAE,MSE,RMSE,MAPE
xgb,0.9866175830861093,3.2671811961330652,49.25052062277025,6.778672881947896,0.007343679004243551
gbr,0.9839797556212204,3.916308840125963,59.08247173677275,7.40361518081091,0.008799959891377192
