,R2,MAE,MSE,RMSE,MAPE
xgb,0.9900992298833786,3.0561908136604745,34.79303122294977,5.718062523749457,0.0067182091319301475
gbr,0.9891310144246601,3.6218503859816367,38.02176449956057,5.992917175718012,0.007936314752843832
