,R2,MAE,MSE,RMSE,MAPE
xgb,0.9875971466710846,3.184646913931606,45.21958303079431,6.420332524131396,0.007095838396730438
