,R2,MAE,MSE,RMSE,MAPE
xgb,0.986225440073547,3.2616732282909724,48.546734197500356,6.820584703342078,0.007336843046323124
