,R2,MAE,MSE,RMSE,MAPE
xgb,0.9876390818012956,3.0818175533646386,45.04989651854049,6.492818028201347,0.006868764424996103
gbr,0.9872972286479487,3.6554172324783707,46.44370619658198,6.629426408034417,0.008095852370472402
