,R2,MAE,MSE,RMSE,MAPE
gbr,0.9864258051188525,3.6393061362872077,49.31301670633508,6.786807309884447,0.008151242559875147
xgb,0.9862009859535771,3.0636135252443015,49.94070194203907,6.720220363167456,0.006924324607621437
