,R2,MAE,MSE,RMSE,MAPE
xgb,0.9887534527566831,3.024397451622268,39.85278169621241,6.183838906487237,0.006853155426364504
