,R2,MAE,MSE,RMSE,MAPE
xgb,0.987862610247206,3.2206466165342,45.20111927741886,6.614389534337336,0.007232470092268621
