,R2,MAE,MSE,RMSE,MAPE
xgb,0.98376603732534,3.563453510385051,58.16395101693744,7.492774111607649,0.008134187080979417
