,R2,MAE,MSE,RMSE,MAPE
xgb,0.9873264251639483,3.3427361923275276,44.884745544435376,6.678613580064292,0.007480381288321887
