,R2,MAE,MSE,RMSE,MAPE
xgb,0.9921971069403929,2.7373696735917967,28.99584622497087,5.302981776965581,0.006065542587899482
gbr,0.990800697679191,3.3820151559393485,33.97870565319893,5.7459492619566905,0.007471050367604738
