,R2,MAE,MSE,RMSE,MAPE
xgb,0.9878783384123494,3.2406208555163403,43.843591757221716,6.447667903101286,0.0073484883638798935
