,R2,MAE,MSE,RMSE,MAPE
xgb,0.9895241077816994,2.9789099876035277,37.28615587141687,5.988419027021458,0.006653390362003457
