,R2,MAE,MSE,RMSE,MAPE
xgb,0.9864936697427744,3.4091831929232006,51.09831338713417,6.997595513158767,0.0076928252045693315
