,R2,MAE,MSE,RMSE,MAPE
xgb,0.9869135654572363,3.474026517579881,47.779094278836126,6.7741940694480505,0.007915457148830634
