,R2,MAE,MSE,RMSE,MAPE
xgb,0.9858154781191739,3.3881500711261348,51.10865216911736,7.050061086418578,0.0075893669767242615
