,R2,MAE,MSE,RMSE,MAPE
xgb,0.9901722180904333,2.9623058710362904,34.42414588422322,5.7188497214041565,0.006535030058726148
