,R2,MAE,MSE,RMSE,MAPE
xgb,0.9911937174101467,2.998977580683082,32.5884856393897,5.655456152082705,0.00665544290087558
