,R2,MAE,MSE,RMSE,MAPE
xgb,0.9928418974966498,2.835524181171246,26.674615178176815,5.097438850066337,0.0063805471880941465
