,R2,MAE,MSE,RMSE,MAPE
xgb,0.9889815078424501,2.947075688757747,40.20232565959559,6.257699394515995,0.006531541860658992
gbr,0.987406201790672,3.622665795553418,46.04615183653107,6.706564900001941,0.008048828794139175
