,R2,MAE,MSE,RMSE,MAPE
xgb,0.9894550560923998,2.990329973022837,38.43304892023393,6.101420954042834,0.006703336651422485
