,R2,MAE,MSE,RMSE,MAPE
xgb,0.9879732777023982,3.1938206022340334,43.66529833893985,6.42061722975085,0.007230502537128589
