,R2,MAE,MSE,RMSE,MAPE
xgb,0.988441421543971,3.1380054941578424,41.77927783602805,6.368024458583294,0.006961449750782692
gbr,0.9873961461934512,3.70720488458835,45.425328992628636,6.632326485614724,0.00819942400727107
