,R2,MAE,MSE,RMSE,MAPE
xgb,0.9906917437347215,2.982950503405172,35.440046888934674,5.846897703540151,0.006741802768425084
