,R2,MAE,MSE,RMSE,MAPE
xgb,0.9867036081732733,3.1963762506247795,47.8470963112557,6.711053863116808,0.007288778402790597
