,R2,MAE,MSE,RMSE,MAPE
xgb,0.9888559927763554,3.086756620756687,42.082143572502886,6.213119679254455,0.006902275194366375
