,R2,MAE,MSE,RMSE,MAPE
xgb,0.9879748833636718,3.070994580674393,42.09130110215456,6.430006982978014,0.006850690192185198
gbr,0.9862057853224012,3.7235727599228694,48.22862274469908,6.896718573346918,0.008297420284082393
