,R2,MAE,MSE,RMSE,MAPE
xgb,0.9883227180053449,3.2686217159573125,40.43359625260725,6.2881768404037865,0.0072911750450789185
