,R2,MAE,MSE,RMSE,MAPE
xgb,0.9868481231844998,3.2882308770206214,47.822532579064685,6.785037988444915,0.007336957913558188
