,R2,MAE,MSE,RMSE,MAPE
xgb,0.9905151645743346,2.8999493465411517,35.60090185344652,5.749727264737234,0.00647248477346663
gbr,0.9893418905128633,3.476193145921647,40.066160207833136,6.086645992957499,0.007744056641262105
