,R2,MAE,MSE,RMSE,MAPE
xgb,0.9883481228409796,3.36460904662586,42.45755127902425,6.425219512186066,0.007497811007573319
gbr,0.9870327779599981,3.9427921501831973,47.41169405420488,6.760138258265835,0.008763218461135466
