,R2,MAE,MSE,RMSE,MAPE
xgb,0.9868603794662866,3.2267783544997153,46.59834213157651,6.566611988786204,0.007145522414241978
