,R2,MAE,MSE,RMSE,MAPE
xgb,0.9853571660480727,3.3761921264083874,54.199073488822066,7.165939954956279,0.007632646042238388
