,R2,MAE,MSE,RMSE,MAPE
xgb,0.9871054853410147,3.1036029575056476,44.397146888104835,6.463489394833388,0.006935724505523813
