,R2,MAE,MSE,RMSE,MAPE
xgb,0.9910042700907521,2.97254785596846,32.8168316164026,5.6363934692613435,0.00654402452441301
gbr,0.9901488522109323,3.547456028162332,35.97750603471292,5.922221511499494,0.0078112992600512104
