,R2,MAE,MSE,RMSE,MAPE
xgb,0.9874080586315671,3.3319773790621525,45.229164935272344,6.666003206873597,0.007473831951537594
