,R2,MAE,MSE,RMSE,MAPE
xgb,0.9899119571584858,3.100350376125723,37.80221431752037,5.8594508350968315,0.00688229835364298
