,R2,MAE,MSE,RMSE,MAPE
xgb,0.9913279541471868,2.747698616733877,31.973376093446156,5.408395773424534,0.006101771965359506
