,R2,MAE,MSE,RMSE,MAPE
xgb,0.9892972111327701,3.3315920411984195,37.79596762801616,6.046875656556457,0.007376913508322069
