,R2,MAE,MSE,RMSE,MAPE
xgb,0.9857167617555476,3.501673430052943,51.94160876233788,6.858216991111055,0.0076752284258740896
