,R2,MAE,MSE,RMSE,MAPE
xgb,0.9878959129796725,3.4828133722049954,46.6896064525522,6.687217179296397,0.00773351355948375
