,R2,MAE,MSE,RMSE,MAPE
xgb,0.9893683472993546,3.2800647312654427,39.246704999078204,6.181226482919141,0.007184641900917164
