,R2,MAE,MSE,RMSE,MAPE
xgb,0.9881870673844126,3.2799615878287667,45.046810405235696,6.571984416436331,0.007216350410158073
