,R2,MAE,MSE,RMSE,MAPE
xgb,0.9830588794012665,3.6411859507599287,57.6349679846893,7.39988365085612,0.008050752982831786
