,R2,MAE,MSE,RMSE,MAPE
xgb,0.9898531253551905,3.3013969088608937,38.97617215482499,6.018014247525239,0.007339288293527426
