,R2,MAE,MSE,RMSE,MAPE
xgb,0.9899684900445237,3.084586987838448,36.75325642880561,5.920573022982805,0.006935652128820732
