,R2,MAE,MSE,RMSE,MAPE
xgb,0.987965055277108,3.2259125626693406,43.009244216516734,6.346996870399741,0.007237248241533016
