,R2,MAE,MSE,RMSE,MAPE
xgb,0.988717625409695,3.263459779806214,41.597614819752565,6.224289673409767,0.00718192982278521
