,R2,MAE,MSE,RMSE,MAPE
xgb,0.9892457818676528,2.75986211714012,39.276677089254605,6.033884940748986,0.006220413524759818
