,R2,MAE,MSE,RMSE,MAPE
xgb,0.9887045056381689,3.2092006295961903,42.26305759002942,6.199845547247961,0.007137737821627391
