,R2,MAE,MSE,RMSE,MAPE
xgb,0.9891903731507385,2.892740592835442,38.71555564754443,6.0186531062863935,0.006495877993040538
