,R2,MAE,MSE,RMSE,MAPE
xgb,0.9919021716861895,2.826352572184903,29.682466368601887,5.327366686878753,0.006329683899095476
