,R2,MAE,MSE,RMSE,MAPE
xgb,0.9876636147577897,3.4106408438052767,46.13402354907905,6.518887974166731,0.007540069742150125
