,R2,MAE,MSE,RMSE,MAPE
xgb,0.9896995240433748,2.663388452795531,36.0530953201274,5.714037392390624,0.006014737987114547
