,R2,MAE,MSE,RMSE,MAPE
xgb,0.9925000706308456,2.517341966380542,28.019674957691798,5.1128854396506185,0.005673734109590513
