,R2,MAE,MSE,RMSE,MAPE
xgb,0.9880597875258808,3.132136259478272,45.08266411273452,6.493229483531598,0.007044677284451274
