,R2,MAE,MSE,RMSE,MAPE
xgb,0.9849898889128719,3.5347620914501503,57.58947173801998,7.4141845082477476,0.007777926981784623
