,R2,MAE,MSE,RMSE,MAPE
xgb,0.989938577606144,3.0859913015305622,36.52415006933048,5.917811276377587,0.0068537567432791924
