,R2,MAE,MSE,RMSE,MAPE
xgb,0.9869123407963464,3.539399114644752,48.29325656984703,6.7727524907549554,0.007820882172238076
