,R2,MAE,MSE,RMSE,MAPE
xgb,0.9887816315671012,2.938571046512189,41.66202705202758,6.136276236624337,0.0065832553584549034
