,R2,MAE,MSE,RMSE,MAPE
xgb,0.9881811894787182,3.1977931879939847,42.47131960951074,6.258523866631043,0.00710168764497802
