,R2,MAE,MSE,RMSE,MAPE
xgb,0.9892392780902526,3.2927236856401727,40.360647507089126,6.100030901099088,0.007354265426599993
