,R2,MAE,MSE,RMSE,MAPE
xgb,0.986271539164948,3.514724799499786,51.33730044913085,6.959625666571014,0.0077504135591413
