,R2,MAE,MSE,RMSE,MAPE
xgb,0.980444119010215,3.7791449834475728,76.72488510571716,8.295091372990907,0.008320833690838272
