,R2,MAE,MSE,RMSE,MAPE
xgb,0.990214346735138,2.715593268664949,36.299504950246515,5.879590890170858,0.006238881092918771
