,R2,MAE,MSE,RMSE,MAPE
xgb,0.9861345115334934,3.7057588243236013,52.308101349882655,7.084071223252965,0.008162161090363676
