,R2,MAE,MSE,RMSE,MAPE
xgb,0.9908124770899548,2.738508288588842,32.62012286102163,5.551504688715481,0.0061366172331061685
