,R2,MAE,MSE,RMSE,MAPE
xgb,0.9902412925504391,3.2123931100576284,37.06824081987451,5.9547568095361605,0.007029647982774764
