,R2,MAE,MSE,RMSE,MAPE
xgb,0.9815480925182787,3.6597426617974547,73.15363736769253,7.7166798545978335,0.008025766066868969
