,R2,MAE,MSE,RMSE,MAPE
xgb,0.9868547639635812,3.456503472039427,48.352389722364954,6.553566905271962,0.007768065722829042
