,R2,MAE,MSE,RMSE,MAPE
xgb,0.9900707740087787,2.747284885677259,38.25472266925202,5.914077904234793,0.006192390221177138
