,R2,MAE,MSE,RMSE,MAPE
xgb,0.9881706004885918,3.355564753365324,43.26881061010802,6.2949559071176635,0.0073957376366803424
