,R2,MAE,MSE,RMSE,MAPE
xgb,0.9887117547208295,3.2148034788613264,43.20772032417088,6.257634756865073,0.007109755647897546
