,R2,MAE,MSE,RMSE,MAPE
xgb,0.9905755851058009,3.3526257715765033,38.57237594478716,5.966324674993059,0.00744446504952682
