,R2,MAE,MSE,RMSE,MAPE
xgb,0.9893884152694723,3.0599354675238133,39.888175137563564,6.146110145305291,0.00677159644049446
