,R2,MAE,MSE,RMSE,MAPE
xgb,0.9890244947255104,2.929889076527666,39.480245085499035,6.125817499223944,0.006577886333685008
