,R2,MAE,MSE,RMSE,MAPE
xgb,0.9897102225513079,3.1325282022636705,36.291418357459676,5.87980955217307,0.006948299410784888
