,R2,MAE,MSE,RMSE,MAPE
xgb,0.9888959461492405,3.528616625917575,42.042661113678236,6.287127021705155,0.007881644129828901
gbr,0.9845635859810058,3.9788181051093603,58.157344237402185,7.59393357681042,0.009082893916367386
rf,0.9833672083072373,3.923315158238144,63.20593983720052,7.8387108892388015,0.008868448266967786
BayesianRidge,0.9580146831589602,7.608927879458198,157.39382921914634,12.512678527388122,0.017548457356431964
