,R2,MAE,MSE,RMSE,MAPE
xgb,0.9719910502810076,4.655815515728795,103.7327758423874,9.777888182355928,0.010358972221904378
rf,0.9703733310947735,4.453145594636004,110.32617705510458,10.376362394818397,0.009919593289693522
gbr,0.9688991048152783,5.0598800419873,114.87889518437423,10.270508974142896,0.011560373631061474
BayesianRidge,0.9600731250769196,6.960010875611589,147.48137053535316,11.871305061035706,0.015773862776415633
