,R2,MAE,MSE,RMSE,MAPE
xgb,0.9842354621583995,3.6489390281915335,61.4534343965678,7.419605022185007,0.008211337258365021
gbr,0.9826906175686038,3.8869948121459226,67.16539812126592,7.785118923428338,0.008899809909896979
rf,0.9803881062061898,3.941986849115568,76.23691838105357,8.457671610310017,0.008877300592122966
BayesianRidge,0.9649764298828837,6.958030464625628,135.425988240838,11.451933203263014,0.01588249701618159
