,R2,MAE,MSE,RMSE,MAPE
xgb,0.9801815166319978,3.9683634724014256,75.40232285937361,8.438839558655108,0.008848182750087237
gbr,0.9792560087645548,4.136746864582132,79.57551966851592,8.70235747005055,0.009410908015981673
rf,0.9784230794954766,4.077782117347862,83.02697646865519,9.004802125112281,0.009183642507145724
BayesianRidge,0.9615113529955966,7.141212448092654,147.51571663112378,12.055946314911377,0.0164478376101715
