,R2,MAE,MSE,RMSE,MAPE
gbr,0.9794702314045374,4.0381830432339205,78.82737044767862,8.724976816324565,0.009306591760081603
xgb,0.9790838396444398,3.9290308191485246,80.3192678110986,8.660742332834195,0.008792515890487407
rf,0.9774425276685657,3.7825726802576627,86.55510597061034,8.877466919051143,0.008448729091674583
BayesianRidge,0.9648385665180997,6.911724178536635,134.79206292008922,11.50258592215327,0.01594640385242543
