,R2,MAE,MSE,RMSE,MAPE
gbr,0.9838513689900032,3.9239305097001185,63.38588879210799,7.66808571367593,0.00905804693085463
xgb,0.981812433644859,3.8870776081623566,70.92368676147936,8.04726174462742,0.008733111064720385
rf,0.9806335988420217,3.8408240044099164,75.57673592231376,8.501958603581885,0.008674824756699095
BayesianRidge,0.9677178931153156,6.624109633695331,126.27966625231507,11.160558735171467,0.015281819720700255
