,R2,MAE,MSE,RMSE,MAPE
xgb,0.972466955644576,4.19358433966229,103.17152818841964,9.85161396361754,0.009430587266094817
gbr,0.9702379520370605,4.495414484074384,111.88534422995107,10.275704349706505,0.010319082700727723
rf,0.9679749159758911,4.320444207918686,120.96594357784406,10.723048276613605,0.00971276077946522
BayesianRidge,0.9569255019034278,7.16646812616744,162.22303680376575,12.5982022743373,0.016241025113155345
