,R2,MAE,MSE,RMSE,MAPE
xgb,0.9839578989722657,3.8989139085159885,61.38458090187642,7.584278050227627,0.0087464592432919
rf,0.9823594341757913,3.9874235481093336,67.47452164571186,7.992741087654693,0.00896708804812332
gbr,0.9790204948116346,4.260294676610279,79.40372831786424,8.590225844857224,0.009845878756536898
BayesianRidge,0.9675811903002367,6.701506563985319,124.80555452719634,11.072037241308454,0.015375693110486302
