,R2,MAE,MSE,RMSE,MAPE
xgb,0.9841979608945879,3.7719890576531308,59.372812521511584,7.552571547648149,0.008409755549909964
rf,0.9834068124892026,3.777083329729416,62.13896804625627,7.759476894524769,0.008450078013462009
gbr,0.9821798269764296,4.098381093693012,67.4224768094572,8.031891317684712,0.00935410351130813
BayesianRidge,0.9618882022716349,7.201259247478099,144.6436601050596,11.879312036959808,0.016711870276923956
