,R2,MAE,MSE,RMSE,MAPE
xgb,0.9808620201791838,4.308930476337291,74.40358585915938,8.459752998042843,0.009626692763960032
rf,0.9787487139815308,4.268339125117562,82.93155462848787,8.903081422565522,0.009502173811082048
gbr,0.9774592143374756,4.581312574992184,87.75988205118391,9.180715113432147,0.010432018121486636
BayesianRidge,0.9518912724584739,8.507517835583192,187.05496745453925,13.510556707211203,0.019732446071265224
