,R2,MAE,MSE,RMSE,MAPE
xgb,0.9867627459353459,3.7363382233373037,52.33056666885144,7.069821712801938,0.008317222494262248
gbr,0.9819537241976978,4.3700144299822865,71.22740093290318,8.291801165700301,0.009988260323474
rf,0.9819381400767526,3.939461902143808,71.44372720780902,8.243871391920162,0.008889417179651637
BayesianRidge,0.9608378879851802,7.45394094192506,154.29053344452862,12.272735699551902,0.017073665136868355
