,R2,MAE,MSE,RMSE,MAPE
xgb,0.9812790480848907,4.032904762316648,67.67630365317453,7.897858282627948,0.00907488842560188
gbr,0.9805097756478333,4.277633885294059,71.05633741147503,8.226755903786806,0.00979486469516493
rf,0.9782089864201222,4.029916408818617,79.917717060383,8.548798487714407,0.009084712039041282
BayesianRidge,0.9672444307965943,6.536050132708145,120.6765366990287,10.872338905739674,0.014834261708035687
