,R2,MAE,MSE,RMSE,MAPE
gbr,0.9813102815807581,4.0563287934245364,70.93902997762062,8.095160431051795,0.00934134649823631
rf,0.9768060154599445,3.7812585745523655,87.18968832867334,8.781375592335168,0.008517909758437494
xgb,0.9737467172277128,3.921772725277087,97.26662862366123,8.92251941715598,0.008794434332117804
BayesianRidge,0.9643853786700423,6.8333864172831955,136.93716237638344,11.462558436863949,0.015835301849393694
