,R2,MAE,MSE,RMSE,MAPE
gbr,0.9788473441354435,4.209475920134244,81.85948914266677,8.788648173468403,0.009730962176492098
xgb,0.9787178041861317,3.765648600425801,82.35802287453143,8.452281120374256,0.008543012214368387
rf,0.9761326569105513,3.905473280445458,94.13684618475381,9.17546497566049,0.00886549376146534
BayesianRidge,0.9607949967125219,7.125713659264565,150.60947306022555,12.158924029667753,0.016447239976568755
