,R2,MAE,MSE,RMSE,MAPE
xgb,0.9820234962741899,3.9755565730102966,67.07563995711942,8.116807861052411,0.008820468354527407
rf,0.9806171596024162,3.8430899024560916,73.20281499698199,8.424568670264225,0.008545493963047063
gbr,0.9782883546829062,4.452501504366218,80.59828306117548,8.937544331100963,0.010053999301667869
BayesianRidge,0.9616891651310115,7.263839323200275,143.57112881466423,11.882891343856436,0.0164233501009926
