,R2,MAE,MSE,RMSE,MAPE
xgb,0.9819119528085162,3.7636573705710683,66.43781773500423,7.73173583444688,0.008472008219265588
rf,0.9798148910262547,3.7871509711876072,77.23310781804797,8.315796544471667,0.008558998789958614
gbr,0.9777335403441407,4.146554248508167,83.00930004758538,8.844629866346216,0.009659165055322171
BayesianRidge,0.9626024869210299,6.746210785981572,139.49845463491815,11.693602610725229,0.01560825491384028
