,R2,MAE,MSE,RMSE,MAPE
gbr,0.9706705519470116,4.87920334194512,114.26000975182134,10.075407181569947,0.01110138586384565
rf,0.96994337767409,4.436400877452746,117.69937960022746,10.06563408599615,0.00979128794404985
xgb,0.966641100923157,4.659877256283091,131.4951805469697,10.502651121402268,0.01024489639748243
BayesianRidge,0.9615405549430622,7.001939712357748,147.34084207170204,11.901703000364739,0.015866807230112516
