,R2,MAE,MSE,RMSE,MAPE
gbr,0.9830850356690991,4.212139029275395,68.49364979934394,7.7323620459114135,0.009645520075851644
xgb,0.978641691224756,4.11661806804025,88.60543517993165,8.285917105711212,0.009255450665995424
rf,0.9740313867773693,4.200815991177529,107.77477841785853,9.223797718989406,0.009472960361515903
BayesianRidge,0.9626785935741523,7.427849872080475,146.6280460690718,11.91171370202253,0.017009101972100905
