,R2,MAE,MSE,RMSE,MAPE
gbr,0.97930925859788,4.383966566929867,82.01738455627,8.887365348352398,0.010118033186257723
rf,0.968294670857327,3.8680397867346366,122.67536145453855,10.279892264121354,0.008646488789333828
BayesianRidge,0.9652444426810798,6.927100660870127,137.31724616893217,11.523379132224537,0.015991237170631133
xgb,0.9648384878346979,4.390030010867528,135.61168776436438,10.888587340206302,0.009882467737617447
