,R2,MAE,MSE,RMSE,MAPE
xgb,0.9741006653943313,4.366101165331838,99.18520786959222,9.528132805395371,0.009976772533648669
gbr,0.9729500378669771,4.606084579492774,103.5273059220012,9.888767146747961,0.010665818751761645
rf,0.9676287454783996,4.296515100391806,124.63026934065726,10.496470598490086,0.009841265000649151
BayesianRidge,0.9607817929560266,6.993596018541976,150.49510478884474,12.020926676660741,0.01615186712901085
