,R2,MAE,MSE,RMSE,MAPE
gbr,0.982339681645658,4.0952016230459,70.30190534941458,8.07478301429261,0.009425118510279887
xgb,0.9805765037362899,3.984372921020139,77.30004204225393,8.510807962532038,0.008911649745497217
rf,0.979891451331075,3.913640588939464,80.02388538981138,8.551287106399558,0.008767328789840519
BayesianRidge,0.9629787102080606,7.225134124815668,147.0966846181944,11.936349747633617,0.01661785975570252
