,R2,MAE,MSE,RMSE,MAPE
xgb,0.9815837018982163,3.7686757041201737,69.83329233806923,7.94219554889861,0.008433134780316178
gbr,0.9795990791069646,4.013171755377187,77.95218455072643,8.29853403804369,0.009198455870834541
rf,0.9791936134412792,3.8896161462596317,79.43015114107979,8.589407335563187,0.00874800500693199
BayesianRidge,0.9606753731391828,7.219422814242931,149.92849375325358,12.04307674074951,0.01670655642852304
