,R2,MAE,MSE,RMSE,MAPE
xgb,0.9834795351997736,3.8481947331139317,62.15958486799765,7.657770828946892,0.008547063581090215
gbr,0.979873321688288,4.069950364645747,74.70379112954762,8.327383610748601,0.009283435164503686
rf,0.9789433157427186,4.001282910656117,80.04162777753848,8.717853411794422,0.00891379209623835
BayesianRidge,0.9627190087396444,7.247829748621392,142.08019151473826,11.783322167970237,0.01666377967230068
