,R2,MAE,MSE,RMSE,MAPE
xgb,0.9829104576477624,4.040139636849558,64.76764610919092,7.745940574401331,0.009122475584599127
gbr,0.9800957957974126,4.351576600913398,76.04228125974859,8.413969322608347,0.010038636319411362
rf,0.9799670847035754,4.023659376510844,76.43783496010691,8.450027375802744,0.009023218725136188
BayesianRidge,0.9610667206473693,7.634188158497615,150.58655929464064,12.081076509565083,0.01766468919265077
