,R2,MAE,MSE,RMSE,MAPE
gbr,0.9819788234460818,4.0964802640805225,69.35981180033734,8.165428982752978,0.009547294115088454
xgb,0.9789053158788026,3.7801622697208024,81.10030380602099,8.640485771821739,0.008563840873668396
rf,0.9771200298710288,3.8218397073688424,88.16054753878196,9.103855535023168,0.00862872558294889
BayesianRidge,0.9633473593433891,7.117519839744091,142.09894713561386,11.860728658370519,0.016543991965849388
