,R2,MAE,MSE,RMSE,MAPE
xgb,0.9738361159852655,4.6119379794993325,99.47943359535073,9.692186172337884,0.010342621325258455
gbr,0.9729899597105778,4.698388359645845,101.86622631872974,9.888873205815562,0.010714542699708954
rf,0.9707423314003322,4.475598914405806,111.12548698097632,10.24713567257082,0.010118259600465637
BayesianRidge,0.9529364905144047,7.8360954564120835,180.92479465972502,13.32491023737652,0.0180607731172588
