,R2,MAE,MSE,RMSE,MAPE
xgb,0.9849979883972203,3.7882036539134694,57.41100890800726,7.443975981749557,0.008517399224567294
gbr,0.9846484500983816,3.851668370308713,58.161584393846475,7.513356112412313,0.008936614140055773
rf,0.9803036672199967,3.871826461168964,74.62343439173337,8.563153914210758,0.00871702135329178
BayesianRidge,0.9684448839252695,6.379857231577782,119.88413459142973,10.868864129155558,0.014633333624986537
