,R2,MAE,MSE,RMSE,MAPE
gbr,0.9816283773482717,4.192259985618806,68.45313094464848,8.086912761101228,0.009572997653049978
xgb,0.9812172813338499,4.095882880054063,69.83236026835974,7.992850612625288,0.009152270879347845
rf,0.979079487733018,4.103553249044436,78.11063416074883,8.54309472930311,0.009209268193870778
BayesianRidge,0.9660179973907104,6.8540470372258735,128.35900005931916,11.154092500323914,0.015691297192063813
