,R2,MAE,MSE,RMSE,MAPE
gbr,0.9720389341407174,4.538429200270511,101.09367428330629,9.741731094502317,0.010498444279724507
xgb,0.9656646334941368,4.471954379662079,124.5140537008494,10.566681333858003,0.010208312820854245
rf,0.9646105982601554,4.438445958032525,131.03354964583838,11.01024369290144,0.01015329505348676
BayesianRidge,0.9547284849180612,7.525702232315072,164.92114122161257,12.683089896045745,0.017397390667710358
