,R2,MAE,MSE,RMSE,MAPE
xgb,0.9901989523639594,3.3746799051432688,40.201096341949004,6.215767387630394,0.007525602367342345
gbr,0.9886486884791987,3.6774704415969017,46.91312985286173,6.724804620621666,0.008504200146926174
rf,0.9844951351634947,3.8191873705064374,65.15308850692739,7.89646761984344,0.008601559826831643
BayesianRidge,0.9680766019410749,6.933400550723624,132.39183490677175,11.372515863892724,0.01608843480744621
