,R2,MAE,MSE,RMSE,MAPE
xgb,0.9829052367881908,3.861108025013041,64.44373304551716,7.863558032258444,0.008631827365668716
gbr,0.976172219570984,4.363078111040546,89.97291083660858,9.278933755736094,0.01008806158006197
rf,0.9751500372259606,4.061327298773578,93.37333020201832,9.42095004202677,0.009098364283634395
BayesianRidge,0.9610730949397688,7.265704623476907,145.87853731333158,11.87129081499153,0.016497955758338907
