,R2,MAE,MSE,RMSE,MAPE
xgb,0.9868143969190706,3.759488923181736,52.37345887170503,6.925914249828134,0.008325401935707574
rf,0.9839639405688192,3.7677094177833497,63.45892065371775,7.783289713634599,0.008437076608747835
gbr,0.9818226319363991,4.287938774476713,71.52297234951638,8.117986552822062,0.009721526880253142
BayesianRidge,0.9618302527022685,7.342169816482378,149.84941521050817,12.092520775023319,0.01682790419920486
