,R2,MAE,MSE,RMSE,MAPE
xgb,0.9748814012414998,4.4161101178162925,91.22883816157919,9.25434091152967,0.010009564982558953
gbr,0.972702575417174,4.723837512674775,99.970508058804,9.758005561547138,0.010857035445484445
rf,0.9688634323397958,4.390690741098417,112.35139363730914,10.334839278337466,0.009804823893062196
BayesianRidge,0.9567580767897175,7.3970128877499395,156.74667480279044,12.393001987476962,0.01681837052549076
