,R2,MAE,MSE,RMSE,MAPE
xgb,0.9814846271931413,3.8420079390983526,69.7416169198381,8.137868306234282,0.008543518223320284
gbr,0.9782092269470407,4.965647623545463,82.52019607376052,8.932834845454881,0.011182647307712451
