,R2,MAE,MSE,RMSE,MAPE
xgb,0.9819290621566952,3.830853062974569,66.60251881979599,7.994131126724577,0.008448329659851855
gbr,0.9796785885280807,4.714675529344229,74.71144638999246,8.526274616272287,0.0105920303850633
