,R2,MAE,MSE,RMSE,MAPE
xgb,0.9788230968098484,4.042413253578737,79.29334455003873,8.685520505043703,0.008883078383969581
gbr,0.9775173405013089,4.833004445503999,84.11778737043457,8.981640184899565,0.01077171493897191
