,R2,MAE,MSE,RMSE,MAPE
xgb,0.9767502589010603,4.104713745677486,86.41471267952853,8.989742880726165,0.00909795070187902
gbr,0.9751254458584142,4.9209929620770865,91.04561469484817,9.284452128667734,0.011073096526463478
