,R2,MAE,MSE,RMSE,MAPE
xgb,0.9835111042562584,3.6660759792071076,58.72076736325094,7.508363085356409,0.00805553208125517
gbr,0.9815375699848495,4.5788633174738536,65.82213843076492,8.02513468374973,0.010207668340574785
