,R2,MAE,MSE,RMSE,MAPE
xgb,0.9814393303524964,3.9508329203022137,67.92650710018549,8.052484750593543,0.00875852406258024
gbr,0.9808737262889821,4.766578437486944,70.51307485928712,8.277425003070395,0.010698867885396693
