,R2,MAE,MSE,RMSE,MAPE
xgb,0.9809392552430412,3.966908624578578,71.883135674544,8.23895150847208,0.008711005986869896
gbr,0.9786368894356141,4.809677545367228,80.0178693238113,8.693899599335246,0.010695705131843385
