,R2,MAE,MSE,RMSE,MAPE
xgb,0.9830733899086498,3.6637371458256522,64.24134799505175,7.877847603496558,0.00810836078366509
gbr,0.9789507047255197,4.565965372203136,80.123618255971,8.846869133217448,0.010204972066677576
