,R2,MAE,MSE,RMSE,MAPE
xgb,0.9799376211154541,3.9860642575228047,73.7425179016816,8.378556264456101,0.008666239679516873
gbr,0.9782707713148998,4.944103883600578,79.78945234975097,8.842230557128811,0.010947537087936688
