,R2,MAE,MSE,RMSE,MAPE
xgb,0.9777371778556174,4.0419388178712925,84.81602125891258,9.03171900529343,0.008966038528348255
gbr,0.9767606237325506,4.831494096194858,88.24898370263266,9.187828848640773,0.010838200050967297
