,R2,MAE,MSE,RMSE,MAPE
xgb,0.9817365445975568,3.890742387245635,66.95558117188718,7.9790612201829845,0.008540557242357779
gbr,0.9788270882397898,4.77580400109158,77.85714211006399,8.694127846397217,0.010692467125354117
