,R2,MAE,MSE,RMSE,MAPE
xgb,0.9759502232485708,4.3381164372440395,85.25054759374396,8.936283239368416,0.009679475893165299
gbr,0.973595392761438,5.250329718424585,94.16045847572722,9.560856861801287,0.011743476506157608
