,R2,MAE,MSE,RMSE,MAPE
xgb,0.9801478244178468,3.893313383449231,69.39882814366854,8.085163180012298,0.008674202245526976
gbr,0.9753809251610377,4.863387582368807,85.38195667300934,8.978244846667327,0.01093657434496374
