,R2,MAE,MSE,RMSE,MAPE
xgb,0.9790430720476879,3.9580878605722623,76.93600877232392,8.60976730183624,0.008686369072375643
gbr,0.9779810690194548,4.801185171613198,81.10970257404159,8.874236835575623,0.010616060801258532
