,R2,MAE,MSE,RMSE,MAPE
xgb,0.9838651794852211,3.8340344905382033,59.075494458482964,7.559657694940476,0.008472625377296506
gbr,0.9808539370910199,4.625703645790366,70.08095402883899,8.222966367524283,0.010376585416453706
