,R2,MAE,MSE,RMSE,MAPE
xgb,0.9829936855727999,3.9607741357616675,67.41137126713893,8.011302178154278,0.00869808876819909
gbr,0.9819560450129525,4.722647374410842,70.39330113319902,8.253004270820554,0.01054545852854324
