,R2,MAE,MSE,RMSE,MAPE
xgb,0.9788017648602809,3.7429371257567374,77.69981457992634,8.568306502849271,0.008287208214828645
gbr,0.9768895069130308,4.536042164354949,84.02841308401597,9.03954929705169,0.010136554314568448
