,R2,MAE,MSE,RMSE,MAPE
xgb,0.982643006236629,3.857724996727859,63.57281299173239,7.763749375060752,0.008459006357107583
gbr,0.9755087924504894,5.052667767666552,89.55174571581085,9.299886978166867,0.011197049465564159
