,R2,MAE,MSE,RMSE,MAPE
xgb,0.9769722276459414,4.392740074656795,83.83394114168135,8.976407202235833,0.009681597950589555
gbr,0.9767547667623582,5.0496085043635475,84.01069618445032,9.028152998497722,0.01125922669211225
