,R2,MAE,MSE,RMSE,MAPE
xgb,0.9800735247863376,3.9892659536253006,77.22795278357077,8.623645017779499,0.008959623676168602
gbr,0.9748222452708714,5.040795117595822,97.42037320909311,9.703913538799918,0.011386383876496556
