,R2,MAE,MSE,RMSE,MAPE
xgb,0.9796557027455292,3.986398114375306,76.32303578278963,8.56153137266066,0.008934558201970148
gbr,0.9770548469175628,4.803284587697016,86.30355412194903,9.145091059213511,0.010864957495153513
