,R2,MAE,MSE,RMSE,MAPE
xgb,0.9823287101793607,3.894023062273103,66.81725745190911,7.9565769902795225,0.008608803908598256
gbr,0.9797727938478451,4.859327166648955,77.04850392851327,8.584990160105136,0.01086196957196795
