,R2,MAE,MSE,RMSE,MAPE
gbr,0.9796839926509999,4.638414809164642,77.82943628282699,8.692899066904022,0.010394733926401006
xgb,0.9783705022560877,4.121524315331031,82.61108245592115,8.98765898955233,0.009166184323093522
