,R2,MAE,MSE,RMSE,MAPE
xgb,0.976435102335526,4.219654683347982,93.08363988768316,9.440556302911766,0.009333440639846693
gbr,0.9757519668719722,4.980990817323636,95.37937638493786,9.578759031016105,0.0111541061805121
