,R2,MAE,MSE,RMSE,MAPE
xgb,0.9811275769975767,3.7913119539554585,68.97579655324039,8.148878590133805,0.00846069323191939
gbr,0.9771544082214515,4.805225152370328,83.63155650247833,8.970063827274569,0.010836578452600368
