,R2,MAE,MSE,RMSE,MAPE
gbr,0.9790372081001733,4.547910384954305,78.71401811385871,8.569034777690309,0.010242670247349976
xgb,0.9787820195166017,4.03274803161967,79.80701603414474,8.627191700775956,0.008971881082478789
