,R2,MAE,MSE,RMSE,MAPE
xgb,0.9760878934014748,4.049825202767925,85.35438452868205,8.860077720573177,0.00898776591556082
gbr,0.9744838067411219,4.67949234361135,90.82923728649706,9.124595871298194,0.010483680362866718
