,R2,MAE,MSE,RMSE,MAPE
xgb,0.9857247580154855,3.5877254674378785,54.27538139431009,7.167351760593329,0.00791404756057527
gbr,0.9840472960992169,4.298770455712086,60.08715499185945,7.659749873702029,0.0095925158916462
