,R2,MAE,MSE,RMSE,MAPE
xgb,0.9792945464390004,3.9636966477986433,75.94276300033114,8.516811083440503,0.008783601537522995
gbr,0.9784138025620595,4.834553368120108,79.82179460459092,8.81991334112869,0.010818666365878181
