,R2,MAE,MSE,RMSE,MAPE
xgb,0.9801241751717489,3.9930679089256413,73.78519080708921,8.298712315829462,0.008844074346805808
gbr,0.9783544909421351,4.798950088837779,80.77567000659562,8.79832011060823,0.010799910280075688
