,R2,MAE,MSE,RMSE,MAPE
gbr,0.9806801744192194,4.716823362302634,73.2147631895821,8.470803267577761,0.010634309210631073
xgb,0.9788811112388357,4.141727427863357,79.55242264933177,8.854040256248428,0.009239589652683292
