,R2,MAE,MSE,RMSE,MAPE
gbr,0.9806168838682051,4.575937333487585,67.30629958560422,8.130050043325483,0.010173927643112108
xgb,0.9796430944284623,3.847209135406507,71.20459044622717,8.309728310596613,0.0084681378140294
