,R2,MAE,MSE,RMSE,MAPE
xgb,0.9774867118813676,4.114672425167229,83.19724559025931,8.928724410377276,0.009195041809151056
gbr,0.9749512534563649,4.875868639473621,92.14673811834822,9.419415965236865,0.010964206009622538
