,R2,MAE,MSE,RMSE,MAPE
xgb,0.9797896628553332,3.952917242708608,75.72509030015573,8.455898382119633,0.008776270473341416
gbr,0.9781878759338323,4.785122949190364,82.75693617274247,8.827951811074982,0.010816904941179626
