,R2,MAE,MSE,RMSE,MAPE
xgb,0.984772368953408,3.661934235382806,58.26147555778365,7.294714912821247,0.008128374447787677
gbr,0.9827563532596331,4.571395971185923,65.36620228214345,7.936221131473661,0.01021946997142411
