,R2,MAE,MSE,RMSE,MAPE
xgb,0.9791912329255732,3.9301953077519904,72.6533459946096,8.444123778580856,0.008585861088951433
gbr,0.9779257225644228,4.613960971162872,76.90222445613712,8.657984102058514,0.010140883055771377
