,R2,MAE,MSE,RMSE,MAPE
xgb,0.976075958623332,4.042084214553823,82.95105858409757,8.85061016652927,0.008924737426119793
gbr,0.9737598437185868,4.941339550369212,90.89632376822746,9.420380073293513,0.011020226383328242
