,R2,MAE,MSE,RMSE,MAPE
gbr,0.9788623748696192,4.7427952460812595,78.1301356617821,8.769281647874042,0.01056936012041781
xgb,0.9779330598223271,4.193146869405041,82.5029979694753,8.91029674492498,0.009294858095966373
