,R2,MAE,MSE,RMSE,MAPE
xgb,0.9815022339770861,3.9090771915707814,68.47368712834935,8.139773339602089,0.00861859176264003
gbr,0.979085407871118,4.712657012219225,78.2241641044179,8.738344546072714,0.010499030947916606
