,R2,MAE,MSE,RMSE,MAPE
xgb,0.9792908476980781,3.8948706236058115,75.01148889341125,8.421543242838931,0.008690208742688471
gbr,0.9777213600964394,4.7345870986631,81.51634689331205,8.892401728601978,0.010656506170402036
