,R2,MAE,MSE,RMSE,MAPE
xgb,0.9834446146854712,3.8874618111087336,60.50373234200182,7.5276072961914995,0.008484853894527983
gbr,0.9820117071694267,4.632454298502634,65.79808468674162,7.984614656975457,0.010260236449797757
