,R2,MAE,MSE,RMSE,MAPE
xgb,0.9810401365504239,4.121833189780771,70.67108888628175,8.251575208173865,0.009108664929892738
gbr,0.9789116916827497,4.869074119744715,77.90613959984655,8.742182006760931,0.010808639793338468
