,R2,MAE,MSE,RMSE,MAPE
xgb,0.9825403908600455,3.735785825894952,64.81043929792254,7.876986835511521,0.008232043613588421
gbr,0.9801774022727235,4.682321001493394,73.66941160984764,8.422651106458948,0.01045564142012767
