,R2,MAE,MSE,RMSE,MAPE
xgb,0.9815852347132104,3.706900305497019,67.04031363265315,8.016002666947125,0.00816620538683352
gbr,0.976975910597111,4.827313048374753,83.65741654155832,9.003593182220492,0.010777181734796778
