,R2,MAE,MSE,RMSE,MAPE
gbr,0.9776060491274782,4.891480674875399,83.15277413105427,9.001385535525483,0.01091053066401328
xgb,0.9762978381024097,4.12123318059354,88.40371923691015,9.234372959436438,0.009130716483354244
