,R2,MAE,MSE,RMSE,MAPE
xgb,0.9778104515691813,4.14893013982532,81.51312444047973,8.898107114779457,0.009272988992827991
gbr,0.9735183042830149,5.1277679414246995,97.23656702128055,9.783700004077776,0.01156278571311663
