,R2,MAE,MSE,RMSE,MAPE
gbr,0.9768554502554891,4.87761311289919,83.50598709102157,8.997707475920652,0.01097895874863923
xgb,0.9754759537228649,4.278006116165914,89.15235753921611,9.255816800024158,0.009563159888528468
