,R2,MAE,MSE,RMSE,MAPE
xgb,0.9831528399890901,3.8200837731342583,63.79336569465513,7.792297045485185,0.008412247655615981
gbr,0.9797878574568202,4.601537021919166,76.46589664175421,8.58380333673206,0.010246713818233628
