,R2,MAE,MSE,RMSE,MAPE
gbr,0.9800701198588753,4.509695753425899,72.70768655601385,8.44692844671277,0.010094153547765081
xgb,0.9800655276927112,3.837957762502858,72.51634213561448,8.373520823787644,0.00852499495176549
