,R2,MAE,MSE,RMSE,MAPE
xgb,0.9778315909943304,4.080939233251515,83.50686367540354,8.96909798020013,0.00905098664366141
gbr,0.9754409148219082,4.741194469947271,92.00468581415154,9.372802848720873,0.010533221850076414
