,R2,MAE,MSE,RMSE,MAPE
xgb,0.9842970091020173,3.8244056085055385,58.656619586417264,7.579892781803034,0.008396588515782753
gbr,0.9815480371119317,4.6831094316552235,68.90660267257498,8.198221747297717,0.010409241511676682
