,R2,MAE,MSE,RMSE,MAPE
xgb,0.9828729127988931,3.809008734696968,61.65677180655274,7.758667287699481,0.008306696277599758
gbr,0.9815504940676052,4.557803553887035,66.77616768912063,8.11483539853819,0.010092441106632804
