,R2,MAE,MSE,RMSE,MAPE
xgb,0.9794986165320797,3.869591943870976,73.15113029156831,8.311239438227489,0.008458428035770939
gbr,0.978920816945833,4.678091161903408,75.86823640803503,8.599543536227477,0.01031309929147731
