,R2,MAE,MSE,RMSE,MAPE
xgb,0.9782453766456601,3.9396918390119184,77.66837594094535,8.460748076081991,0.008839760783796526
gbr,0.9776575100522722,4.674907564046645,79.31911937845584,8.716580746964041,0.010535588945906709
