,R2,MAE,MSE,RMSE,MAPE
xgb,0.9801387956495861,4.0097264633396605,73.90717600181331,8.307298663117319,0.0088484458528993
gbr,0.9775228490444665,4.85026975279521,83.42782446166292,8.986990340574131,0.01081705409861575
