,R2,MAE,MSE,RMSE,MAPE
xgb,0.9793481901733065,3.8447123593128447,73.15378686824748,8.211319794073209,0.008494056368883753
gbr,0.9759666450185746,4.7890207465992605,84.80527159014994,8.915989652100524,0.010636093089674583
