,R2,MAE,MSE,RMSE,MAPE
xgb,0.9772100892769842,4.073162483932307,82.81159507271215,8.817108431615694,0.008992630788909354
gbr,0.9746882870065026,4.946367417598745,90.91924743036111,9.316453984235942,0.011080723995675805
