,R2,MAE,MSE,RMSE,MAPE
xgb,0.9790713058019257,3.9208053823901934,80.97769191387644,8.632446324881721,0.008774948496266356
gbr,0.9785294014582686,4.787461085280585,82.2705530906312,8.790798805870333,0.010736680117562052
