,R2,MAE,MSE,RMSE,MAPE
xgb,0.9911290004718427,2.7983220716936303,32.34948284236217,5.51028818995316,0.006143144232925154
