,R2,MAE,MSE,RMSE,MAPE
xgb,0.9922685542893822,2.6454625346485727,28.505861828325134,5.2458052883610735,0.00583345452797489
