,R2,MAE,MSE,RMSE,MAPE
xgb,0.9898976971786784,2.7369481893078422,37.945968647904564,5.980740051716128,0.006108349753350365
