,R2,MAE,MSE,RMSE,MAPE
xgb,0.989108938855661,2.860807257717601,39.21657137096036,5.995205646063282,0.006415500596829679
