,R2,MAE,MSE,RMSE,MAPE
xgb,0.9913175814190935,2.632077820547707,31.7859479063987,5.543551780640261,0.005858505139069233
