,R2,MAE,MSE,RMSE,MAPE
xgb,0.9899214549013348,2.7412048154703976,37.54545354218952,5.963769116354499,0.00604074242886418
