,R2,MAE,MSE,RMSE,MAPE
xgb,0.9913142315457021,2.5171401852656086,32.54186782277193,5.499123071652765,0.005590565921963516
