,R2,MAE,MSE,RMSE,MAPE
xgb,0.9929761005625135,2.6375148867820917,25.201915783272163,4.931469582548637,0.005773798589003279
