,R2,MAE,MSE,RMSE,MAPE
xgb,0.9902370558882769,3.158232394469843,37.68295892827092,6.037659066323898,0.006897911966284187
