,R2,MAE,MSE,RMSE,MAPE
xgb,0.9925521008970595,2.4675600470667165,27.771736376503878,5.100619219070973,0.005463196958416438
