,R2,MAE,MSE,RMSE,MAPE
xgb,0.992871371814708,2.488116025283565,26.44492111829887,4.996511779316803,0.005541369784850441
