,R2,MAE,MSE,RMSE,MAPE
xgb,0.9921624472816559,2.575262864962311,28.3959778392446,5.161734833625079,0.005727877317148927
