,R2,MAE,MSE,RMSE,MAPE
xgb,0.9934135964082176,2.4461504087142325,24.10373881079624,4.8360572557836825,0.005360928510690937
