,R2,MAE,MSE,RMSE,MAPE
xgb,0.9912382107517879,2.808287748355146,32.10211037026634,5.567221676856333,0.006159514836538825
