,R2,MAE,MSE,RMSE,MAPE
xgb,0.9879986005473796,2.9329351936705885,41.534594472566084,6.220417717596939,0.006499164916696913
