,R2,MAE,MSE,RMSE,MAPE
xgb,0.990607506082364,2.7111200382724348,36.066648624474496,5.6925779173275455,0.005990977056920694
