,R2,MAE,MSE,RMSE,MAPE
xgb,0.9942396420066979,2.2929180718998814,21.246637012848005,4.4580732350372605,0.005069167677989365
