,R2,MAE,MSE,RMSE,MAPE
xgb,0.9920593243255187,2.699367142991261,30.286320766805183,5.287759692996667,0.005950249854666331
