,R2,MAE,MSE,RMSE,MAPE
xgb,0.9921978140231008,2.6137773598272855,26.84802691048626,5.092057987002144,0.005709407999649657
