,R2,MAE,MSE,RMSE,MAPE
xgb,0.9916666278779586,2.507017442383609,30.659060300142993,5.352085584738445,0.005580640022771078
