,R2,MAE,MSE,RMSE,MAPE
xgb,0.9896038534526145,2.7244144532343357,40.56977563314198,6.197240195245328,0.006080699759931628
