,R2,MAE,MSE,RMSE,MAPE
xgb,0.9927443686204096,2.4521183246788723,26.788588519977008,4.976256863545692,0.005434487162870814
