,R2,MAE,MSE,RMSE,MAPE
xgb,0.9928698516904445,2.573791961187258,25.852871522203326,5.002530310874435,0.005611702767193645
