,R2,MAE,MSE,RMSE,MAPE
xgb,0.9919043981381312,3.0994104737962065,28.45491382849148,5.320916256599768,0.006772172912062386
