,R2,MAE,MSE,RMSE,MAPE
xgb,0.9940257820324048,2.4588687242312264,22.232998532130512,4.648301375054796,0.005437643427540264
