,R2,MAE,MSE,RMSE,MAPE
xgb,0.9899923104238942,2.8681124762801606,37.14878546353126,5.943054908913819,0.006318562561139598
