,R2,MAE,MSE,RMSE,MAPE
xgb,0.9907157085213717,2.742950644244944,33.59646022979149,5.606997363505245,0.006069984569086395
