,R2,MAE,MSE,RMSE,MAPE
xgb,0.9905418366246772,2.7145219629745165,34.145211566210826,5.66229487840768,0.005993721758428964
