,R2,MAE,MSE,RMSE,MAPE
xgb,0.9929677795035341,2.3958778390238833,25.832123985488465,4.775543311498444,0.00529397492146986
