,R2,MAE,MSE,RMSE,MAPE
xgb,0.9906949809877095,2.6081913720590943,34.81263128550329,5.749684134357706,0.005811965457647846
