,R2,MAE,MSE,RMSE,MAPE
BayesianRidge,0.8829019809332191,10.409906378175735,364.96901075460715,17.24855703633374,0.02284178870702481
xgb,0.8748912603945744,8.07810536702474,364.7579791971249,17.35694138493468,0.017449871054061844
rf,0.8714570425433941,11.203326367950158,405.4406416163291,18.807204917842466,0.02428159369291232
gbr,0.8626723833131166,8.401092387725242,404.4588766108524,18.251626655759146,0.018208975627117825
