,R2,MAE,MSE,RMSE,MAPE
BayesianRidge,0.8971708099320728,12.211376774166254,390.8272176131394,18.247059393653572,0.02692261963136961
gbr,0.8964794680333021,9.114419845426957,417.2571406618823,18.47761627469037,0.01915721327264617
xgb,0.8936549666153232,9.632886810302733,403.39284815802705,18.405780263063455,0.02015885802800877
rf,0.893051332016746,12.408457706685674,413.9109943780496,19.075677869578996,0.02767125269218691
