,R2,MAE,MSE,RMSE,MAPE
xgb,0.91175718243198,9.003977915445962,348.8548310769256,17.10452835767535,0.019155157998299262
BayesianRidge,0.9070101319052467,10.970856054002017,376.7251035343866,18.44177363795119,0.0234272423419829
rf,0.904020258756878,11.207358072078396,392.88874569845643,18.897528210703914,0.024137656054519042
gbr,0.9018817568977381,8.824098185364587,396.10217787810336,17.503345115265127,0.018755047173568167
