,R2,MAE,MSE,RMSE,MAPE
gbr,0.8351627717881099,9.124274216824123,530.3315450740718,19.810662417540406,0.02018111565183345
rf,0.8266535209367813,12.597148653891551,531.5366111887741,21.387036866275256,0.027457956340991213
BayesianRidge,0.8252493873333687,12.53128637463261,537.0059334942555,21.267388445312303,0.027278830335252847
xgb,0.8198549930542098,10.500425148010255,571.1729170910817,21.027314476244907,0.02294055214734935
