,R2,MAE,MSE,RMSE,MAPE
gbr,0.9117640893219358,7.303306067747707,308.4667972961402,15.10813647461185,0.015754163013711207
xgb,0.9056859303878951,7.944883550008138,334.7558839865572,15.67176573722492,0.017253908516749204
rf,0.8509505571062039,11.924168802948634,482.6380270868061,19.929216870105876,0.026121219218389835
BayesianRidge,0.8395779571719044,12.189525972873827,504.1571871705766,20.390647631060784,0.026356150475735484
