,R2,MAE,MSE,RMSE,MAPE
gbr,0.9191410494645511,7.094570092646504,267.9886170474077,14.938402060092017,0.01549049913364453
xgb,0.9126915922361662,7.747446428934734,296.59626913970686,15.903429517854402,0.016918153056052047
rf,0.9033706848335541,10.337096653567663,308.64074046778853,16.742528560980496,0.02235941497306194
BayesianRidge,0.9025556574676635,9.903131623758247,305.37727701887536,16.50115738115731,0.02103943930841769
