,R2,MAE,MSE,RMSE,MAPE
BayesianRidge,0.8822646196320288,11.376708378097142,362.7872496521058,17.195790188668262,0.025219344523040338
rf,0.8704048513504661,12.367243717445907,418.222313299683,18.81891946864365,0.027445744911408738
xgb,0.8592145728827093,9.241661122639973,456.5497753352555,18.25713720327431,0.019941637572513354
gbr,0.8265526882705215,10.401327777597825,586.8458140685431,20.689144852118815,0.022389435318836495
