,R2,MAE,MSE,RMSE,MAPE
BayesianRidge,0.9101328295419971,10.21069701723734,364.73707324506523,16.459256772080007,0.022544892724440106
rf,0.9045857469954329,10.215725280384204,371.4371430472427,16.959401328880176,0.022484647052473425
xgb,0.880900845796063,9.19244369506836,455.55683100775116,18.62491334030946,0.02042819728807912
gbr,0.8608633655048145,9.024622732792782,496.98246312511884,19.552026248185854,0.01995610709223403
