,R2,MAE,MSE,RMSE,MAPE
gbr,0.9440822217718733,5.371332031720123,230.53904144745906,12.682645763991056,0.011397362355184914
xgb,0.9392901540336928,5.788795102437337,259.81773328964175,12.9700413560134,0.012311985893874323
BayesianRidge,0.9335976749758764,6.986605230855363,275.3685672191724,13.949936179885247,0.014890143609987647
rf,0.927162083339786,8.681074020649495,278.2707050328678,14.664594737383572,0.018509178897701893
