,R2,MAE,MSE,RMSE,MAPE
xgb,0.8777660542373205,8.63581645965576,472.2294876750686,18.875732991716767,0.0174792392264895
rf,0.8765281314973183,10.409970871184077,441.371105542203,19.476696809844874,0.02269743807681535
gbr,0.8728165267387953,8.29320538589149,480.9489034804195,19.089530533130095,0.016930322940618768
BayesianRidge,0.8649391600322325,11.341339392193403,467.5547701621157,20.00764476689205,0.024316911396721964
