,R2,MAE,MSE,RMSE,MAPE
BayesianRidge,0.8460275450725243,12.297519419645093,467.2506227149518,19.787564544192414,0.02734056989845493
rf,0.8397092091107329,12.21924056199104,478.4372303923982,19.716816025524295,0.02735472242376419
xgb,0.8064268240278896,11.115829429626464,543.8830330239373,21.83219323541794,0.02463603478867033
gbr,0.7898976273567012,11.018590125229725,600.1034763190559,23.346044144777203,0.024446264022106305
