,R2,MAE,MSE,RMSE,MAPE
rf,0.8614814484485744,11.773045493534237,425.7882834983667,19.449348041396348,0.025421536472371165
gbr,0.8524248529743386,9.489375127348435,434.9032735492068,19.21483150252739,0.019960222039426583
BayesianRidge,0.8488344074594967,12.486641821990926,440.86047610878916,19.879784739548306,0.02697509317580322
xgb,0.8456694608149483,9.605434532165528,431.63486596721884,19.356702784294697,0.020355643185033183
