,R2,MAE,MSE,RMSE,MAPE
gbr,0.9243400864740157,6.274206570908874,255.90925624288283,13.510847090848674,0.014243693138549934
xgb,0.9224596894243128,6.620801544189453,263.76179378070094,13.939317848200238,0.01504021230657152
BayesianRidge,0.8837533782665,9.84885928777839,391.48665224006817,16.81444209138419,0.02158303633804177
rf,0.8738109626623489,11.037847447208646,428.78500934623173,18.569250263391854,0.024991760540024787
