,R2,MAE,MSE,RMSE,MAPE
xgb,0.8921409368539293,8.914070307413738,421.3754048763355,17.906988869667796,0.019950625685872088
gbr,0.8897962479702587,8.748736741468097,430.20030930350356,18.19528167100027,0.019541546499862793
rf,0.8805809224348833,12.225013511245693,452.0734810677453,19.483723530535435,0.02762813052493533
BayesianRidge,0.8747904815203082,11.90073281197272,492.57602408577,20.072734866296006,0.027336349861293536
