,R2,MAE,MSE,RMSE,MAPE
gbr,0.8934823951976375,6.531422034670666,418.43373104875343,14.818386114398288,0.01345529546024057
xgb,0.8922418600636164,7.069282976786296,419.0180298978086,15.0289216658831,0.014637472152404102
rf,0.8808437771895683,9.626056772533037,405.70534231899165,17.83159978523143,0.02024293522259469
BayesianRidge,0.876942780409447,10.198485517069653,424.27457205905455,18.422030260218826,0.02135097659355679
