,R2,MAE,MSE,RMSE,MAPE
gbr,0.9037606328133109,7.216340819098074,334.9319553603826,15.8602265014116,0.016098831900925696
xgb,0.8974185029417556,7.384671554565429,343.1609718681996,15.79998541284094,0.016467136198053588
rf,0.8924649752263356,10.902810944211618,354.45077728136664,17.834549694630088,0.024221643234701853
BayesianRidge,0.8893439065764411,10.428562657126475,355.3248488440703,17.49366194918287,0.02268593344938146
