,R2,MAE,MSE,RMSE,MAPE
BayesianRidge,0.9010467523059982,7.728102656452786,259.1793051669507,14.071778208526089,0.017019360421957567
gbr,0.8951935987302118,5.730226291206729,282.19090705909196,13.488527049005711,0.012865785058629845
rf,0.8803452075578709,9.73605837941163,328.16782026566153,16.651015985404037,0.02183183986566272
xgb,0.8655774539001018,6.72622625986735,342.0331552625832,14.293361977132047,0.014825900495338796
