,R2,MAE,MSE,RMSE,MAPE
gbr,0.8931807197638765,7.689331601505136,366.6648162290934,16.38561111046271,0.017380819442309146
xgb,0.8893189324767858,8.19874740600586,366.9758498465239,16.572383988750303,0.01833114585960608
rf,0.8360494881091034,13.294068202255762,552.6153942645552,22.683325226916924,0.030295783565891667
BayesianRidge,0.8210784651118855,14.14436144049402,590.5416098204407,23.635760422585655,0.03217710091565334
