,R2,MAE,MSE,RMSE,MAPE
xgb,0.9154991765660672,6.6485920588175444,242.16885233787858,13.45716028628648,0.01506262043374364
gbr,0.909067875941982,6.467566345963531,258.56009706208926,13.915405010444214,0.01481059432446794
rf,0.8708402471710446,9.855279393808985,336.28372647912863,16.940924281513976,0.022043612090244198
BayesianRidge,0.8391673933284066,10.075290391622374,360.8855975396726,17.156985555607537,0.022206313530879433
