,R2,MAE,MSE,RMSE,MAPE
gbr,0.9276356819102336,5.800520319588738,242.52825248852892,13.148977272159566,0.013024546259472988
xgb,0.9148634042480133,6.605623321533204,298.0077246836162,14.360475176836966,0.014827527623912973
rf,0.9063578085622384,9.302196833152893,318.03392673930955,16.44388517763301,0.020301827786167174
BayesianRidge,0.8980921566261839,9.721574736219248,343.1883676187158,17.125080803626524,0.021071968535126617
