,R2,MAE,MSE,RMSE,MAPE
xgb,0.9303373779149812,6.327287940979003,199.79404713107698,12.891683661164905,0.013707301829979706
gbr,0.9257463352029903,6.3899077033520015,217.58301260069274,13.330256528633196,0.013763637305987012
BayesianRidge,0.904541071359876,9.265732996820214,269.3121846721189,15.21153999013716,0.020255582686153698
rf,0.8993980642572563,10.10693585511629,288.74124777323607,16.00215246191521,0.022415625258222792
