,R2,MAE,MSE,RMSE,MAPE
BayesianRidge,0.9145014493666264,8.638603284431145,262.4768591123999,14.594906639770716,0.018480808746892396
rf,0.912955889899866,8.957395353260747,260.0653698844294,15.253624546284692,0.019549234650382517
gbr,0.912605657685466,6.1965659178501635,276.1814717358069,14.018123276049447,0.01331906259517524
xgb,0.9114167740594059,6.510370712280273,282.8981200032107,14.094349693910019,0.013976212525360696
