,R2,MAE,MSE,RMSE,MAPE
xgb,0.946898479824981,6.128975575764974,156.87923156342703,11.302608916701748,0.01261278777886389
gbr,0.9456853177270451,5.409118857698433,161.89760313820187,10.77125221352239,0.011087385418396952
rf,0.9075210378669748,8.764305294693743,264.26688205544986,15.158621604889419,0.01849526662920937
BayesianRidge,0.9063017910628062,9.054593752737755,255.5596532097058,14.945404756339538,0.019122808828988185
