,R2,MAE,MSE,RMSE,MAPE
BayesianRidge,0.9358691752990106,9.32771593546765,263.9502259641766,15.093692026884426,0.020243515416510118
rf,0.9287555455168901,10.256656341523058,293.8717326561202,16.07421217675482,0.022969047228622218
gbr,0.9229498448157253,7.1115589813838795,287.24830719831397,15.33826232291948,0.01468359835021204
xgb,0.9054203914031543,7.914814389546711,345.01583695313235,17.206045388081158,0.016286190843493926
