,R2,MAE,MSE,RMSE,MAPE
BayesianRidge,0.8586203157430136,10.526905048686293,354.7305601267388,17.458610470595364,0.022513772926298657
rf,0.8530873781865758,10.353744612702615,370.1449602204197,18.02857775175748,0.02217059324751525
xgb,0.8356644377384175,9.408654136657715,418.65500527236026,18.143351742321165,0.01996500184607087
gbr,0.8305351653252367,8.783882881175032,422.92975670674207,17.955462327122262,0.018684452053615564
