,R2,MAE,MSE,RMSE,MAPE
gbr,0.9502792912244953,4.457899165226456,156.64044868860373,10.253986933222643,0.009455583038067083
xgb,0.9440577210742704,4.888766835530599,172.110558888684,10.843783806428446,0.010348847306177827
rf,0.9301397274026002,8.07027409943356,225.71560910280763,13.27434183341363,0.01783957645000245
BayesianRidge,0.9290319893833032,7.750303315829638,226.4785436694046,13.543197763462823,0.01703755157335523
