,R2,MAE,MSE,RMSE,MAPE
BayesianRidge,0.8989032230003138,11.137818137663077,377.82049784123916,18.05401850497378,0.024607875585589672
rf,0.8812998163053145,11.7934697829883,422.1286955892673,19.199143791892403,0.02605549340338743
xgb,0.8272848880047887,9.881945991516114,525.572181575925,21.462779185885903,0.02102636688858709
gbr,0.7633732610920083,10.388726578912843,661.1806139857878,23.657362610580595,0.021962168312066228
