,R2,MAE,MSE,RMSE,MAPE
BayesianRidge,0.8063868744862912,12.073859272627086,457.4265551146138,19.960214205155392,0.026808740624791168
rf,0.7951945966788826,11.441373494550856,472.9431973069986,20.604006991619784,0.02548108147142005
xgb,0.7235890249382199,10.496070454915365,576.2157726412694,22.988404070143563,0.022733621996535787
gbr,0.6688066808512867,10.911668771471799,662.0648163781764,24.57525661410752,0.023455083880966933
