,R2,MAE,MSE,RMSE,MAPE
BayesianRidge,0.910136394969466,7.498378974221858,211.93926139481968,13.22684970839586,0.015707233075244534
rf,0.9071472902916504,8.115532712498757,225.82203048976504,13.701373516074861,0.01717798644422127
xgb,0.8796168238537163,6.683134524027507,305.09493687701604,14.952313565544832,0.014042262983354347
gbr,0.8786390492907843,6.256605449450342,299.85538287702144,14.569533132255662,0.013089135070308988
