,R2,MAE,MSE,RMSE,MAPE
gbr,0.9395386376242447,6.8258930476201884,228.3044103839655,13.156559138118215,0.014265953604498333
xgb,0.9307473655294011,7.442478650410971,264.0601382805023,14.244991417389869,0.015698518240182563
rf,0.8785043045088974,11.484643592879063,443.0638777426883,19.822194528005546,0.025670887869456076
BayesianRidge,0.8742215307642809,12.069890359096828,444.531657274563,20.090477620815587,0.026648677396034513
