,R2,MAE,MSE,RMSE,MAPE
BayesianRidge,0.9085685591394499,11.321481009353779,378.7916568785325,18.000045366514208,0.02504387434652074
rf,0.8951276674002718,12.012576630130122,421.10112925534423,19.305803917986832,0.026530203030753163
xgb,0.8751322748884309,9.407522862752279,450.6280981894427,19.434139398783472,0.02012087681977526
gbr,0.8626687433299406,9.270307522204325,487.77880585521206,20.099616117768953,0.019704395136743682
