,R2,MAE,MSE,RMSE,MAPE
xgb,0.9183437325695485,7.525402857462566,266.76366059436543,14.617027545720791,0.01594610547557935
gbr,0.9080732446458182,6.919647275303592,289.0806554417444,14.80923319382173,0.014672733394856146
rf,0.8902548421575984,11.137857430605877,317.84257023639867,16.75950807262862,0.02428374760287174
BayesianRidge,0.8801774911946927,11.895604677591342,349.15017548429205,17.68501726214702,0.025978729419175655
