,R2,MAE,MSE,RMSE,MAPE
xgb,0.9911207416915975,2.6666809949567236,23.37726558449903,4.648939059696759,0.00562616321673779
gbr,0.9910320090420555,2.1198192169408254,22.68782662360279,4.539203296855799,0.0044387082827330995
rf,0.9814160196099555,3.917474872895267,47.67449012072857,6.552863728807826,0.008286063433675573
BayesianRidge,0.9755456989486779,3.3343854167710454,70.75610965987761,7.925030671986643,0.0072451427427013574
