,R2,MAE,MSE,RMSE,MAPE
gbr,0.9880801964359573,2.6155814805913153,31.36344735597533,5.359577324974689,0.005778271725284785
xgb,0.985117492348274,3.134752684562437,39.883574228976656,6.038672063565446,0.0069502976171503545
rf,0.9821006440420346,3.9892077923418645,45.9782772347739,6.5828602547404715,0.008733374534801329
BayesianRidge,0.9784946099959901,3.173124435260154,57.764320584588596,7.097447416812341,0.0071356416482762
