,R2,MAE,MSE,RMSE,MAPE
gbr,0.9862541138092439,2.3529456842216354,37.41921667186284,5.572818351225271,0.005190439880440103
xgb,0.9811960615289477,3.103924844188075,52.34640237604183,6.29092128904819,0.006871547977476307
rf,0.9757438477192844,4.008120798306651,68.93549628021756,7.206751056144137,0.008966114852920242
BayesianRidge,0.9746467975350551,3.4182550393693854,62.87576989465954,7.633947944897306,0.007585441483066935
