,R2,MAE,MSE,RMSE,MAPE
xgb,0.9845991856546732,2.5927086977804867,28.79980776079821,4.934382894217814,0.005490309216875684
gbr,0.9816060805551776,2.342560816834407,34.93001776476727,5.489041307223511,0.0049367436735840015
rf,0.9737395083831035,4.13508744652664,50.379059833168455,6.857421566728145,0.008794679954466703
BayesianRidge,0.9708136445900057,3.0281086435998303,56.501803055211255,6.8795926818647075,0.006579869023582334
