,R2,MAE,MSE,RMSE,MAPE
xgb,0.9908198543352358,2.377772971737769,22.024811023748594,4.2997101361129415,0.004936726364599358
gbr,0.9907415144581819,1.971367319495327,22.114972669201165,4.284452287233634,0.004110520666219107
rf,0.9850565445358448,3.403663986636694,38.52790643249314,5.903979813002972,0.007215853072175096
BayesianRidge,0.9793503386033466,2.8467142556722203,51.87062517692566,6.591457187827288,0.006009656658844194
