,R2,MAE,MSE,RMSE,MAPE
xgb,0.9830607505356875,2.925671802643807,34.16901836138297,5.389263082381111,0.006411125018149251
gbr,0.9802832050411802,2.4441420966105856,37.19934103198206,5.588455087955985,0.0054468416299807655
rf,0.9792946332517806,3.720338367975208,43.27315547893278,6.3818650956519125,0.008170406336339062
BayesianRidge,0.9724626062198899,2.6429024344036347,46.33289548331564,6.273251091250519,0.005874327588868375
