,R2,MAE,MSE,RMSE,MAPE
gbr,0.9895546253549357,2.291444891880109,28.891292189343773,5.0219091508774785,0.004932136372327125
xgb,0.9885758669857448,2.596533658427577,31.425180415591136,5.169310651237884,0.005564286183177848
rf,0.9855190401115577,3.7263612858977324,39.51225319342062,6.132690920748599,0.008025583246607154
BayesianRidge,0.9824392560462549,3.0796279394630384,48.95360562515391,6.655744603524781,0.006749947869658071
