,R2,MAE,MSE,RMSE,MAPE
xgb,0.9862414754674267,2.83934079077936,42.110101174635936,6.001991822101708,0.006170322948613067
gbr,0.9845172001538472,2.636068925483224,46.44195980942147,6.284828199870772,0.005781648798115482
BayesianRidge,0.9834514811029343,2.9372800773828107,50.44796728985578,6.746690983626817,0.006549661622670583
rf,0.9827402322365295,3.7466152818362075,52.36437291744145,6.9045581998101255,0.008163841848019899
