,R2,MAE,MSE,RMSE,MAPE
xgb,0.9711841442098944,4.085911160745928,67.55962438650526,7.802598122045973,0.009030956417455393
gbr,0.9700554967855005,3.6574147383298894,69.35274157958797,7.927624846212443,0.008062022688872784
rf,0.9679055489155151,4.488224076690421,73.90412614992508,8.210937965887016,0.009863677557676595
BayesianRidge,0.958490981228383,4.373018063666514,96.90328311824274,9.501810701574726,0.009854019732064043
