,R2,MAE,MSE,RMSE,MAPE
gbr,0.982723799871066,2.7515420189042836,43.051295940111736,6.118279742018541,0.0059995563725008146
xgb,0.9804890902728853,3.246564020956716,47.86202628875472,6.423855793025062,0.00703370301053032
rf,0.9703588296164553,4.208362924591495,69.5302360091683,7.659061155950444,0.009207350371272793
BayesianRidge,0.9607837832636033,4.230682009731531,93.72534046504975,9.23372989013944,0.009278531175508677
