,R2,MAE,MSE,RMSE,MAPE
xgb,0.9765297911717008,3.951337965998994,88.35513009540304,9.247697207102085,0.008611686281542123
