,R2,MAE,MSE,RMSE,MAPE
xgb,0.9793480613919024,3.53395399695128,81.16995653561159,8.415882849144998,0.008061527419098461
