,R2,MAE,MSE,RMSE,MAPE
xgb,0.986550366049346,3.1941277568165765,53.65963181597315,7.1057317513233516,0.007227112637340131
