,R2,MAE,MSE,RMSE,MAPE
xgb,0.9871338012007206,3.0634204642369864,50.49473822833262,6.845804119467147,0.006839465955535288
