,R2,MAE,MSE,RMSE,MAPE
xgb,0.9779896021545497,3.5338145606717952,79.97696624398476,8.526903923973936,0.007936809141031266
