,R2,MAE,MSE,RMSE,MAPE
xgb,0.9798695800749032,3.463560756147056,78.10326736152714,8.050059888844903,0.00772083570637014
