,R2,MAE,MSE,RMSE,MAPE
xgb,0.983376628559756,3.518405638452156,61.72675656761059,7.716988358861454,0.007926816705998877
