,R2,MAE,MSE,RMSE,MAPE
xgb,0.9755062675809224,3.9285664235712723,89.7668651097146,9.032890974380553,0.008700099145108485
