,R2,MAE,MSE,RMSE,MAPE
xgb,0.9805515001134522,3.5821621636431735,70.96146087152206,8.064147270647323,0.007968677825320772
