,R2,MAE,MSE,RMSE,MAPE
xgb,0.9753538325651917,3.6993825560602795,93.94743956610489,9.355769897009937,0.008280574766673146
