,R2,MAE,MSE,RMSE,MAPE
xgb,0.9799571522279077,3.7517061734997377,78.9893244478244,8.638129708285371,0.008434687310643733
