,R2,MAE,MSE,RMSE,MAPE
xgb,0.9833722516773676,3.3055914270807314,62.99130919216999,7.650912305176236,0.007371398969144008
