,R2,MAE,MSE,RMSE,MAPE
xgb,0.9817446695056675,3.2171550981133725,68.50689409704594,7.763514535650481,0.007289235782295235
