,R2,MAE,MSE,RMSE,MAPE
xgb,0.9710455708619262,3.760004446610835,101.44922492238447,9.11608551769064,0.00848575561147137
