,R2,MAE,MSE,RMSE,MAPE
xgb,0.9827394534248688,3.5666397211322645,67.91225341819361,7.998164402642598,0.00791585743602847
