,R2,MAE,MSE,RMSE,MAPE
xgb,0.9854614721156999,3.494058796213726,57.76401956746393,7.332681048825061,0.007751892494707033
