,R2,MAE,MSE,RMSE,MAPE
xgb,0.9836104350409325,3.166114482106983,61.95648119810145,7.305070828742092,0.007151771321699399
