,R2,MAE,MSE,RMSE,MAPE
xgb,0.9833453611550921,3.4125871014376457,62.55569257206476,7.223470235075953,0.007595508728696314
