,R2,MAE,MSE,RMSE,MAPE
xgb,0.9772563858135694,3.4847932681538616,86.27116593242408,8.881047584633032,0.00788121401874304
