,R2,MAE,MSE,RMSE,MAPE
xgb,0.9749957720718758,3.767228471629962,92.41053285951452,8.855318307860742,0.008425349641220237
