,R2,MAE,MSE,RMSE,MAPE
xgb,0.9847387449726945,3.3291462230867572,55.98855518087926,7.099025127030194,0.007496974394518694
