,R2,MAE,MSE,RMSE,MAPE
xgb,0.9828449625729322,3.370616717694957,66.29904813656245,7.846448736084332,0.00758700841101273
