,R2,MAE,MSE,RMSE,MAPE
xgb,0.9818627295441317,3.677249251932749,68.08231031472742,8.023425952363187,0.008236172302808986
