,R2,MAE,MSE,RMSE,MAPE
xgb,0.9781190129830242,3.788138985700391,86.31218544801922,8.80161694758683,0.008459774594943542
