,R2,MAE,MSE,RMSE,MAPE
xgb,0.9793493699858449,3.6956860706725747,75.5179072449856,8.299857326356056,0.008150266535829542
