,R2,MAE,MSE,RMSE,MAPE
xgb,0.9838730085163107,3.402228941060133,61.16184175837917,7.499934277509519,0.0075916492715349644
