,R2,MAE,MSE,RMSE,MAPE
xgb,0.9752083243988224,3.5197874161743057,87.19779615122962,9.117454243532134,0.007896121708174723
