,R2,MAE,MSE,RMSE,MAPE
xgb,0.9823910388213826,3.522551784194087,68.91426915038895,8.192417476527286,0.0077807927925710755
