,R2,MAE,MSE,RMSE,MAPE
xgb,0.9786858139191678,3.590450686868364,84.31643337569707,8.751437665072896,0.008016720797697632
