,R2,MAE,MSE,RMSE,MAPE
xgb,0.9741328367172137,4.025579936219571,100.72653984483517,9.64949048739826,0.00896346640720584
