,R2,MAE,MSE,RMSE,MAPE
xgb,0.9817732979661609,3.6703706869454322,71.21228910576748,8.149222090889946,0.008279847023685154
