,R2,MAE,MSE,RMSE,MAPE
xgb,0.9805461581761319,3.490582721749656,73.87777019772224,8.100633503169306,0.007712413406029688
