,R2,MAE,MSE,RMSE,MAPE
xgb,0.9831287021761751,3.431596208258932,63.215989823510846,7.737123442607404,0.007687261440979093
