,R2,MAE,MSE,RMSE,MAPE
xgb,0.9780417638731486,3.6872712729088426,84.25502053382903,8.72221902785965,0.0081683226749113
