,R2,MAE,MSE,RMSE,MAPE
xgb,0.9830943450435429,3.512593953235521,66.00651278576137,7.918080521372483,0.007799193893329501
