,R2,MAE,MSE,RMSE,MAPE
xgb,0.9825335760488786,3.202243997873353,68.16964312252914,8.062630626193936,0.007154750515324893
