,R2,MAE,MSE,RMSE,MAPE
xgb,0.9789568288658561,3.4903728056175787,80.54546947668635,8.414312811743809,0.007898737233596007
