,R2,MAE,MSE,RMSE,MAPE
xgb,0.9840182823425188,3.439184475450697,60.34154892253058,7.561319700460418,0.007648702091494692
