,R2,MAE,MSE,RMSE,MAPE
xgb,0.9827574717454238,3.371053995806819,66.92405233573699,7.897376153755806,0.0075891437913631985
