,R2,MAE,MSE,RMSE,MAPE
xgb,0.9835892793393294,3.4671646144349944,62.64172893651558,7.653052603783226,0.007769924929394455
