,R2,MAE,MSE,RMSE,MAPE
xgb,0.9801437853059796,3.5369988935941152,77.11935932144829,8.43777523002834,0.008075635639318745
