,R2,MAE,MSE,RMSE,MAPE
xgb,0.9841852755858149,3.270628076813567,58.69211184729316,7.361603764560293,0.007298012005552823
