,R2,MAE,MSE,RMSE,MAPE
xgb,0.9766202496201524,3.5737066151480663,84.03892038181341,8.738387869916071,0.007979045168163893
