,R2,MAE,MSE,RMSE,MAPE
xgb,0.9839710849301453,3.2395360612974784,59.16794295053502,7.2779071842293135,0.007218952180819857
