,R2,MAE,MSE,RMSE,MAPE
xgb,0.9758658771120639,3.7523545081250544,87.70351169035436,8.890568867598926,0.008312524683910676
