,R2,MAE,MSE,RMSE,MAPE
xgb,0.9802999446505354,3.5199026719693576,72.20046870488822,7.999865115534452,0.007894859140833614
