,R2,MAE,MSE,RMSE,MAPE
xgb,0.9785540731526856,3.7700540934305438,84.48366200461977,8.888151527536959,0.00847472682234544
