,R2,MAE,MSE,RMSE,MAPE
xgb,0.9793539151373588,3.5201381643347225,82.14706937441308,8.71268268570994,0.007884525008642717
