,R2,MAE,MSE,RMSE,MAPE
xgb,0.979290903998365,3.4381898750677635,81.88942857252546,8.659680069012358,0.00768844089467906
