,R2,MAE,MSE,RMSE,MAPE
xgb,0.9847893931841915,3.124470778391494,57.423901087322136,7.152720517381835,0.007024480086532109
