,R2,MAE,MSE,RMSE,MAPE
xgb,0.9772894614729392,3.82098985576298,87.53654649085651,8.927974358405848,0.00841294168355272
