,R2,MAE,MSE,RMSE,MAPE
xgb,0.9792317457639059,3.709361850580204,80.16208824986133,8.461958453338472,0.008282498645061403
