,R2,MAE,MSE,RMSE,MAPE
xgb,0.9786603170693409,3.566698134075641,82.36276499930173,8.680565289747259,0.007916822959293827
