,R2,MAE,MSE,RMSE,MAPE
xgb,0.9808275460448795,3.4262171164309647,72.72649354056409,8.207588739535511,0.00775961114394659
