,R2,MAE,MSE,RMSE,MAPE
xgb,0.9814905234735203,3.443901326213486,67.08705418972087,7.770586035400685,0.007626236568496111
