,R2,MAE,MSE,RMSE,MAPE
xgb,0.9828597099753209,3.418946156912001,61.26624565454064,7.195590751382509,0.007742251228343594
