,R2,MAE,MSE,RMSE,MAPE
xgb,0.9798438516148582,3.506459314421856,76.16100001568216,8.390913226905967,0.007808602833338343
