,R2,MAE,MSE,RMSE,MAPE
xgb,0.9765966588350153,3.9571941587941426,91.4242860174024,9.166706734650488,0.008751452503763767
