,R2,MAE,MSE,RMSE,MAPE
xgb,0.9809525922020714,3.287696534898317,71.33295562752929,8.046364473471883,0.007265276567961968
