,R2,MAE,MSE,RMSE,MAPE
xgb,0.9809899207185234,3.561470691760327,70.79112018435492,7.705032090738991,0.007889023197361473
