,R2,MAE,MSE,RMSE,MAPE
xgb,0.9667220961588514,5.031355290247734,121.5179823694358,10.379003315494954,0.01144774633274202
gbr,0.9654699540853763,4.972811169535116,127.88908638291318,10.621991129793198,0.01134918773525496
rf,0.964117094712462,5.116678926172061,130.56698128635315,10.740898367184863,0.011642723914147116
BayesianRidge,0.9604593475844666,6.272809220501605,145.4029926880372,11.614940967325868,0.014523929428941523
