,R2,MAE,MSE,RMSE,MAPE
gbr,0.9703440329945341,5.024490710005746,112.43310283302078,10.404849266323364,0.011604013446344517
xgb,0.9692818908449106,5.076002557087207,115.75035036475033,10.456591069168223,0.011652459632368158
BayesianRidge,0.9659431522878508,6.378618397934565,129.0443603038902,11.207233960214525,0.014754103536430219
rf,0.9633521223144946,5.160829355603687,135.7399181125212,11.171336883878983,0.011730282139074996
