,R2,MAE,MSE,RMSE,MAPE
gbr,0.967082738367606,5.056894787150895,130.9374855904929,11.071844032558634,0.011734747234021256
rf,0.9661382489278727,5.112403991562327,134.71858262888213,11.268356076954685,0.01175965768319415
xgb,0.9639015190365592,5.224373759326694,144.73442747618228,11.350400649286517,0.01205053568836287
BayesianRidge,0.9628584649290772,6.381864925383722,147.58801773817933,12.008359201757601,0.014895339340887267
