,R2,MAE,MSE,RMSE,MAPE
xgb,0.9702658139142178,5.274404985563696,114.8071126445742,10.379829837487431,0.012144199915009635
gbr,0.970193005017219,5.13748876947832,115.19953730879772,10.417615274644865,0.011963328046428875
rf,0.9652313739642,5.308237251320452,135.36528994624643,11.193274366893078,0.01219789746683534
BayesianRidge,0.9646428458159789,6.509264256144536,137.1798198398471,11.510390895530254,0.015167334135157353
