,R2,MAE,MSE,RMSE,MAPE
xgb,0.9755964505234257,4.585126719698536,93.63886568376584,9.55525878621625,0.01059193948682158
gbr,0.9733836973237351,4.669555772055075,101.62503821252156,9.900136651614368,0.010893630038385959
BayesianRidge,0.9721996882148604,5.769619806040188,107.32436615267459,10.228782212926761,0.013419496768627526
rf,0.9674888083829216,4.731223584613688,123.80360995929941,10.929710113467099,0.01090563152458179
