,R2,MAE,MSE,RMSE,MAPE
gbr,0.9779310866955958,4.603143019459593,89.10816495272304,9.205683053461682,0.010546080553791479
xgb,0.9738637955600742,4.71342996207689,105.87516603932679,10.032367200527652,0.010612676567806609
BayesianRidge,0.9683021344725894,6.254369216528533,127.19332520750558,11.114289038724316,0.014412714433485371
rf,0.9660586846166987,5.008372870065424,137.93067895741703,11.414926315855492,0.011357938613914932
