,R2,MAE,MSE,RMSE,MAPE
xgb,0.9728642222079463,4.778641713453395,106.4023148472251,10.11032089697861,0.010869308556944594
gbr,0.9698602884346095,4.88913400809875,118.29134183558867,10.70272078367157,0.011180992280690735
BayesianRidge,0.9680088772889841,5.86471377938876,125.20342736146021,10.964273837086898,0.013505073819536495
rf,0.9648458449023337,5.152669785207499,138.2152690000682,11.43484972329383,0.011739937505540924
