,R2,MAE,MSE,RMSE,MAPE
xgb,0.9701301358153648,4.818986416341102,111.93815959763394,10.203063730539863,0.010959574108761975
gbr,0.9693504080185811,4.894652634881441,114.92323111508843,10.352514949102442,0.01126577558662916
rf,0.9685320061962139,5.101563231353362,118.59747526570962,10.597629681370009,0.011589283175364527
BayesianRidge,0.966805672737362,6.214300699556943,125.7245073110386,10.921393727673738,0.014266980864844358
