,R2,MAE,MSE,RMSE,MAPE
xgb,0.9726229287213817,4.970869192100932,105.14775721458231,10.035179546383445,0.011249490240912182
gbr,0.9720569722118318,4.934881733065909,107.14352869984437,10.1370977852764,0.011218031544061549
rf,0.9702140641883388,5.02901457121419,113.83059487878442,10.372862885265253,0.011366023558922394
BayesianRidge,0.9653339626008648,6.254364077155493,132.79681640152836,11.29981038281987,0.014384893552067485
