,R2,MAE,MSE,RMSE,MAPE
xgb,0.9782124945466044,4.713841664672129,83.6243871601444,9.030014618215208,0.010576209410092735
gbr,0.9769852367052604,4.675154129150107,88.19555421739551,9.287303980042594,0.01053125386278177
BayesianRidge,0.9732175827183834,5.644756836042599,103.06272234539624,10.034145428736785,0.012837364211237356
rf,0.9727961914201376,4.8278005635555505,104.61386948569688,10.061503201801631,0.0107988943651481
