,R2,MAE,MSE,RMSE,MAPE
gbr,0.9716681901341901,4.8489369171832335,109.89132825649362,10.351273762873962,0.01114787013250158
xgb,0.9705884961306126,4.90834255349263,113.9699463381266,10.476977133977899,0.011224018508234134
BayesianRidge,0.9661057530431532,6.221678784597146,131.13397572477984,11.302829537424241,0.014406556445327526
rf,0.9650638026464755,5.003237601876708,135.0245695327033,11.445064828744112,0.011405395370909177
