,R2,MAE,MSE,RMSE,MAPE
BayesianRidge,0.9435083832915451,7.218020680935569,231.17526126924767,13.512443757566837,0.016090366400372952
xgb,0.9398460512622803,7.076286430358887,260.78593208608567,13.834468566682812,0.01557353034512412
gbr,0.9374446556555537,8.475395590972212,248.71416105992571,14.33592137548104,0.018931298823620536
rf,0.9068434690154155,11.951611819112818,369.64251867987997,17.691102546897717,0.026742763623230005
