,R2,MAE,MSE,RMSE,MAPE
gbr,0.9221587512910594,8.13695536737512,266.30300335534696,14.505888428194357,0.017157227509769536
xgb,0.9215046364915294,7.414796409606934,250.97859440931543,14.023038173719703,0.01582578856111212
BayesianRidge,0.9141722635031393,8.083212185467717,279.87573730831616,15.069476202636668,0.017129869991313388
rf,0.9001275003247567,11.67300328753391,343.59075131487947,17.464004966691384,0.025007490498223005
