,R2,MAE,MSE,RMSE,MAPE
gbr,0.9093539067793583,8.845841678979383,284.62780740479303,14.763238423505877,0.01874073655897262
BayesianRidge,0.9012635653356129,9.897127918208417,318.78400901823414,16.040941454593202,0.021240937104727717
xgb,0.8872825334143094,8.904250729878743,338.02188775815114,15.9776347303563,0.018729144504419638
rf,0.8810939959909045,11.727054928256948,393.1350755039311,18.228891064996404,0.025794674434200637
