,R2,MAE,MSE,RMSE,MAPE
xgb,0.879998914143153,8.846159807840982,395.7195852850606,16.972859113347873,0.01888003081184126
gbr,0.8720233437917566,10.450517698645807,418.4735818627564,18.48705915654201,0.02314038001625213
BayesianRidge,0.8551962727584513,11.422058473675133,469.9960772212079,20.172468009200745,0.02571917849291009
rf,0.832975537817268,14.002982216565908,556.6250250043456,22.467557453157596,0.031784568106241654
