,R2,MAE,MSE,RMSE,MAPE
xgb,0.9358423530377218,6.5247420247395835,231.81993782565388,13.402687059362023,0.01432453724328124
BayesianRidge,0.9321876616993615,7.5341365186348,248.2986633500722,14.117292735757687,0.016655906179938264
gbr,0.9305499960825758,7.7639886797098026,248.8475572942322,14.194405937048094,0.017025730218689302
rf,0.9081443589187235,10.180391877186532,308.74888988088424,16.554149555474986,0.02244134385914503
