,R2,MAE,MSE,RMSE,MAPE
xgb,0.8784541632987913,9.296519864400228,371.377216599005,17.60230402888944,0.020006051686222767
rf,0.8662539090433924,12.45981107011837,448.00017230943877,20.210259991913908,0.027590388631296515
BayesianRidge,0.8646691041758068,10.844211244771413,439.4389659288498,19.886521215404702,0.024089768338750872
gbr,0.8638931186489283,10.655225701466817,444.4888660370574,19.86099865000812,0.023557131347730412
