,R2,MAE,MSE,RMSE,MAPE
xgb,0.9460261489345578,7.0231387837727866,197.6002477064713,12.318957672641087,0.014903743538358721
BayesianRidge,0.9415014975533419,8.23169317224574,211.9114810880365,13.735256537875975,0.017753508642046535
gbr,0.9216990610372824,9.725623738424584,288.83765165833347,15.805502986517245,0.021244758627521905
rf,0.8776821749887086,13.221262814306916,443.7079194544655,20.09284164363932,0.029194419113163617
