,R2,MAE,MSE,RMSE,MAPE
gbr,0.8927118444397569,9.278520119942067,350.1510962594419,16.439098311026683,0.020358724158037675
xgb,0.8915924671800994,8.107052739461263,341.73765473901994,16.11569828617901,0.0178853133735634
BayesianRidge,0.8829568787509874,9.244907749246838,377.1884376981165,17.087845333351115,0.020452524620890835
rf,0.8690701049109617,11.805027001711222,414.5699911705159,19.039424749452273,0.026061724067596104
