,R2,MAE,MSE,RMSE,MAPE
xgb,0.9132792241927516,7.954445648193359,260.78517818729705,14.969201707107501,0.01705278878147616
gbr,0.874283222942748,9.936450366132851,338.02529445124543,17.475209263437673,0.021819118088274247
BayesianRidge,0.8622673020509696,10.326149628463195,372.4258055447785,18.222154184742024,0.022679475144401957
rf,0.8511703539954876,11.792027977382988,403.25214613639275,19.28856077745849,0.025933863716648648
