,R2,MAE,MSE,RMSE,MAPE
xgb,0.8880312219396179,8.234011777242024,342.0129356111233,16.460780372331595,0.01830256002837638
gbr,0.8796306353131762,9.934906199047703,386.14821150567224,18.105504807073014,0.022435644565020157
BayesianRidge,0.8725421497040031,11.173057890261587,419.38312008001924,19.10461670748891,0.025167615624984076
rf,0.8510424368671737,13.561781600820748,502.3937462961653,21.441143659281913,0.030365723984919234
