,R2,MAE,MSE,RMSE,MAPE
gbr,0.8816586149596259,10.215795033693672,365.1011939850492,17.02567590957053,0.022165710602391003
xgb,0.8769530686836206,9.162943471272786,362.73820801761,16.34805396305876,0.019501709240570042
BayesianRidge,0.8734458095296012,11.802165180837791,396.22320416481483,18.462714055089954,0.025705215722814728
rf,0.842009354598652,13.938634542009652,492.5722347432252,21.454520439265846,0.030774529587693
