,R2,MAE,MSE,RMSE,MAPE
xgb,0.909967612883832,9.377821985880534,298.8375199171388,16.06902687535926,0.019554417337209168
gbr,0.9098356894706953,10.052197428764492,279.54947166181216,15.99476500436803,0.02129322438594997
BayesianRidge,0.8944789736108284,11.21489859605197,329.9891605019952,17.433305918082716,0.023902371496761752
rf,0.8768634057710438,13.316644416837272,398.53233049951024,19.520747968382683,0.028994677671389628
