,R2,MAE,MSE,RMSE,MAPE
xgb,0.8820974556793573,10.430201276143393,374.17292774027953,17.819974904113003,0.02218013566331165
gbr,0.8770221719295964,11.507297748696338,383.07188892557747,18.462328518900062,0.02486701272039484
BayesianRidge,0.868331328111897,12.302764105980916,410.69474261786155,19.268840778260913,0.026690274722010278
rf,0.8469817264130146,14.397061277009305,480.9822415548905,21.19815999871285,0.031242622927031553
