,R2,MAE,MSE,RMSE,MAPE
gbr,0.8907802581500345,9.229029950868973,372.46541298334273,17.781282017630453,0.020425221363369026
xgb,0.8875037944174353,8.583280092875162,383.18573161359916,17.884578421495824,0.018829822977133277
BayesianRidge,0.8699817257953789,10.376053794654503,432.15775478674294,19.491183471818463,0.02320071704421221
rf,0.8577051914724961,12.24825828248014,474.67242736159403,20.41091976330428,0.02774434855866943
