,R2,MAE,MSE,RMSE,MAPE
BayesianRidge,0.8724851603587969,11.850194595719866,447.94101664293476,19.399281612067046,0.025891554307341923
gbr,0.8714576332829902,11.404532791446819,458.52251825180383,19.78658640780207,0.024837817723009248
xgb,0.8665739148298975,11.358115234375001,479.1612507044244,20.23274026759845,0.024533173964514182
rf,0.8385083484496025,14.197962386405269,569.6367886221467,22.72305007167867,0.031458174773690194
