,R2,MAE,MSE,RMSE,MAPE
gbr,0.8553512877176773,12.00827913333423,474.899201096075,19.736789715439613,0.02683168325002084
xgb,0.8518583750541279,10.449148445129394,491.2809226463095,19.054625353886674,0.023535403786836922
BayesianRidge,0.8397946627192263,13.413881821196645,520.2309899173167,21.33174904151567,0.02978633384727101
rf,0.8220990152009973,15.024357858711715,578.1999302008572,22.797219648368667,0.033493843996635034
