,R2,MAE,MSE,RMSE,MAPE
gbr,0.9085170091291026,10.104429336954727,382.70214812560386,17.342388588433746,0.02169361155354487
xgb,0.9044756591573859,8.575413335164388,402.8373881605423,16.551706817286217,0.018420448307602658
BayesianRidge,0.8973506547310913,11.305803780977175,421.28774226261964,18.789405818197217,0.024408045595693643
rf,0.8789351000700567,13.331688678913995,490.2373142232239,20.441647421042198,0.028948124371921728
