,R2,MAE,MSE,RMSE,MAPE
gbr,0.8208937108365841,11.000477645970536,376.3713413803641,18.323489008772505,0.022780826452616226
BayesianRidge,0.8009127363358963,11.883334768318706,418.29702699265346,19.434489328752434,0.024829839630892768
rf,0.7840684401678303,13.561160206405873,475.81249936788674,20.886125621648624,0.028810072706768147
xgb,0.7760507105875563,11.152296384175617,468.87444291083875,20.01076628394203,0.02305050090846946
