,R2,MAE,MSE,RMSE,MAPE
BayesianRidge,0.8609024371998493,11.080442382342166,412.48694685209256,18.688393148397346,0.02413010585977245
gbr,0.8498855458826368,11.002785058118423,441.91549918529455,19.479736367692613,0.023933343097613895
rf,0.8434234112582164,12.983703605574053,469.67157885336565,20.310547662409526,0.028287711398350106
xgb,0.8228196910728723,11.181759312947591,522.5629461909831,21.649232093684176,0.024579503164928424
