,R2,MAE,MSE,RMSE,MAPE
xgb,0.8517129606539402,11.304772020975749,411.33253387150944,19.38889228675985,0.024853575676085864
gbr,0.8315903626361137,12.757338954105467,471.0885121174965,20.86716225055084,0.028450340233208683
BayesianRidge,0.8053561868015745,14.82461609619536,547.5754940066918,22.83347037693859,0.032962028194613455
rf,0.7941468886116617,16.62429577120872,609.7811679656528,24.402013955902934,0.03701220639300834
