,R2,MAE,MSE,RMSE,MAPE
xgb,0.9868279210979543,2.4089344553558423,31.788149949329863,5.270391387888382,0.005119888211632477
