,R2,MAE,MSE,RMSE,MAPE
xgb,0.9914877318121087,2.088088308623343,19.793752630096904,4.306628027704931,0.0044104172846358616
