,R2,MAE,MSE,RMSE,MAPE
xgb,0.9905820125665414,2.512578561636118,24.294239977231467,4.847100615641906,0.005269776781300216
