,R2,MAE,MSE,RMSE,MAPE
xgb,0.991473528341948,2.2578313886024457,23.16448697690259,4.613816236406789,0.004819517193797779
