,R2,MAE,MSE,RMSE,MAPE
xgb,0.9899017784792885,2.5579477661417362,27.62020469171309,5.171713608032559,0.005354254268880004
