,R2,MAE,MSE,RMSE,MAPE
xgb,0.9910152512359325,2.396117706939057,22.988765343632746,4.725184810139705,0.005046419009537582
