,R2,MAE,MSE,RMSE,MAPE
xgb,0.9896948879876775,2.4930560647035263,29.477793872315402,5.241666352248543,0.005307928159940184
