,R2,MAE,MSE,RMSE,MAPE
xgb,0.9879621960955918,2.567369706445085,33.11057302901206,5.344328496445862,0.005402620252529254
