,R2,MAE,MSE,RMSE,MAPE
xgb,0.9904936843129184,2.1497069719221207,24.784597705522486,4.621013301363257,0.004582360024376827
