,R2,MAE,MSE,RMSE,MAPE
xgb,0.986968724008346,2.458410782678421,34.658530648875015,5.573439358650869,0.005177935980094455
