,R2,MAE,MSE,RMSE,MAPE
xgb,0.9939508493766416,2.0167512303776953,16.279073541870844,3.8834851125866114,0.004109547552444473
