,R2,MAE,MSE,RMSE,MAPE
xgb,0.9905530293789448,2.2927642278782416,24.865287576962412,4.790585856012756,0.004871303288472349
