,R2,MAE,MSE,RMSE,MAPE
xgb,0.9927487944823425,2.200627181900131,19.019404664867153,4.273062738361258,0.004531927119823656
