,R2,MAE,MSE,RMSE,MAPE
xgb,0.9907344254005167,2.2730870761115507,23.641881074725735,4.588515001087125,0.0048670417526993906
