,R2,MAE,MSE,RMSE,MAPE
xgb,0.9895057341903012,2.3662274776005248,27.054868262658648,4.966913963159697,0.0051093776117927744
