,R2,MAE,MSE,RMSE,MAPE
xgb,0.9914863720111571,2.2525518922605716,23.814020842796666,4.7539729651922595,0.004775068540560151
