,R2,MAE,MSE,RMSE,MAPE
xgb,0.9906197437211631,2.4779675426705454,26.253222174978994,4.95474474772235,0.00525807222699001
