,R2,MAE,MSE,RMSE,MAPE
xgb,0.9901818059250814,2.2851717746974702,23.239578393601246,4.59004639163983,0.004809821236279285
