,R2,MAE,MSE,RMSE,MAPE
xgb,0.9920414891637217,2.1905246468212782,22.0280865044262,4.524701051117084,0.0046538829633151705
