,R2,MAE,MSE,RMSE,MAPE
xgb,0.9888715586295118,2.5010532761509325,28.375499668308816,5.1091785657796995,0.00525855617973435
