,R2,MAE,MSE,RMSE,MAPE
xgb,0.9918649186788512,2.229335448080565,22.892823638533493,4.568335995810779,0.004729350436124076
