,R2,MAE,MSE,RMSE,MAPE
xgb,0.9900247762681633,2.385855149916002,25.54989162637294,4.940850194416008,0.004919961996267661
