,R2,MAE,MSE,RMSE,MAPE
xgb,0.9897384668627428,2.3223934855427784,25.215091245524775,4.92030612738777,0.004854066307432345
