,R2,MAE,MSE,RMSE,MAPE
xgb,0.9887683544525,2.3715687443659856,28.724245475735387,5.109786051801946,0.005079865705457673
