,R2,MAE,MSE,RMSE,MAPE
xgb,0.9899522191740646,2.278368785511364,27.385896774313437,4.923044280336061,0.004841896864556936
