,R2,MAE,MSE,RMSE,MAPE
xgb,0.9894346200603759,2.278316082294171,25.303042266377325,4.8851794711488035,0.0047728117545468565
