,R2,MAE,MSE,RMSE,MAPE
xgb,0.9901211432675769,2.3432230206113873,21.780965119844854,4.498517508431114,0.0049283855033707
