,R2,MAE,MSE,RMSE,MAPE
xgb,0.9945047150570625,2.046504044966264,17.25735834765527,3.9521614126821696,0.004325619732243068
