,R2,MAE,MSE,RMSE,MAPE
xgb,0.9896294911856056,2.4110741393616153,26.851394256858253,4.948622037602458,0.005024888438808293
