,R2,MAE,MSE,RMSE,MAPE
xgb,0.9910495286854271,2.3544442595368507,24.337827514522576,4.803065110352408,0.005001385915418766
