,R2,MAE,MSE,RMSE,MAPE
xgb,0.983446234928158,2.876556986633158,43.93775883624604,6.259887375554626,0.006329019015065561
