,R2,MAE,MSE,RMSE,MAPE
xgb,0.9889938206681294,2.2588378001393137,26.280290625570053,4.941578616339313,0.004828270147765092
