,R2,MAE,MSE,RMSE,MAPE
xgb,0.9866895366191242,2.6736420743359828,34.8498209264092,5.669766788582856,0.005610761381611288
