,R2,MAE,MSE,RMSE,MAPE
xgb,0.9919080274871778,2.174184433018967,21.605120905189324,4.54277900186459,0.004608564952120222
