,R2,MAE,MSE,RMSE,MAPE
xgb,0.9927740909454659,2.2962549017348213,19.329912952343427,4.318227462027488,0.0048229313197784085
