,R2,MAE,MSE,RMSE,MAPE
xgb,0.9868175807160415,2.582222563630218,32.14752088463759,5.506372598757709,0.0054753742895598
