,R2,MAE,MSE,RMSE,MAPE
xgb,0.9910315768339956,2.252644474340763,24.944314796070977,4.88726582486752,0.004745248072935287
