,R2,MAE,MSE,RMSE,MAPE
xgb,0.9904120222252921,2.469962161048587,26.815554662236345,5.022670372348456,0.005279729732233305
