,R2,MAE,MSE,RMSE,MAPE
xgb,0.9920788657709618,2.2978593829672933,22.141085643116718,4.609399327104321,0.004823273884493035
