,R2,MAE,MSE,RMSE,MAPE
xgb,0.9882410645266921,2.383974395111724,30.790846707733532,5.1079894348069885,0.005047539365318451
