,R2,MAE,MSE,RMSE,MAPE
xgb,0.9841396227003321,2.661132262329955,38.83299470583947,5.86225557992398,0.005722118348805496
