,R2,MAE,MSE,RMSE,MAPE
xgb,0.9906936418111243,2.35595043461584,23.403006580170775,4.731249646849084,0.004965282812649621
