,R2,MAE,MSE,RMSE,MAPE
xgb,0.9906717938103424,2.388002975214889,25.449530409599326,4.8462452327281,0.005075592899343425
