,R2,MAE,MSE,RMSE,MAPE
xgb,0.9907634767164204,2.337226032532734,23.3608409769974,4.666810897232315,0.004900192541708261
