,R2,MAE,MSE,RMSE,MAPE
xgb,0.991054248006986,2.2551177184631777,27.026907520183716,5.021011774097223,0.004812860655936374
