,R2,MAE,MSE,RMSE,MAPE
xgb,0.9874017483474274,2.6324466770412207,34.535427264581635,5.743629251179958,0.005563337277926923
