,R2,MAE,MSE,RMSE,MAPE
xgb,0.9910171648551653,2.331392129680216,25.789712638823005,4.7692283968775175,0.004916411207428603
