,R2,MAE,MSE,RMSE,MAPE
xgb,0.9932349086210991,2.036274955838433,17.7019449424678,4.079925587997346,0.004363491366012705
