,R2,MAE,MSE,RMSE,MAPE
xgb,0.9894602567316746,2.38090142196264,25.885168405618337,4.877508311270374,0.005028442977377959
