,R2,MAE,MSE,RMSE,MAPE
xgb,0.9883656303127843,2.3497108296569964,26.95674740795068,5.006740925029739,0.005003382855527941
