,R2,MAE,MSE,RMSE,MAPE
xgb,0.9895522039766431,2.4635800546499405,27.30120807358484,5.003053189631159,0.0051760904485702005
