,R2,MAE,MSE,RMSE,MAPE
xgb,0.9915839680527843,2.3588648836718296,22.18720420869228,4.503466935275009,0.005011407576056104
