,R2,MAE,MSE,RMSE,MAPE
xgb,0.9892335265701865,2.524911776455966,28.113160049217505,5.173379827037808,0.005308188270280115
