,R2,MAE,MSE,RMSE,MAPE
xgb,0.9896722994368504,2.434903835483364,30.266176544757762,5.171888588863526,0.0051405595939658065
