,R2,MAE,MSE,RMSE,MAPE
xgb,0.9903809082808313,2.3745877025399733,26.40950594007257,4.943980024935162,0.0050084249889018415
