,R2,MAE,MSE,RMSE,MAPE
xgb,0.9881764515199902,2.464140676929678,30.383313477923316,5.223583499970404,0.005253177246151404
