,R2,MAE,MSE,RMSE,MAPE
xgb,0.9913928409473082,2.3938173007209267,25.757730500558853,4.917095438642767,0.0050320799209891565
