,R2,MAE,MSE,RMSE,MAPE
xgb,0.9923969695746198,2.14156720013385,18.638593775528157,4.085519114169446,0.004440367318304014
