,R2,MAE,MSE,RMSE,MAPE
xgb,0.9914060547890557,2.2859313876634437,23.3959389468127,4.77414516030668,0.004763019702708375
