,R2,MAE,MSE,RMSE,MAPE
xgb,0.9907773034252692,2.2398314253089024,24.15631007003581,4.730945850771109,0.004853777935560094
