,R2,MAE,MSE,RMSE,MAPE
xgb,0.990781787227086,2.3226223905692285,23.77763418694688,4.644329359463541,0.004865055377369551
