,R2,MAE,MSE,RMSE,MAPE
xgb,0.9863384767484659,2.532475222145205,29.837638152110316,5.201775025122737,0.005348501958553614
