,R2,MAE,MSE,RMSE,MAPE
xgb,0.995582423806025,1.6978085200525388,13.041672313606465,3.445180248747193,0.003634378689003722
