,R2,MAE,MSE,RMSE,MAPE
xgb,0.9907725697567843,2.3514175957099543,24.563216922027614,4.748481641135639,0.004940640814099265
