,R2,MAE,MSE,RMSE,MAPE
xgb,0.9838370986763042,2.6504524031063332,45.05304294513745,5.97237467145965,0.005693504009681071
