,R2,MAE,MSE,RMSE,MAPE
xgb,0.9873763513851079,2.5922179605266154,29.794442489115443,5.3662018315547595,0.005529340897780777
