,R2,MAE,MSE,RMSE,MAPE
xgb,0.991545446095951,2.3397254328516537,23.06495986188476,4.511486270729394,0.005026707362147496
