,R2,MAE,MSE,RMSE,MAPE
xgb,0.9886737263622214,2.535751266515061,28.87501278842033,5.328967768554685,0.005413882088797582
