,R2,MAE,MSE,RMSE,MAPE
xgb,0.9910769990295407,2.263790076480323,21.85155775624322,4.6017022999746455,0.004692291274710864
