,R2,MAE,MSE,RMSE,MAPE
xgb,0.9917379713743599,2.0935945815862196,21.6187768140479,4.428255886706823,0.004395066263928436
