,R2,MAE,MSE,RMSE,MAPE
xgb,0.9901208502080907,2.5587457962569657,29.599485613194048,5.189716719582718,0.005471605869096946
