,R2,MAE,MSE,RMSE,MAPE
xgb,0.9922741693229529,2.1681111719091453,22.68989598656776,4.568338177087102,0.004610179759195246
