,R2,MAE,MSE,RMSE,MAPE
xgb,0.9924446178686234,2.2231914931788586,22.233774207504712,4.5090590178433265,0.004719065761428803
