,R2,MAE,MSE,RMSE,MAPE
xgb,0.9918917487193475,2.2216810601507873,21.86951640948846,4.514725271723996,0.004611708570310745
