,R2,MAE,MSE,RMSE,MAPE
xgb,0.9898183862651552,2.5419907478385873,30.966424565401535,5.487385936476069,0.005314104449212519
