,R2,MAE,MSE,RMSE,MAPE
xgb,0.988320015413025,2.282926730496067,32.32048821964085,5.370135711630425,0.0049501391693240904
