,R2,MAE,MSE,RMSE,MAPE
xgb,0.9902485947679069,2.5257903250314135,26.617420844380298,4.992156601845248,0.005414658218288809
