,R2,MAE,MSE,RMSE,MAPE
xgb,0.9896798867283151,2.2615877237386632,25.51631128107247,4.868498819267778,0.004788751673325364
