,R2,MAE,MSE,RMSE,MAPE
xgb,0.9870220519144391,2.5504284511468347,34.643474611420274,5.60089262504256,0.005481131389683006
