,R2,MAE,MSE,RMSE,MAPE
xgb,0.9921511826106624,2.1735912253639915,22.956786152715,4.512483805191292,0.004591623735360412
