,R2,MAE,MSE,RMSE,MAPE
xgb,0.9926994944280695,2.084359243681937,19.842408298378082,4.319475795647598,0.004406512724921277
