,R2,MAE,MSE,RMSE,MAPE
xgb,0.9886641700510458,2.4683138390743373,27.117716582827633,5.088326412654333,0.00525351793638699
