,R2,MAE,MSE,RMSE,MAPE
xgb,0.9891034509935576,2.2787011071407437,30.155067719415957,5.090987051852273,0.004884612469723663
