,R2,MAE,MSE,RMSE,MAPE
xgb,0.9872829851080326,2.520523334352009,31.80957073746464,5.477883537154564,0.005357792586261811
