,R2,MAE,MSE,RMSE,MAPE
xgb,0.9897789768428389,2.39600803800285,24.514307184361563,4.802596694953857,0.005012953095400981
