,R2,MAE,MSE,RMSE,MAPE
xgb,0.9899835316137112,2.4189028848145666,26.92023792612515,4.929023508230344,0.005107162859214262
