,R2,MAE,MSE,RMSE,MAPE
xgb,0.9900459471698566,2.2754776685310127,26.272582414917782,4.919934445880871,0.0047210685172699406
