,R2,MAE,MSE,RMSE,MAPE
xgb,0.9903884106024027,2.2619899499710905,25.46432488448461,4.825787923576223,0.004860842615084569
