,R2,MAE,MSE,RMSE,MAPE
xgb,0.9910345461316024,2.3243603653629896,23.21218463883148,4.68448974720988,0.004913669093559495
