,R2,MAE,MSE,RMSE,MAPE
xgb,0.9885068401437783,2.2831271715141956,27.763402080062235,5.044320421110974,0.004966904762326672
