,R2,MAE,MSE,RMSE,MAPE
xgb,0.989460467363277,2.4539112399441376,27.563991653347678,5.17551932201741,0.005118919479324923
