,R2,MAE,MSE,RMSE,MAPE
xgb,0.9886944045206981,2.3928452912444,28.787762459432088,5.252819411578106,0.005086423155701955
