,R2,MAE,MSE,RMSE,MAPE
xgb,0.9903042607139791,2.2862452906183988,26.686982906564896,4.896797044360462,0.004770111939827854
