,R2,MAE,MSE,RMSE,MAPE
xgb,0.9874148292995159,2.3934799542905014,34.421960003629444,5.562544815800753,0.00508004168976567
