,R2,MAE,MSE,RMSE,MAPE
xgb,0.9912398687129642,2.401042248848157,25.470470599000514,4.834940170570864,0.005094789753581123
