,R2,MAE,MSE,RMSE,MAPE
xgb,0.9899610538102884,2.315356516591319,24.26469277543823,4.841242037880776,0.0048802678356329445
