,R2,MAE,MSE,RMSE,MAPE
xgb,0.9884003411728418,2.5139408035811845,33.75334307945647,5.613515697585358,0.0053774310883526084
