,R2,MAE,MSE,RMSE,MAPE
xgb,0.9893281353236428,2.5452666091029745,28.294317302460815,5.031057875306845,0.0055024586670485275
