,R2,MAE,MSE,RMSE,MAPE
xgb,0.9829431960094865,2.861758121374882,40.11394685780806,6.050704435197727,0.006139626624360099
