,R2,MAE,MSE,RMSE,MAPE
xgb,0.9893412327138609,2.476525874780331,25.87755643525271,4.924339570442236,0.005206068107532951
