,R2,MAE,MSE,RMSE,MAPE
xgb,0.9091936886310578,5.743779485975562,84.78460703661908,9.015606979836921,0.010713067873302867
