,R2,MAE,MSE,RMSE,MAPE
xgb,0.9089849770069123,5.769378024333448,85.89916663110449,9.070365622382269,0.01077859708271099
