,R2,MAE,MSE,RMSE,MAPE
xgb,0.9166431128978729,5.699202562051133,83.1553061106212,9.01935385719751,0.01061698288630242
