,R2,MAE,MSE,RMSE,MAPE
xgb,0.9165076494216919,5.38820529088705,78.72047893972328,8.779077556900038,0.010038614738934536
