,R2,MAE,MSE,RMSE,MAPE
xgb,0.9194116055965423,5.5171852283218685,72.63283091692567,8.442035933199792,0.010278255169646717
