,R2,MAE,MSE,RMSE,MAPE
xgb,0.9107340633869171,5.470107768745382,73.76799352712982,8.438484843300085,0.010196037626562723
