,R2,MAE,MSE,RMSE,MAPE
xgb,0.9263708412647247,5.461490041559393,71.11615183769283,8.340498740196876,0.010184654797715301
