,R2,MAE,MSE,RMSE,MAPE
xgb,0.9118558943271637,5.86230872342579,83.21267082335919,8.999084565755636,0.010943854801774597
