,R2,MAE,MSE,RMSE,MAPE
xgb,0.915143084526062,5.59601637382866,77.87480318747463,8.776332146016323,0.01042283284925851
