,R2,MAE,MSE,RMSE,MAPE
xgb,0.9082477211952209,5.83103256145864,89.59346899474069,9.37171608274355,0.010805793844201685
