,R2,MAE,MSE,RMSE,MAPE
xgb,0.9353694260120392,4.835781882275111,57.035616715144705,7.45648919052604,0.008963033599048908
