,R2,MAE,MSE,RMSE,MAPE
xgb,0.9121046304702759,5.6564728915255404,84.84658196318053,9.130536684657176,0.010498969010895023
