,R2,MAE,MSE,RMSE,MAPE
xgb,0.913202828168869,5.462476006869612,77.67523022426471,8.692626530154241,0.01020813877595786
