,R2,MAE,MSE,RMSE,MAPE
xgb,0.8967125117778778,5.991272965195037,91.7862696331331,9.509675731522853,0.01116000113991976
