,R2,MAE,MSE,RMSE,MAPE
xgb,0.9185351848602294,5.499659635729177,76.03012546629984,8.65664749747294,0.01019920489319132
