,R2,MAE,MSE,RMSE,MAPE
xgb,0.9230671048164367,5.233921151076489,69.6840715628201,8.252886263554064,0.009728562986561166
