,R2,MAE,MSE,RMSE,MAPE
xgb,0.9241203546524048,5.596437174000834,77.86652483249081,8.683392759128234,0.010462098218576868
