,R2,MAE,MSE,RMSE,MAPE
xgb,0.9279574155807495,5.288063303230947,68.57288239576862,8.22219928241493,0.009840444808368725
