,R2,MAE,MSE,RMSE,MAPE
xgb,0.9123395025730133,5.601077588997167,78.56745970583366,8.74707117454652,0.010502374296936168
