,R2,MAE,MSE,RMSE,MAPE
xgb,0.9195816159248352,5.358710110623511,71.26059538422285,8.27338027836052,0.00996887506849432
