,R2,MAE,MSE,RMSE,MAPE
xgb,0.9244370460510254,5.522860983247667,71.95711510392955,8.366027101753817,0.010277863363925582
