,R2,MAE,MSE,RMSE,MAPE
xgb,0.9134048283100128,5.50389826504539,77.28158557124681,8.722031718682938,0.010260690297610004
