,R2,MAE,MSE,RMSE,MAPE
xgb,0.9035208642482757,6.077146199703716,92.68715034641868,9.302222479769306,0.011293081338251946
