,R2,MAE,MSE,RMSE,MAPE
xgb,0.913521409034729,5.7887267018062065,79.73277362677186,8.884163841585147,0.010794815312980417
