,R2,MAE,MSE,RMSE,MAPE
xgb,0.9128021895885468,5.57462878690618,78.24679339581613,8.709385150022467,0.010407640544747826
