,R2,MAE,MSE,RMSE,MAPE
xgb,0.9172563672065734,5.495201448861086,74.0915172830869,8.525324832563385,0.010208734510374715
