,R2,MAE,MSE,RMSE,MAPE
xgb,0.923480898141861,5.372669885649327,71.46244196221926,8.34907290886932,0.01001595898113469
