,R2,MAE,MSE,RMSE,MAPE
xgb,0.9084734082221985,5.6660512120995286,79.34261168158916,8.8207471117953,0.010530295814775945
