,R2,MAE,MSE,RMSE,MAPE
xgb,0.9100990414619445,5.548179780726896,85.12181060789001,9.042579951591119,0.01030826387053585
