,R2,MAE,MSE,RMSE,MAPE
xgb,0.8981879651546478,5.800016235383451,91.09249174058326,9.480408847376543,0.010759072160405203
