,R2,MAE,MSE,RMSE,MAPE
xgb,0.9197809636592865,5.543725842642311,81.66363745594592,8.786291593529048,0.010373529556224729
