,R2,MAE,MSE,RMSE,MAPE
xgb,0.8980338931083679,5.9579076190976386,94.81987352126492,9.617110055204572,0.011078634038340416
