,R2,MAE,MSE,RMSE,MAPE
xgb,0.8734677314758301,7.156256180048738,128.14110352433366,11.173622538466079,0.013223157747503633
