,R2,MAE,MSE,RMSE,MAPE
xgb,0.9157285451889038,5.827695366631231,87.90119315524787,9.0989635463803,0.010877607561919904
