,R2,MAE,MSE,RMSE,MAPE
xgb,0.9187483549118042,5.456686753738387,74.64515179451608,8.572264012042112,0.01012161385055485
