,R2,MAE,MSE,RMSE,MAPE
xgb,0.8898835599422454,6.0600628536945855,102.73958876709457,10.031169805835214,0.011286517748572002
