,R2,MAE,MSE,RMSE,MAPE
xgb,0.897575294971466,5.868354550225109,91.01505337151299,9.410133400590194,0.010945525110402528
