,R2,MAE,MSE,RMSE,MAPE
xgb,0.9245365023612976,5.470086038922316,74.0630902781273,8.484835183729194,0.01019206694988643
