,R2,MAE,MSE,RMSE,MAPE
xgb,0.9208244562149048,5.562387981434725,78.21918382159416,8.786679404648064,0.010342752618611731
