,R2,MAE,MSE,RMSE,MAPE
xgb,0.9186313450336456,5.484065062025623,71.55867975509207,8.33408482331512,0.010140337083424678
