,R2,MAE,MSE,RMSE,MAPE
xgb,0.924498325586319,5.302669428682874,73.72256840757777,8.431543571124685,0.009869224122576218
