,R2,MAE,MSE,RMSE,MAPE
xgb,0.9150601029396057,5.898136563435616,81.41105094452539,8.978133899647963,0.010963874792637347
