,R2,MAE,MSE,RMSE,MAPE
xgb,0.9383346199989319,5.247391848429617,64.48936797439292,7.993855292243685,0.009789309290322595
