,R2,MAE,MSE,RMSE,MAPE
xgb,0.8934460163116456,5.978249514588741,97.7564947194219,9.713128873993226,0.011136184000432746
