,R2,MAE,MSE,RMSE,MAPE
xgb,0.8985451877117157,6.008628603657211,91.88311525437135,9.489338174837638,0.011165679955010702
