,R2,MAE,MSE,RMSE,MAPE
xgb,0.9083577394485474,5.9595908476890305,84.69430631886112,9.105301665036352,0.011104392244275974
