,R2,MAE,MSE,RMSE,MAPE
xgb,0.9276857197284698,5.08834237404627,67.45796021398519,8.051259746578937,0.009475287165128304
