,R2,MAE,MSE,RMSE,MAPE
xgb,0.926020473241806,5.239304822963606,69.27349588951134,8.225913672213853,0.009766345218806493
