,R2,MAE,MSE,RMSE,MAPE
xgb,0.9161375880241394,5.692249660033542,82.4826533636387,8.957653250590745,0.010600398063338413
