,R2,MAE,MSE,RMSE,MAPE
xgb,0.9184944331645966,5.3465705572624564,73.6780771040851,8.527797801052436,0.010004484726212924
