,R2,MAE,MSE,RMSE,MAPE
xgb,0.9046209990978241,5.698977327894891,86.14846919297315,9.045992599027365,0.010572838083840293
