,R2,MAE,MSE,RMSE,MAPE
xgb,0.9119488596916199,5.7084017993763565,83.64487393308661,9.00452752607222,0.010629306792895617
