,R2,MAE,MSE,RMSE,MAPE
xgb,0.9190302968025208,5.290507279717934,73.44883115899162,8.450782283611996,0.009841227615051977
