,R2,MAE,MSE,RMSE,MAPE
xgb,0.8872184455394745,6.3189360220977875,104.38058640133438,10.129183165966575,0.01174280408293149
