,R2,MAE,MSE,RMSE,MAPE
xgb,0.9268293976783752,5.02636657643094,60.45883356242857,7.722216308230901,0.00938221753934668
