,R2,MAE,MSE,RMSE,MAPE
xgb,0.9175017654895783,5.624901843095897,80.0856526386751,8.864151022474998,0.0105211176104235
