,R2,MAE,MSE,RMSE,MAPE
xgb,0.9082698166370392,5.4988236374491315,79.704626852735,8.79903596751499,0.01018444630934443
