,R2,MAE,MSE,RMSE,MAPE
xgb,0.9062640905380249,5.617730411541499,81.82491656912931,9.003681313790372,0.010469858744368052
