,R2,MAE,MSE,RMSE,MAPE
xgb,0.9213406264781951,5.706610865179398,76.3389417211971,8.633653163099194,0.010624324379473629
