,R2,MAE,MSE,RMSE,MAPE
xgb,0.9081740260124207,5.596765170999206,87.41756430935513,9.215046430107567,0.01042676670069575
