,R2,MAE,MSE,RMSE,MAPE
xgb,0.9222273349761962,5.399998922557293,70.37199105925853,8.305646919512387,0.010032742488070793
