,R2,MAE,MSE,RMSE,MAPE
xgb,0.916088855266571,5.521904710392967,77.7853640217018,8.72352519262131,0.010252023794046754
