,R2,MAE,MSE,RMSE,MAPE
xgb,0.9041773676872253,5.542164611417797,83.52160707552132,9.043103934341863,0.010315312314733342
