,R2,MAE,MSE,RMSE,MAPE
xgb,0.9227187991142273,5.650599310066758,78.85891473493805,8.806918317207082,0.010490454088427182
