,R2,MAE,MSE,RMSE,MAPE
xgb,0.9188072800636291,5.395931180118891,69.15301908855574,8.196753799663032,0.010042834976021047
