,R2,MAE,MSE,RMSE,MAPE
xgb,0.9154033541679383,5.665867045531079,82.54979720042097,8.940564038039694,0.010572569052283756
