,R2,MAE,MSE,RMSE,MAPE
xgb,0.9301610171794892,5.095028370027133,64.48927758254504,7.918968970019014,0.009488571093988388
