,R2,MAE,MSE,RMSE,MAPE
xgb,0.926118403673172,5.511613725046379,76.7304867546799,8.621196637642722,0.010273654055250991
