,R2,MAE,MSE,RMSE,MAPE
xgb,0.9232094407081604,5.326917680602836,71.43979956855678,8.35696658738164,0.00991039345558492
