,R2,MAE,MSE,RMSE,MAPE
xgb,0.8966106951236725,5.572214310346102,80.77798722567431,8.926456768707371,0.010382309486936114
