,R2,MAE,MSE,RMSE,MAPE
xgb,0.9168139815330505,5.51415278674916,77.64556538900639,8.732955731884998,0.010284275527150957
