,R2,MAE,MSE,RMSE,MAPE
xgb,0.9164718329906464,5.52649874074332,77.39407869687508,8.628738109506934,0.01026828331242335
