,R2,MAE,MSE,RMSE,MAPE
xgb,0.9085870265960694,5.86755933412813,89.62075259867763,9.33717352679334,0.01091707024589105
