,R2,MAE,MSE,RMSE,MAPE
xgb,0.9086361885070801,5.783124629531908,83.30799687318269,9.071578831458321,0.010787677179192236
