,R2,MAE,MSE,RMSE,MAPE
xgb,0.9086050868034363,5.401236230975782,77.23781662630083,8.712611531316684,0.010028778887975386
