,R2,MAE,MSE,RMSE,MAPE
xgb,0.922486174106598,5.305576479920773,76.32926464263737,8.536587858395446,0.009876102727725457
