,R2,MAE,MSE,RMSE,MAPE
xgb,0.9236813664436341,5.283249035698742,68.65864840643569,8.10391361399608,0.00982802564420996
