,R2,MAE,MSE,RMSE,MAPE
xgb,0.9246534466743469,5.406092327839404,70.43754860042439,8.263847881445185,0.010067202204222966
