,R2,MAE,MSE,RMSE,MAPE
xgb,0.9085776746273041,5.954028797847225,88.366261129003,9.32683824672963,0.011086457582127191
