,R2,MAE,MSE,RMSE,MAPE
xgb,0.9175271034240723,5.742047143854442,82.33573946060395,8.953195284574601,0.010694711958454815
