,R2,MAE,MSE,RMSE,MAPE
xgb,0.9269526302814484,5.277520276012839,70.81718552134808,8.335106823304965,0.009823981355333078
