,R2,MAE,MSE,RMSE,MAPE
xgb,0.932948112487793,5.239135162210016,64.07964431184958,7.950546471783109,0.009695529015317958
