,R2,MAE,MSE,RMSE,MAPE
xgb,0.9158496022224426,5.722577617011474,83.62134041580904,9.06041476734551,0.010614355664469433
