,R2,MAE,MSE,RMSE,MAPE
xgb,0.9131654798984528,5.544949780487093,76.3223413571288,8.689052563222493,0.010301207046613725
