,R2,MAE,MSE,RMSE,MAPE
xgb,0.9123278260231018,5.679296228454654,81.88817170682891,8.84980382011364,0.010596703451158122
