,R2,MAE,MSE,RMSE,MAPE
xgb,0.9204586088657379,5.383829557285289,75.65858848458352,8.581542716365954,0.009982156009476481
