,R2,MAE,MSE,RMSE,MAPE
xgb,0.9149727404117585,5.512625831994642,75.70983953480187,8.644986517713638,0.010263232935555758
