,R2,MAE,MSE,RMSE,MAPE
xgb,0.9155889868736267,5.48999216125552,81.70296806064047,8.866102301319962,0.010237358417967878
