,R2,MAE,MSE,RMSE,MAPE
xgb,0.9067899703979492,5.136847518952786,73.08997660253269,8.355182746504687,0.009611659889645251
