,R2,MAE,MSE,RMSE,MAPE
xgb,0.9119677603244781,5.93340327024709,86.75991826898567,9.24067242365043,0.01101804950533756
