,R2,MAE,MSE,RMSE,MAPE
xgb,0.9010522782802581,5.910130300093345,95.87524425037451,9.629025184049452,0.011010425429447872
