,R2,MAE,MSE,RMSE,MAPE
xgb,0.9130557775497437,5.617690798880039,77.85523215620974,8.700022393998204,0.010418447450622686
