,R2,MAE,MSE,RMSE,MAPE
xgb,0.9058772623538971,5.762690215075901,86.17778675615082,9.091475104169398,0.01073624982061663
