,R2,MAE,MSE,RMSE,MAPE
xgb,0.9182909369468689,5.629764807610427,77.77088594555757,8.753484982037158,0.010441942615170955
