,R2,MAE,MSE,RMSE,MAPE
xgb,0.9026281356811523,6.20779976162168,96.05885574526653,9.745753905084047,0.011548503632911744
