,R2,MAE,MSE,RMSE,MAPE
xgb,0.905662727355957,5.835512500073344,87.4076770483706,9.265700624354645,0.010853138991736436
