,R2,MAE,MSE,RMSE,MAPE
xgb,0.9265570104122162,5.464960624033131,71.19727593371422,8.414666577623944,0.010193299550115536
