,R2,MAE,MSE,RMSE,MAPE
xgb,0.9258124172687531,5.039802424511566,69.22206688032162,8.206102155633786,0.009399876528449693
