,R2,MAE,MSE,RMSE,MAPE
xgb,0.9169106304645538,5.367775609127032,73.30366193320027,8.407768883890576,0.0100247111334512
