,R2,MAE,MSE,RMSE,MAPE
xgb,0.9223122239112854,5.445423296028544,73.19486635167544,8.480259585918208,0.010104425122943267
