,R2,MAE,MSE,RMSE,MAPE
gbr,0.964337484410572,5.107489654250542,93.60475027631125,9.037874323438933,0.010759125763458846
