,R2,MAE,MSE,RMSE,MAPE
gbr,0.9105521599419847,7.249681310213037,285.9453585556709,14.699253084242565,0.01547581329529046
