,R2,MAE,MSE,RMSE,MAPE
gbr,0.9568228044045618,5.149535123727416,107.72906155521764,9.411576010168549,0.01117889788658464
