,R2,MAE,MSE,RMSE,MAPE
gbr,0.963725924295777,5.511892025179786,94.21678389936926,9.2162796163879,0.011698538318896499
