,R2,MAE,MSE,RMSE,MAPE
gbr,0.973271791376163,4.570354888946764,76.05485584903343,8.200713358145993,0.00977817433496261
