,R2,MAE,MSE,RMSE,MAPE
gbr,0.9546945536363927,5.522200828655335,127.91174452985145,10.637980090001019,0.011779544167885356
