,R2,MAE,MSE,RMSE,MAPE
gbr,0.9306906825566703,6.533825475522815,165.22096026934096,12.229653887599111,0.013977092342747688
