,R2,MAE,MSE,RMSE,MAPE
gbr,0.9328946933731052,5.455390967247676,183.09173492190223,11.667332458827769,0.012028779456810437
