,R2,MAE,MSE,RMSE,MAPE
gbr,0.9392844585259562,7.16277376974597,192.74683508642087,12.138722299217408,0.015554792930157445
