,R2,MAE,MSE,RMSE,MAPE
gbr,0.9609091394057623,5.627756969496318,116.86129952700097,10.019962183214682,0.011780784842352784
