,R2,MAE,MSE,RMSE,MAPE
gbr,0.9491903615931301,6.643080352959427,180.02562336398415,12.05709493606199,0.014159759371499292
