,R2,MAE,MSE,RMSE,MAPE
gbr,0.9464486601747794,6.22622938226353,168.48080368184782,11.51952307948445,0.013595316962710404
