,R2,MAE,MSE,RMSE,MAPE
gbr,0.9628388190467143,6.1200779154809855,118.96427990878695,10.28938223518275,0.013275237596258493
