,R2,MAE,MSE,RMSE,MAPE
gbr,0.9694544051948487,5.025876227390611,84.52775235111314,8.805455869396432,0.01067551241459759
