,R2,MAE,MSE,RMSE,MAPE
gbr,0.9191983461379353,6.6802707836328565,161.08228465439427,12.202093524516552,0.014380158319356934
