,R2,MAE,MSE,RMSE,MAPE
gbr,0.9730511703150773,4.416296325581692,81.29047343859133,8.054303356297819,0.009402318775635793
