,R2,MAE,MSE,RMSE,MAPE
gbr,0.9592990057752425,5.607727494402134,123.73053596388793,10.565099979859179,0.011599627301867557
