,R2,MAE,MSE,RMSE,MAPE
gbr,0.9376378726492456,7.05134370798452,200.23954412178236,12.067013792954558,0.01526714348162315
