,R2,MAE,MSE,RMSE,MAPE
gbr,0.9638052043183984,4.646584015914769,128.8543521899328,9.46638086086406,0.009709663426680868
