,R2,MAE,MSE,RMSE,MAPE
gbr,0.9500860955486263,6.2665493598585975,156.75461256142697,11.28115892019557,0.013721728091596355
