,R2,MAE,MSE,RMSE,MAPE
gbr,0.9634837183982239,5.093941319788745,105.02754488198211,9.491592903430393,0.010925631738279068
