,R2,MAE,MSE,RMSE,MAPE
gbr,0.9374574805247518,6.013477102345608,156.15862617572034,11.708463111476513,0.012762847373483316
