,R2,MAE,MSE,RMSE,MAPE
gbr,0.9640214687597612,5.438389318863737,100.58752400379774,9.657273486513983,0.011634294901813697
