,R2,MAE,MSE,RMSE,MAPE
gbr,0.9576999279731233,5.063306013405041,111.40305171843197,9.548827568761507,0.010834072559540437
