,R2,MAE,MSE,RMSE,MAPE
gbr,0.9429346763798335,6.540132741084666,184.59069020109717,12.14526383212846,0.013684745091158263
