,R2,MAE,MSE,RMSE,MAPE
gbr,0.9397787789447122,6.1284725517754195,169.42597889184447,11.66021402428004,0.013269545668999332
