,R2,MAE,MSE,RMSE,MAPE
gbr,0.9324652620601611,5.848100486715537,224.87455385493345,12.907352100822001,0.012739548929506165
