,R2,MAE,MSE,RMSE,MAPE
gbr,0.9522787549517672,6.467846614534897,176.95717808292187,11.840560018417055,0.014041090178880753
