,R2,MAE,MSE,RMSE,MAPE
gbr,0.9746545545648247,5.1512454041931175,83.27207741848778,8.517951580610822,0.01095655139500433
