,R2,MAE,MSE,RMSE,MAPE
gbr,0.9451715797745516,6.814996060329355,174.7536201215,12.174444104961088,0.014658160849899984
