,R2,MAE,MSE,RMSE,MAPE
gbr,0.941806797055977,7.38004699891375,179.00838626756712,12.474029211729526,0.015850494860249253
