,R2,MAE,MSE,RMSE,MAPE
gbr,0.9496079843180333,6.487627845286357,130.73920177632544,11.133555017896493,0.013932368490984323
