,R2,MAE,MSE,RMSE,MAPE
gbr,0.9652696267433465,5.632002923619751,111.37940078530914,9.902287161933975,0.012003777845203433
