,R2,MAE,MSE,RMSE,MAPE
gbr,0.9536078477018541,6.234028991738358,139.30526992162703,11.46310187498596,0.013279366429670068
