,R2,MAE,MSE,RMSE,MAPE
gbr,0.9363050285427423,6.401199647408856,196.7482857502921,12.224615724470572,0.013625178100163246
