,R2,MAE,MSE,RMSE,MAPE
gbr,0.9341843299551783,6.005787932208928,177.6673268355926,11.348229911487966,0.013302892239095199
