,R2,MAE,MSE,RMSE,MAPE
gbr,0.9605965149803307,6.041201890524035,121.48028822541207,10.354347269999788,0.013146128218220601
