,R2,MAE,MSE,RMSE,MAPE
gbr,0.9626774074842613,5.556959933445706,119.84681215990626,9.822393483432439,0.01148330544374094
