,R2,MAE,MSE,RMSE,MAPE
gbr,0.9500016195463112,6.109887102981479,131.35410015842518,10.767753161402032,0.013073297957615434
