,R2,MAE,MSE,RMSE,MAPE
gbr,0.9317273136935557,6.708572312666901,133.32013604320335,11.431367351596853,0.014299371297172922
