,R2,MAE,MSE,RMSE,MAPE
gbr,0.9400147557010964,5.880652936346673,174.85293973368044,11.799655102722852,0.012675180852904649
