,R2,MAE,MSE,RMSE,MAPE
gbr,0.9756247184848441,4.777323581853397,74.82628566260762,8.252152404942542,0.0099891961937217
