,R2,MAE,MSE,RMSE,MAPE
gbr,0.953031272780426,4.865055625619313,124.89069680451931,10.81528395595213,0.010522763134896779
