,R2,MAE,MSE,RMSE,MAPE
gbr,0.9690772482108689,4.642514697131059,98.60878183501308,9.335128855536173,0.010026944353802398
