,R2,MAE,MSE,RMSE,MAPE
gbr,0.9722167735092239,3.8536217574647473,100.43635091547125,8.270502497062381,0.0084846719683515
