,R2,MAE,MSE,RMSE,MAPE
gbr,0.9552224522380474,4.456321109044759,116.38874677762558,9.477439644855782,0.00918042159974255
