,R2,MAE,MSE,RMSE,MAPE
gbr,0.9550550710812148,4.64562014257998,129.7914919810376,10.465934988454904,0.01026064332177595
