,R2,MAE,MSE,RMSE,MAPE
gbr,0.9444007203673479,5.279481211116988,161.8534983240905,11.583879103857077,0.011252561948593814
