,R2,MAE,MSE,RMSE,MAPE
gbr,0.9525482157000098,4.886026682650757,124.93499444786842,10.203051998588872,0.010471621589973033
