,R2,MAE,MSE,RMSE,MAPE
gbr,0.9690726031591623,3.9645536469413662,88.07658907275058,9.045842977493455,0.008724434772555714
