,R2,MAE,MSE,RMSE,MAPE
gbr,0.9733442641598457,4.075024383386044,76.35131773197259,8.360806653174114,0.008724750423226846
