,R2,MAE,MSE,RMSE,MAPE
gbr,0.9753429726113335,4.360907662344609,89.25958262716884,8.673240410093204,0.009524188726457123
