,R2,MAE,MSE,RMSE,MAPE
gbr,0.9708987752903193,3.913124769096617,93.29187502681387,8.813612233110925,0.00839808228342514
