,R2,MAE,MSE,RMSE,MAPE
gbr,0.9452954530656579,4.838517492813777,154.9454430277928,11.089261741705108,0.010520532614538258
