,R2,MAE,MSE,RMSE,MAPE
gbr,0.9593242253703735,4.447786349844536,114.54594266074552,9.917931626177829,0.00955811271285529
