,R2,MAE,MSE,RMSE,MAPE
gbr,0.9321242094083255,5.239697416977864,172.3901854365294,12.182907496226449,0.011329098157285566
