,R2,MAE,MSE,RMSE,MAPE
gbr,0.9437878313966831,5.425419931831721,155.31843935086516,11.644136717166274,0.011525576599737738
