,R2,MAE,MSE,RMSE,MAPE
gbr,0.9593051995891061,4.672900682585141,114.7505326209322,9.979964406918603,0.010213675549594221
