,R2,MAE,MSE,RMSE,MAPE
gbr,0.9556730803052215,4.5723600028098685,119.31146886910001,10.316257926328317,0.009934495221962516
