,R2,MAE,MSE,RMSE,MAPE
gbr,0.9446437048742782,5.014088170710648,167.1507297330202,10.736055759957328,0.01095332898343798
