,R2,MAE,MSE,RMSE,MAPE
gbr,0.9538659341054723,4.986812464207565,118.93760408247769,9.9303811713126,0.0106824563427645
