,R2,MAE,MSE,RMSE,MAPE
gbr,0.9558124619157041,4.316073586323462,102.42276522460865,9.072863669314133,0.009274162126444763
