,R2,MAE,MSE,RMSE,MAPE
gbr,0.9733781178087201,4.188570202037921,83.69149548599628,8.791353339931405,0.00904441508683264
