,R2,MAE,MSE,RMSE,MAPE
gbr,0.93206414314434,5.460574123763317,165.01683873909184,11.37198846056093,0.011862361908461674
