,R2,MAE,MSE,RMSE,MAPE
gbr,0.9702272585200271,4.3133372691160226,88.87035235676888,8.767824230426369,0.009218714459669175
