,R2,MAE,MSE,RMSE,MAPE
gbr,0.9603768362681656,4.389163619184178,117.3485047773388,9.969278373707969,0.009730326435663027
