,R2,MAE,MSE,RMSE,MAPE
gbr,0.9743223700141268,4.142701556200912,82.98688318880437,8.815029298748506,0.009038007971461266
