,R2,MAE,MSE,RMSE,MAPE
gbr,0.9666659944365079,3.9193515200485827,85.20881271120157,8.270869951850344,0.008217323397518139
