,R2,MAE,MSE,RMSE,MAPE
gbr,0.9592004287507929,4.663602739864471,119.76880896172312,10.409240618379664,0.010244048936867266
