,R2,MAE,MSE,RMSE,MAPE
gbr,0.9720461802890238,4.295880686264644,85.0698458820837,8.8734917980481,0.009158517335333707
