,R2,MAE,MSE,RMSE,MAPE
gbr,0.9516999860706414,4.8222173381769675,154.58685792263867,11.869828058593981,0.010552960954383751
