,R2,MAE,MSE,RMSE,MAPE
gbr,0.948371626803439,4.55502421190804,137.01511967084215,10.268086810579707,0.01008770978210268
