,R2,MAE,MSE,RMSE,MAPE
gbr,0.9603018817939045,4.234633622996303,112.78293812429266,9.544527238218958,0.009236166877476176
