,R2,MAE,MSE,RMSE,MAPE
gbr,0.9666219932605126,3.9657253462048794,98.37612595042856,8.548897651207948,0.008637787219697182
