,R2,MAE,MSE,RMSE,MAPE
gbr,0.9671179401810456,4.324779484276059,84.01710691622748,8.861135967036727,0.009341076801525834
