,R2,MAE,MSE,RMSE,MAPE
gbr,0.9606699300226438,4.834242755580613,110.85154934625629,10.154595257835528,0.010590667274154345
