,R2,MAE,MSE,RMSE,MAPE
gbr,0.9519096727789496,4.593832195921133,98.92870266514518,9.231467349032698,0.009781480015103433
