,R2,MAE,MSE,RMSE,MAPE
gbr,0.9777315182120665,3.4208144733242336,53.47170717080635,7.048976730492464,0.007432476988978027
