,R2,MAE,MSE,RMSE,MAPE
gbr,0.9533157275492309,4.545948019982554,104.78927342788946,9.575888513297901,0.010083917129752267
