,R2,MAE,MSE,RMSE,MAPE
gbr,0.9575756470634225,3.9692096029135184,111.28772717292888,9.418388567723992,0.008670465313221538
