,R2,MAE,MSE,RMSE,MAPE
gbr,0.9760981359024251,4.23990354674333,79.71968140784028,8.362138443337296,0.009291138192937398
