,R2,MAE,MSE,RMSE,MAPE
gbr,0.9685858750755122,4.2550934109298,86.03193660807412,8.974029335156198,0.009461182004864815
