,R2,MAE,MSE,RMSE,MAPE
gbr,0.9672530043592849,4.435262772796222,87.9305532989151,8.852430319464663,0.009372241830512138
