,R2,MAE,MSE,RMSE,MAPE
gbr,0.9527632238102315,4.571716359056085,111.56579344620616,10.194637614159117,0.009703734198827505
