,R2,MAE,MSE,RMSE,MAPE
gbr,0.940926622105034,5.468754121559545,191.6805378729707,12.79506641548989,0.01205824204210049
