,R2,MAE,MSE,RMSE,MAPE
gbr,0.9656411424807795,4.426427464361906,98.13051629500784,9.253711894433994,0.009621645588106211
