,R2,MAE,MSE,RMSE,MAPE
gbr,0.9550699062825279,4.720733483698705,107.61949882783688,9.501655638154013,0.010460605529199507
