,R2,MAE,MSE,RMSE,MAPE
gbr,0.9598683895192878,4.833232369117959,119.59734424136953,10.474505937535849,0.010598598058061202
