,R2,MAE,MSE,RMSE,MAPE
gbr,0.9683644373486068,4.2014861224019295,90.50515872448258,8.543366576685944,0.008719786435573702
