,R2,MAE,MSE,RMSE,MAPE
gbr,0.9743467981816641,3.9416781706846407,72.57225118614082,7.968871090143935,0.008500243265995737
