,R2,MAE,MSE,RMSE,MAPE
gbr,0.9625212663648268,4.320021295979654,112.82870042795881,9.54221227273185,0.009400833414669088
