,R2,MAE,MSE,RMSE,MAPE
gbr,0.9675000759351484,4.303341246864664,92.98904304053163,9.250172610653635,0.009346480589519016
