,R2,MAE,MSE,RMSE,MAPE
gbr,0.9402371076711754,4.428309828510548,122.57611325238284,10.19341522595786,0.00978412769183441
