,R2,MAE,MSE,RMSE,MAPE
gbr,0.9551954978357802,4.9355474698866475,121.83098986959484,10.609933573901273,0.010960970409162765
