,R2,MAE,MSE,RMSE,MAPE
gbr,0.9546841478123845,4.625638757630954,125.50078324409101,10.42957429639615,0.009910352488435298
