,R2,MAE,MSE,RMSE,MAPE
gbr,0.9405351834425579,5.033222619301822,147.53549709794487,10.94362859800544,0.011221537826620867
