,R2,MAE,MSE,RMSE,MAPE
gbr,0.9634271241413535,3.9346047070755623,105.50108275609689,9.631761008383318,0.008402722857203629
