,R2,MAE,MSE,RMSE,MAPE
gbr,0.9609457073759963,4.42008156801253,117.77526549607296,9.77705147644521,0.009917449604414761
