,R2,MAE,MSE,RMSE,MAPE
gbr,0.9572326310043048,4.524107781285942,100.0666232904906,9.136248604775979,0.009657971272190483
