,R2,MAE,MSE,RMSE,MAPE
gbr,0.9526044683926779,5.003228443774885,142.24346406423734,10.805148153992779,0.01087673791532753
