,R2,MAE,MSE,RMSE,MAPE
gbr,0.9352769647529835,4.53409959162928,128.40058382022906,10.697200558420803,0.009662072794548667
