,R2,MAE,MSE,RMSE,MAPE
gbr,0.9700737196650702,3.6909688201923636,71.01592111796968,7.749647235883214,0.007905473814559884
