,R2,MAE,MSE,RMSE,MAPE
gbr,0.939659903884196,5.150859135972953,189.66143014986332,11.630565586071885,0.010987611112393464
