,R2,MAE,MSE,RMSE,MAPE
gbr,0.9713578116409585,4.363787121584628,86.3502638697752,8.615926079355336,0.009364704428253993
