,R2,MAE,MSE,RMSE,MAPE
gbr,0.9709632948517782,4.40154899772331,96.01710879571586,9.1996423644928,0.0095426225156979
