,R2,MAE,MSE,RMSE,MAPE
xgb,0.8608331024646759,7.424463838918082,121.4397082944558,10.91958948407466,0.013832107019960854
