,R2,MAE,MSE,RMSE,MAPE
xgb,0.85326669216156,7.41774312998932,128.12239421749,11.18876759403271,0.013858597397084393
