,R2,MAE,MSE,RMSE,MAPE
xgb,0.8558762431144714,7.728831296978575,128.90156274499185,11.24938794851544,0.01436229342745369
