,R2,MAE,MSE,RMSE,MAPE
xgb,0.8347750782966614,7.80841291899965,149.41478335031414,12.012103009754856,0.014468455242994411
