,R2,MAE,MSE,RMSE,MAPE
xgb,0.880265349149704,6.468677844821846,108.06927615240416,10.271843989013588,0.012022361213114936
