,R2,MAE,MSE,RMSE,MAPE
xgb,0.8573070883750915,7.6789422640107885,136.68330853089122,11.532455899199775,0.014277753090128981
