,R2,MAE,MSE,RMSE,MAPE
xgb,0.8781955003738403,6.904872462193919,114.07029009775972,10.42958435456184,0.012867920170365695
