,R2,MAE,MSE,RMSE,MAPE
xgb,0.8827222883701324,7.014491308246162,111.77910080263851,10.483747324324257,0.013040179652428093
