,R2,MAE,MSE,RMSE,MAPE
xgb,0.8807155787944794,7.246045831901526,111.80665264844735,10.546123370179522,0.013508859672585073
