,R2,MAE,MSE,RMSE,MAPE
xgb,0.8412144005298614,7.640342606372096,148.08082673076964,11.999004927495983,0.014192064685119452
