,R2,MAE,MSE,RMSE,MAPE
xgb,0.8657682120800019,7.401407824589043,127.67703403682476,11.166174377062209,0.01373906524500174
