,R2,MAE,MSE,RMSE,MAPE
xgb,0.8596732258796692,7.356849424467813,125.33246802535669,11.058179286766066,0.013738477357307478
