,R2,MAE,MSE,RMSE,MAPE
xgb,0.8720373392105103,7.037624550065028,122.95459158719264,11.02187112502834,0.013102563444485288
