,R2,MAE,MSE,RMSE,MAPE
xgb,0.8655133485794068,7.5185873914537265,138.88535975192713,11.66134880702423,0.014024408763816821
