,R2,MAE,MSE,RMSE,MAPE
xgb,0.8663329064846039,7.691390916670876,130.3384855931119,11.318528488834565,0.014380454910796217
