,R2,MAE,MSE,RMSE,MAPE
xgb,0.829024213552475,8.005260309679754,149.32624713722745,12.092765264203049,0.014964202819794218
