,R2,MAE,MSE,RMSE,MAPE
xgb,0.8562634110450744,7.714237373375968,129.07820277904298,11.24085019191141,0.014371416994095238
