,R2,MAE,MSE,RMSE,MAPE
xgb,0.8733788788318634,7.326813232836429,121.72068046453185,10.893015606616386,0.013691789673340855
