,R2,MAE,MSE,RMSE,MAPE
xgb,0.8726608216762543,6.8937786345447,113.16693192040461,10.538093311068478,0.012808206672793712
