,R2,MAE,MSE,RMSE,MAPE
xgb,0.8510978817939758,7.834976967200714,144.68384908239653,11.916473235723139,0.014564240880449364
