,R2,MAE,MSE,RMSE,MAPE
xgb,0.8314793884754181,7.401585475080563,144.49967431162443,11.853375446418024,0.01374451257466126
