,R2,MAE,MSE,RMSE,MAPE
xgb,0.7978524684906005,8.472261363460976,174.7363246558653,13.110565752068212,0.015747226274522314
