,R2,MAE,MSE,RMSE,MAPE
xgb,0.8815760135650634,7.019425388364086,107.62572431032837,10.327492711290668,0.013134440072468962
