,R2,MAE,MSE,RMSE,MAPE
xgb,0.8640369415283203,7.52116671634941,129.09231959289602,11.295356085475643,0.014023076465275225
