,R2,MAE,MSE,RMSE,MAPE
xgb,0.8657584071159363,7.284101286502467,117.94154790710768,10.715119295825847,0.013626883757678513
