,R2,MAE,MSE,RMSE,MAPE
xgb,0.8325279951095581,7.808474034675112,153.76743481783066,12.290730450319847,0.01463281380935639
