,R2,MAE,MSE,RMSE,MAPE
xgb,0.8356690764427185,7.808130075739717,143.8854033837469,11.947738817604755,0.014504593524213091
