,R2,MAE,MSE,RMSE,MAPE
xgb,0.8799702107906342,7.208700296846428,114.73711425277743,10.640877809566216,0.013450963357804449
