,R2,MAE,MSE,RMSE,MAPE
xgb,0.8533322811126709,7.848575610377074,143.23461635609578,11.86532204330706,0.01466382034190529
