,R2,MAE,MSE,RMSE,MAPE
xgb,0.8899812996387482,6.720723919285502,106.9174666440613,10.255114626100966,0.012478131234773558
