,R2,MAE,MSE,RMSE,MAPE
xgb,0.8804902970790863,7.418138618030769,122.03515567928473,10.983813910368436,0.013852291140538592
