,R2,MAE,MSE,RMSE,MAPE
xgb,0.8840465247631073,7.294593487363874,118.15736001452942,10.804447568266188,0.013657692370004661
