,R2,MAE,MSE,RMSE,MAPE
xgb,0.8613904297351838,7.2045446577241545,126.06534000670099,11.158802201709367,0.013392962629067076
