,R2,MAE,MSE,RMSE,MAPE
xgb,0.870107364654541,7.204446312676152,125.35612104945376,10.950429067945112,0.013419262914466676
