,R2,MAE,MSE,RMSE,MAPE
xgb,0.8640592455863952,7.314435040863579,133.42975395518022,11.385068654747679,0.013619110129660605
