,R2,MAE,MSE,RMSE,MAPE
xgb,0.885060578584671,6.96032583940241,113.83641462353367,10.560851767143237,0.012986140977499939
