,R2,MAE,MSE,RMSE,MAPE
xgb,0.863999879360199,7.815814087009729,135.42338224666162,11.5427247038234,0.01445708815393285
