,R2,MAE,MSE,RMSE,MAPE
gbr,0.9601863960565818,3.8329509388301317,99.95035487616367,9.344701763432685,0.008503305655533235
