,R2,MAE,MSE,RMSE,MAPE
gbr,0.9568922518837208,4.270871709826926,121.834575777483,10.070137281884515,0.009127800031817792
