,R2,MAE,MSE,RMSE,MAPE
gbr,0.9601926210951774,3.913192532275216,98.55304743129491,9.477793849217798,0.008307191307407867
