,R2,MAE,MSE,RMSE,MAPE
gbr,0.9671663148915434,4.142223493871722,98.40779488722833,9.164631579001853,0.00913555633144709
