,R2,MAE,MSE,RMSE,MAPE
gbr,0.9590115193815972,4.371929335824514,121.89137016963139,10.05337045609571,0.00955434551053583
