,R2,MAE,MSE,RMSE,MAPE
gbr,0.9633156438884483,3.7880497785392064,105.91612301488469,9.50881518181328,0.00848845514418521
