,R2,MAE,MSE,RMSE,MAPE
gbr,0.9701411704363349,3.7948225712612165,93.92951492292934,8.937090303510237,0.008256176593772282
