,R2,MAE,MSE,RMSE,MAPE
gbr,0.9509174426884833,4.577416893362836,141.8064794070534,10.853972453975569,0.010273206104448237
