,R2,MAE,MSE,RMSE,MAPE
gbr,0.96169128550218,4.246532211415614,108.33089667754487,9.666915105608789,0.009168088950462708
