,R2,MAE,MSE,RMSE,MAPE
gbr,0.9633273639720776,3.8319473712247927,104.37323807006138,9.359084530033947,0.008015005448563315
