,R2,MAE,MSE,RMSE,MAPE
gbr,0.964475678046079,3.9882937313034184,95.21052718645309,8.721206663285683,0.008457472353787632
