,R2,MAE,MSE,RMSE,MAPE
gbr,0.9527295521194249,4.568746507150046,142.19668343672825,10.598667427945344,0.009851096942409075
