,R2,MAE,MSE,RMSE,MAPE
gbr,0.9622485969090618,4.059487880816073,91.93554122395678,8.991409571863537,0.008817355967535386
