,R2,MAE,MSE,RMSE,MAPE
gbr,0.966880364346669,4.117456037355314,100.4482980097845,9.585839415421692,0.00902430012084305
