,R2,MAE,MSE,RMSE,MAPE
gbr,0.9777711816782266,2.8590702598873143,57.17818508189968,6.9140018541813735,0.006041068545352768
