,R2,MAE,MSE,RMSE,MAPE
gbr,0.9813305302389381,3.2763745194769136,63.246545310315355,7.3406697250498825,0.007220668454417533
