,R2,MAE,MSE,RMSE,MAPE
gbr,0.9507269074782296,3.8433712925038037,110.92114485947502,9.85966085074793,0.008796825136882297
