,R2,MAE,MSE,RMSE,MAPE
gbr,0.9522221306985342,4.160633832987676,145.93687435964216,10.67409561153313,0.00935156396323685
