,R2,MAE,MSE,RMSE,MAPE
gbr,0.9691250584484676,3.478073602446296,83.989470697523,8.431397558472744,0.0076132511358775025
