,R2,MAE,MSE,RMSE,MAPE
gbr,0.9608682839544123,4.493774366528928,135.28541312740668,10.29257340327364,0.009975491573562454
