,R2,MAE,MSE,RMSE,MAPE
gbr,0.959134449455363,4.715897312404622,133.44041179298756,10.502503888593603,0.010859030669950354
