,R2,MAE,MSE,RMSE,MAPE
gbr,0.9416188597584743,5.102353843702747,168.9462263540908,11.878249089965497,0.010920422641870957
