,R2,MAE,MSE,RMSE,MAPE
gbr,0.9517664265648819,4.523959097586473,138.201236690324,10.830920303600667,0.009881904995386787
