,R2,MAE,MSE,RMSE,MAPE
gbr,0.9579254130402882,3.9655229570658834,118.93631433566239,9.357808125581807,0.008349902863398598
