,R2,MAE,MSE,RMSE,MAPE
gbr,0.9471131238260797,4.545957715257034,145.58371819068688,11.217332192626007,0.010100797778040092
