,R2,MAE,MSE,RMSE,MAPE
gbr,0.9420513979210943,5.260663610010007,149.4969500724619,11.498301580245403,0.011253349361782378
