,R2,MAE,MSE,RMSE,MAPE
gbr,0.9447448116242138,4.62165724198181,144.79000746043988,11.004091551329362,0.00996064209925246
