,R2,MAE,MSE,RMSE,MAPE
gbr,0.9535289182695597,4.913607471683591,151.53058647790382,11.408931032387276,0.010432021807203144
