,R2,MAE,MSE,RMSE,MAPE
gbr,0.9611511671672253,4.250315409846534,105.9798492760028,9.82805126556644,0.009144847380462666
