,R2,MAE,MSE,RMSE,MAPE
gbr,0.940048607735395,5.335153370670058,141.29592939011218,11.304435747831024,0.011617497085594678
