,R2,MAE,MSE,RMSE,MAPE
gbr,0.9418775349496741,4.3914075674869375,154.1684427575266,11.173875570703505,0.010002867075623676
