,R2,MAE,MSE,RMSE,MAPE
gbr,0.9716804249914232,4.494344128229774,91.46227155423348,9.082409136352842,0.009625656268195415
