,R2,MAE,MSE,RMSE,MAPE
gbr,0.9715698004952369,3.9314176852674487,88.60924211814165,8.83555557357192,0.008458469494944382
