,R2,MAE,MSE,RMSE,MAPE
gbr,0.9720903605006077,3.470453305173561,87.97140948509573,8.353251145881837,0.007651807031900775
