,R2,MAE,MSE,RMSE,MAPE
gbr,0.9637109328106396,4.009149287800858,98.96456418255632,9.204723023281174,0.008677286559742248
