,R2,MAE,MSE,RMSE,MAPE
gbr,0.965398598870286,3.782926751974957,98.44131395618028,9.093083269446014,0.008538360375015288
