,R2,MAE,MSE,RMSE,MAPE
gbr,0.9671805443283634,3.528137816815567,82.43493824995255,7.923693542973257,0.007818827196901749
