,R2,MAE,MSE,RMSE,MAPE
gbr,0.9628770460465395,4.556867287669521,112.17511945025369,9.954039117419011,0.010046543558419087
