,R2,MAE,MSE,RMSE,MAPE
gbr,0.9453959295545369,5.543039705218542,161.47888121155052,12.174031117170468,0.012225151277012843
