,R2,MAE,MSE,RMSE,MAPE
gbr,0.9732283146040697,3.7648113976996833,77.41433050654052,8.532606224794648,0.008368735765272238
