,R2,MAE,MSE,RMSE,MAPE
gbr,0.9125742318797689,5.205852350495692,192.96001277261865,12.14072067927253,0.011541154685940082
