,R2,MAE,MSE,RMSE,MAPE
gbr,0.9848274114467843,2.878898456075847,50.86864219221234,6.446207976475444,0.006086757713424913
