,R2,MAE,MSE,RMSE,MAPE
gbr,0.9666875101471882,4.089035589452539,98.28291196240862,9.234933396333322,0.008886452356513506
