,R2,MAE,MSE,RMSE,MAPE
gbr,0.9704935914613888,3.3940182838474833,92.18872103134234,8.510347793509927,0.007027142637646702
