,R2,MAE,MSE,RMSE,MAPE
gbr,0.9750190381386579,3.6462886346516443,74.39659882797174,8.17714508790335,0.007853633687768577
