,R2,MAE,MSE,RMSE,MAPE
gbr,0.926704123076225,5.6570678975077575,211.7017423136343,13.035817408529704,0.012299121017301656
