,R2,MAE,MSE,RMSE,MAPE
gbr,0.9597925509572633,4.546312831016757,111.05674588406619,10.236907154129181,0.009860653023846293
