,R2,MAE,MSE,RMSE,MAPE
gbr,0.9584160432005813,4.539813467234792,126.35590720603122,10.870818306880038,0.009893300168945577
