,R2,MAE,MSE,RMSE,MAPE
gbr,0.9331707798632923,5.378380071092745,179.19378879555634,12.467772827096251,0.01159018791002345
