,R2,MAE,MSE,RMSE,MAPE
gbr,0.937270956118382,4.469963963485222,145.82856417333727,10.815028280700904,0.009955679885316671
