,R2,MAE,MSE,RMSE,MAPE
gbr,0.9595692796517119,4.6299443694760125,123.44239840663492,10.37447104137423,0.010348150127685255
