,R2,MAE,MSE,RMSE,MAPE
gbr,0.9418596969106696,4.92954458128779,154.71066022323816,11.43872451777126,0.010712963799830303
