,R2,MAE,MSE,RMSE,MAPE
gbr,0.9624462863278787,4.145364061589114,114.65949663382139,9.516254775621395,0.00896720038344465
