,R2,MAE,MSE,RMSE,MAPE
gbr,0.9501984147159179,4.453285455551296,137.44718315590973,10.39276400264951,0.010043151832861082
