,R2,MAE,MSE,RMSE,MAPE
gbr,0.945732246122619,4.778120454396971,146.15779130521784,11.386892946588523,0.01017512270262033
