,R2,MAE,MSE,RMSE,MAPE
gbr,0.9464165238665126,4.066197686095454,156.37263640387673,11.163925997644217,0.008825165298816485
