,R2,MAE,MSE,RMSE,MAPE
gbr,0.954159369128343,4.532948692492303,134.49748535650332,10.544066388996068,0.009992716564294523
