,R2,MAE,MSE,RMSE,MAPE
gbr,0.9676908760090612,4.138143860228687,97.6722163857531,9.596853938633627,0.009011423987040112
