,R2,MAE,MSE,RMSE,MAPE
gbr,0.9759524412209046,3.2800638098998,75.11760882968602,7.474375393613497,0.007014684395750062
