,R2,MAE,MSE,RMSE,MAPE
gbr,0.9621632871298944,4.180768154430603,119.99973081208582,9.816932382178575,0.008976511247597477
