,R2,MAE,MSE,RMSE,MAPE
gbr,0.9528217890782307,4.509981808710231,129.1041666056958,10.452004194559262,0.009650470932778476
