,R2,MAE,MSE,RMSE,MAPE
gbr,0.959937679212762,4.2204573828865115,121.23409139907622,9.89984888458571,0.009204430069516958
