,R2,MAE,MSE,RMSE,MAPE
gbr,0.9628338543008871,4.489899820374225,91.56715840704443,9.087671793975522,0.009526375510982699
