,R2,MAE,MSE,RMSE,MAPE
gbr,0.9569615822033741,3.463121791231111,86.09682032902494,8.13887374467959,0.007437288057062083
