,R2,MAE,MSE,RMSE,MAPE
gbr,0.9710070595996463,3.6753213393615702,76.21739467428407,8.12325520404534,0.008411978473247832
