,R2,MAE,MSE,RMSE,MAPE
gbr,0.9384036362528331,4.842226470283877,165.37481598168142,11.646699648052765,0.01031788709473589
