,R2,MAE,MSE,RMSE,MAPE
gbr,0.9614887566141611,3.742459872143076,109.05613107543186,9.481458402301202,0.008434644609742959
