,R2,MAE,MSE,RMSE,MAPE
gbr,0.9477151322572169,4.45606856277684,152.80175420331392,10.945095808510306,0.009889310042582998
