,R2,MAE,MSE,RMSE,MAPE
gbr,0.939373801755913,4.446529267888569,159.66949085442795,11.095115054693355,0.010114382546602355
