,R2,MAE,MSE,RMSE,MAPE
gbr,0.9575510478723525,4.571771389275516,116.36889955996192,10.283561516322603,0.009949210949345066
