,R2,MAE,MSE,RMSE,MAPE
gbr,0.9578394173063888,4.606528210240095,115.67503303588187,9.522857789182483,0.010123298902442141
