,R2,MAE,MSE,RMSE,MAPE
gbr,0.9522293956630788,4.144189559322087,118.59031426423091,9.920341164706915,0.00893063108080518
