,R2,MAE,MSE,RMSE,MAPE
gbr,0.9480097295768738,4.156680639374662,146.4643078937844,10.018648593009775,0.009351277027348262
