,R2,MAE,MSE,RMSE,MAPE
gbr,0.9664783435738686,4.423745260377343,101.20481948445027,9.589541224244346,0.009741261926460066
