,R2,MAE,MSE,RMSE,MAPE
gbr,0.963328973959721,4.311375688362034,123.14456105849001,9.964030994255584,0.009697610523149002
