,R2,MAE,MSE,RMSE,MAPE
gbr,0.9535379004247279,4.147857163889562,117.80375856630808,10.001128618076319,0.009049520600161185
