,R2,MAE,MSE,RMSE,MAPE
gbr,0.9298905888845826,4.844197926233358,160.0445039957462,12.012738597874202,0.010750981899780965
