,R2,MAE,MSE,RMSE,MAPE
gbr,0.951375041607243,4.463273906442475,138.8385034506393,10.595280671952153,0.010089994848997641
