,R2,MAE,MSE,RMSE,MAPE
gbr,0.936821961131298,5.087011901196072,180.97225888116228,12.548740595077927,0.011046556320276223
