,R2,MAE,MSE,RMSE,MAPE
gbr,0.9512788121404665,4.354715674811581,130.5327822307906,10.034596256981663,0.009581669125735935
