,R2,MAE,MSE,RMSE,MAPE
gbr,0.9579194155493276,4.134020872759146,110.241951725991,9.77723946766074,0.009566328052181636
