,R2,MAE,MSE,RMSE,MAPE
gbr,0.9739435913550623,3.912974513985121,85.88542259302189,8.395946373776914,0.008418834903443511
