,R2,MAE,MSE,RMSE,MAPE
gbr,0.9553640292688221,4.11770156036354,127.90539481033545,9.649577070233878,0.008390434134977072
