,R2,MAE,MSE,RMSE,MAPE
gbr,0.969024928086597,3.6812760265711106,70.31768718153612,8.04512665739053,0.007958813831825675
