,R2,MAE,MSE,RMSE,MAPE
gbr,0.9637063429923062,3.858263806783164,99.23007251564398,9.310049074511536,0.008702773668099646
