,R2,MAE,MSE,RMSE,MAPE
gbr,0.9705068688170402,3.594136187510471,74.75021962787977,7.874854572602234,0.007971085250807957
