,R2,MAE,MSE,RMSE,MAPE
gbr,0.9354168988951457,5.192607057397306,150.52465346448307,11.571852292039853,0.011205533619850754
