,R2,MAE,MSE,RMSE,MAPE
gbr,0.9574417100900083,4.277513512570685,116.23100839529408,9.921425387881637,0.009124800970044611
