,R2,MAE,MSE,RMSE,MAPE
gbr,0.9341113438422726,4.658289607305335,145.3936509129956,10.786970413010126,0.010283087419566647
