,R2,MAE,MSE,RMSE,MAPE
gbr,0.9412208766680419,4.7667938499185905,149.67380372149103,11.260843494185865,0.010673089782069206
