,R2,MAE,MSE,RMSE,MAPE
gbr,0.9621815995493208,4.043717732569776,96.97153130458057,9.402701614572575,0.008691446499987062
