,R2,MAE,MSE,RMSE,MAPE
gbr,0.9747992900366427,3.3168270947460017,64.10579719915434,7.663910211059543,0.007063922532445202
