,R2,MAE,MSE,RMSE,MAPE
gbr,0.9743088525617998,3.514728745038101,66.73508007102673,7.730819610541428,0.0075294735090329565
