,R2,MAE,MSE,RMSE,MAPE
gbr,0.9512642693888085,4.205684362539755,142.8362620582422,10.779285537076236,0.008990146007244381
