,R2,MAE,MSE,RMSE,MAPE
gbr,0.9685886678814342,3.8871177055656623,97.2850175683528,9.033132931266849,0.008265315817330145
