,R2,MAE,MSE,RMSE,MAPE
gbr,0.9782619033748869,3.4306113746766984,70.09827925034529,7.686456579356667,0.007666047467414413
