,R2,MAE,MSE,RMSE,MAPE
gbr,0.9655475720125333,3.7514820920346743,89.81852159412983,9.233028689447185,0.007925133197610092
