,R2,MAE,MSE,RMSE,MAPE
gbr,0.9645181321994423,4.372256608442262,102.8802329896804,9.358894216042689,0.00961908882442045
