,R2,MAE,MSE,RMSE,MAPE
gbr,0.947984171141238,4.858782753129174,148.10239593104586,10.946982449497511,0.010706407449534393
