,R2,MAE,MSE,RMSE,MAPE
gbr,0.9514478695210687,4.2659615612351525,128.57995402902185,9.504694672362554,0.009644626361433262
