,R2,MAE,MSE,RMSE,MAPE
xgb,0.98117203782665,3.5944819451248264,72.94161214356703,8.341660061852455,0.007917516354624036
