,R2,MAE,MSE,RMSE,MAPE
xgb,0.9840721910794891,3.474340767187924,56.07632214997434,7.294437499208011,0.007617829672581687
