,R2,MAE,MSE,RMSE,MAPE
xgb,0.9844586401865365,3.5305745411428475,57.95280517817719,7.260328548575879,0.007679032605219506
