,R2,MAE,MSE,RMSE,MAPE
xgb,0.9855730980697335,3.3029285297757816,52.08583989203883,6.985353382463671,0.007232428278247796
