,R2,MAE,MSE,RMSE,MAPE
xgb,0.9796987777474812,3.4794400411241204,70.09332680801732,7.936268911928991,0.007599423138032496
