,R2,MAE,MSE,RMSE,MAPE
xgb,0.9871050015090093,3.449860267335146,47.24123411034865,6.7318467380654265,0.007515456214220286
