,R2,MAE,MSE,RMSE,MAPE
xgb,0.981950382455751,3.5735908199223667,66.84703226714133,7.904787632786075,0.007807437199575022
