,R2,MAE,MSE,RMSE,MAPE
xgb,0.9809994271250952,3.5622184931274616,68.98018874426181,7.998553917134581,0.007796219553690688
