,R2,MAE,MSE,RMSE,MAPE
xgb,0.9821191886023728,3.5801454418771548,63.50752110871159,7.668905433081363,0.007822905385304304
