,R2,MAE,MSE,RMSE,MAPE
xgb,0.9834331359480251,3.416177668546181,59.7254929642779,7.417304448182972,0.007450163650493805
