,R2,MAE,MSE,RMSE,MAPE
xgb,0.9829125636699085,3.5402313686097444,64.58306097286884,7.86793673128116,0.007745998999639216
