,R2,MAE,MSE,RMSE,MAPE
xgb,0.9863061083726328,3.3182168675528203,49.15499043830625,6.744458252114467,0.0072822410464981075
