,R2,MAE,MSE,RMSE,MAPE
xgb,0.9868554042125444,3.3170483192081726,49.35824644249225,6.808092737969881,0.007190316607744019
