,R2,MAE,MSE,RMSE,MAPE
xgb,0.982935081442541,3.5858060490828576,62.99067965836508,7.701976736060634,0.00778204252765628
