,R2,MAE,MSE,RMSE,MAPE
xgb,0.9873944872734596,3.3752804492051367,44.98231275763884,6.566187954943125,0.007364972131138242
