,R2,MAE,MSE,RMSE,MAPE
xgb,0.979311968743246,3.8119711575130473,76.13858122327137,8.503186846888662,0.008353261791858952
