,R2,MAE,MSE,RMSE,MAPE
xgb,0.9879999370686043,3.2094579742831457,46.36695156148045,6.6414299261625045,0.0069150783843637004
