,R2,MAE,MSE,RMSE,MAPE
xgb,0.9883303221718934,3.2103393390001314,43.79153308529869,6.438934879772704,0.007030532920468217
