,R2,MAE,MSE,RMSE,MAPE
xgb,0.9873069559993507,3.2133314965387014,45.64838832029561,6.56873260655378,0.007097976198711988
