,R2,MAE,MSE,RMSE,MAPE
xgb,0.9825682722493468,3.4764590954302634,62.83905697346319,7.58610215286622,0.007619854792161156
