,R2,MAE,MSE,RMSE,MAPE
xgb,0.9797777753190673,3.8032233299858205,69.93182594610143,8.218895224945268,0.008206921379810658
