,R2,MAE,MSE,RMSE,MAPE
xgb,0.9854213816183961,3.3588880964901984,53.919648597910374,7.075093418678131,0.007230486017856415
