,R2,MAE,MSE,RMSE,MAPE
xgb,0.9778646423174809,3.679410569899523,81.81133061858853,8.731537917872796,0.008179332627253153
