,R2,MAE,MSE,RMSE,MAPE
xgb,0.9867664187787197,3.278075050512063,46.159445443765414,6.656623235064934,0.007136088983557991
