,R2,MAE,MSE,RMSE,MAPE
xgb,0.9844346634494064,3.406200515729777,62.34679039732546,7.5675163141833135,0.007459184898169821
