,R2,MAE,MSE,RMSE,MAPE
xgb,0.9844523347161926,3.517872170726247,55.64612869927181,7.289323664188257,0.007654109205243285
