,R2,MAE,MSE,RMSE,MAPE
xgb,0.9858829300167022,3.4344687713024014,50.82210545861901,6.84725740536349,0.0074233963534543115
