,R2,MAE,MSE,RMSE,MAPE
xgb,0.9846464803215396,3.5445688676831084,57.45430625101473,7.468397461813474,0.007714595415379205
