,R2,MAE,MSE,RMSE,MAPE
xgb,0.9873630998033207,3.2166191840294376,49.85498700923161,6.833505544819277,0.007140791325896125
