,R2,MAE,MSE,RMSE,MAPE
xgb,0.982434667021901,3.5944637696250483,61.456623608211,7.621111499822506,0.007804536457054807
