,R2,MAE,MSE,RMSE,MAPE
xgb,0.9860438749624028,3.3237162780526526,50.25511314200718,7.013805969011676,0.007199816332143384
