,R2,MAE,MSE,RMSE,MAPE
xgb,0.986309364383963,3.097827398728955,48.06967083914151,6.7883324822689675,0.006764532443216594
