,R2,MAE,MSE,RMSE,MAPE
xgb,0.9843999302330276,3.2516645047634705,56.343226241195566,7.266351068309591,0.0070421327213222775
