,R2,MAE,MSE,RMSE,MAPE
xgb,0.9854059356552076,3.4754728421901624,51.710612491642124,6.84070847692986,0.007687876437716207
