,R2,MAE,MSE,RMSE,MAPE
xgb,0.9858423269108331,3.563144909003081,56.42558340022273,7.343970498221192,0.007759004059278526
