,R2,MAE,MSE,RMSE,MAPE
xgb,0.9868420559313524,3.296730945213799,49.13086738966247,6.919891451240851,0.007262117674954836
