,R2,MAE,MSE,RMSE,MAPE
xgb,0.9813660996574519,3.6699153603333676,71.76881102481981,8.325361649496745,0.00803756366644474
