,R2,MAE,MSE,RMSE,MAPE
xgb,0.9852009010620458,3.5087474072343654,52.957436974951904,7.139705320439139,0.007714033577009044
