,R2,MAE,MSE,RMSE,MAPE
xgb,0.9878180686090017,3.2229299732064547,46.32524128583522,6.59505526770774,0.00703134215612891
