,R2,MAE,MSE,RMSE,MAPE
gbr,0.9811635204504296,3.278849409344427,46.3586664924697,6.627224477083577,0.006868886773192026
