,R2,MAE,MSE,RMSE,MAPE
gbr,0.9793663081830137,3.7901942593469977,59.74594253866813,7.415250875781569,0.008033982778033267
