,R2,MAE,MSE,RMSE,MAPE
gbr,0.9780820361799861,3.803535132600421,68.88691538676969,8.03866316945047,0.008044391613820819
