,R2,MAE,MSE,RMSE,MAPE
gbr,0.9857464561007457,3.4167236708066824,46.34870159740363,6.679295251632037,0.007162248260665122
