,R2,MAE,MSE,RMSE,MAPE
gbr,0.9816151739543406,3.6800420578764474,57.47076635476337,7.150306897093803,0.007716211421459798
