,R2,MAE,MSE,RMSE,MAPE
gbr,0.9781665464492987,3.9355743666519643,66.66728480166304,7.875463737883512,0.008162985426240046
