,R2,MAE,MSE,RMSE,MAPE
gbr,0.9793747844939407,3.5792519659021793,61.01450782402198,7.621496327033607,0.0075650576705958055
