,R2,MAE,MSE,RMSE,MAPE
gbr,0.9792569204606132,3.723357294248548,65.09070400364537,7.662827548346772,0.007817476332382443
