,R2,MAE,MSE,RMSE,MAPE
gbr,0.9851744116498249,3.1864884114746643,42.21811551166369,6.28589951571151,0.006731102839832909
