,R2,MAE,MSE,RMSE,MAPE
gbr,0.9782943089124249,3.684175317157325,64.09160825818978,7.519894973114565,0.00795756421432726
