,R2,MAE,MSE,RMSE,MAPE
gbr,0.9842529918357694,3.2185155833587054,50.49827092081207,6.709763951059969,0.006787393764215337
