,R2,MAE,MSE,RMSE,MAPE
gbr,0.9787033914414393,3.6709196450157533,64.1993953669285,7.719629503272624,0.00781497481874936
