,R2,MAE,MSE,RMSE,MAPE
gbr,0.9810715965512881,3.6539283279949024,63.88544721579747,7.745364565904373,0.007756021952884012
