,R2,MAE,MSE,RMSE,MAPE
gbr,0.9747297239425405,3.9235951907509707,70.73000323799332,8.140294009421867,0.00836687883503726
