,R2,MAE,MSE,RMSE,MAPE
gbr,0.9838990548223683,3.326656074728531,49.37410434686219,6.778892813667646,0.0069284673135759384
