,R2,MAE,MSE,RMSE,MAPE
gbr,0.9827147802916436,3.368961559759603,54.8126386556464,7.058932087551847,0.007034005753214466
