,R2,MAE,MSE,RMSE,MAPE
gbr,0.9834713073381025,3.2125855225626423,43.852398618101155,6.468510266098579,0.006755664711255538
