,R2,MAE,MSE,RMSE,MAPE
gbr,0.9789150641269118,3.7402242305194164,64.65818872629032,7.6744084679570905,0.007815103544967573
