,R2,MAE,MSE,RMSE,MAPE
gbr,0.97613986911594,3.8576470947775534,69.75581992551204,8.057546486995438,0.008195315501546455
