,R2,MAE,MSE,RMSE,MAPE
gbr,0.9706740646755765,4.0919102475831535,79.45627036034641,8.457586813732856,0.008729168501667673
