,R2,MAE,MSE,RMSE,MAPE
gbr,0.9792487318796356,3.602991426652747,65.84108378717428,7.430335905651878,0.007594079134569297
