,R2,MAE,MSE,RMSE,MAPE
gbr,0.9831534796765261,3.211675406437016,49.15083490546815,6.74095618406443,0.0068927977409499585
