,R2,MAE,MSE,RMSE,MAPE
gbr,0.9852505841656715,3.200602094942698,43.50811922633642,6.448297685059845,0.006776040603396401
