,R2,MAE,MSE,RMSE,MAPE
gbr,0.9780272358337463,3.492089457617697,72.6843214517094,7.648761114928382,0.007449537022715005
