,R2,MAE,MSE,RMSE,MAPE
gbr,0.9798137314425581,3.7791660248441703,55.33235825302861,7.318780714517727,0.007992867203445827
