,R2,MAE,MSE,RMSE,MAPE
gbr,0.9768896705819007,3.4958525576594335,67.26877985263309,7.907211461654245,0.0074965476250317105
