,R2,MAE,MSE,RMSE,MAPE
gbr,0.9780187620091715,3.851856806477458,60.57324993921069,7.583195184504378,0.008080031415131817
