,R2,MAE,MSE,RMSE,MAPE
gbr,0.9779940590404885,3.7951359886555616,62.62161921342397,7.671386256182383,0.00803779080090105
