,R2,MAE,MSE,RMSE,MAPE
gbr,0.9813925110084476,3.4855725039074925,59.43696525311583,7.315231301286451,0.007279407919944662
