,R2,MAE,MSE,RMSE,MAPE
gbr,0.9735268178618919,3.7879973308078645,74.00296872313324,8.135700316430484,0.008133024239510116
