,R2,MAE,MSE,RMSE,MAPE
gbr,0.9711078956814572,4.2661313895284,77.82248725314011,8.545172783046938,0.009197950356602373
