,R2,MAE,MSE,RMSE,MAPE
gbr,0.9749957213168241,4.024260106841293,68.88151897863442,8.10864291055731,0.00844103396316515
