,R2,MAE,MSE,RMSE,MAPE
gbr,0.9788473200429401,3.252588299382329,56.0359699426318,7.053713213304275,0.00679195113355955
