,R2,MAE,MSE,RMSE,MAPE
gbr,0.9707493322876479,3.97325944974799,99.46812559891573,8.641255591114295,0.008637263848319414
