,R2,MAE,MSE,RMSE,MAPE
gbr,0.9789537353680229,3.57645486290708,62.95915381760041,7.509381410770695,0.007613311764496283
