,R2,MAE,MSE,RMSE,MAPE
gbr,0.9713384087623129,4.442773101602202,87.10501835810992,9.125416730528524,0.009377957894867865
