,R2,MAE,MSE,RMSE,MAPE
gbr,0.9789945932364026,3.5337662885081813,62.90758294873164,7.640951032820617,0.007439034228819116
