,R2,MAE,MSE,RMSE,MAPE
gbr,0.9745006167393306,3.8964814219926796,78.93028063646692,8.41182414878144,0.00844703245762778
