,R2,MAE,MSE,RMSE,MAPE
gbr,0.9762245044526432,3.6912877244324642,71.6833485906353,7.883857875202969,0.007733400796465531
