,R2,MAE,MSE,RMSE,MAPE
gbr,0.9810876138173775,3.5301414506474567,55.31483274531198,7.351085451468895,0.00739927393371668
