,R2,MAE,MSE,RMSE,MAPE
gbr,0.9808640013155635,3.632925461639959,53.11315255300279,7.100827372640845,0.007638291546276596
