,R2,MAE,MSE,RMSE,MAPE
gbr,0.9794344902166264,3.6285057758390074,63.2839498115192,7.65521592845308,0.007711479592721437
