,R2,MAE,MSE,RMSE,MAPE
gbr,0.9771495143576248,3.639282639074947,71.21613864244256,7.817940026248818,0.007658382705103361
