,R2,MAE,MSE,RMSE,MAPE
gbr,0.9803818720129567,3.515183178970492,51.21795168265747,7.032404071498317,0.007434653466298349
