,R2,MAE,MSE,RMSE,MAPE
gbr,0.9846760331905289,3.217250570354826,42.38873969973867,6.291729474286988,0.006681813878438326
