,R2,MAE,MSE,RMSE,MAPE
gbr,0.971158160315898,4.15229519582005,86.06560581040912,9.101466436471195,0.008818627630720692
