,R2,MAE,MSE,RMSE,MAPE
gbr,0.9808743118125726,3.5091804263454933,58.60437711867363,7.289050588487932,0.007317469873295801
