,R2,MAE,MSE,RMSE,MAPE
gbr,0.9807321833184698,3.641822734012744,56.46905356961711,7.1117209726505,0.007660163523272959
