,R2,MAE,MSE,RMSE,MAPE
gbr,0.9816565405785098,3.5011999949483767,60.67663388501891,7.465148360490841,0.007344783618399601
