,R2,MAE,MSE,RMSE,MAPE
gbr,0.9710813374901676,3.7950039040291137,88.15532864239,8.731951973998003,0.008065629948460268
xgb,0.965274346427897,5.080694616036821,108.22427764295067,9.431541742916384,0.010703158496885343
