,R2,MAE,MSE,RMSE,MAPE
gbr,0.978986615474992,3.511002422187692,65.06835222269477,7.69908898840045,0.007381094155970355
xgb,0.9721517940942993,4.800900746231059,86.40152984927255,8.836879477949061,0.01013878502730647
