,R2,MAE,MSE,RMSE,MAPE
gbr,0.9796835289434463,3.4356436180212553,60.725169422843464,7.652442386466963,0.007238302154673066
xgb,0.9751266896352602,4.74680861478029,72.50441115197583,8.399965151395936,0.009993630319672172
