,R2,MAE,MSE,RMSE,MAPE
xgb,0.9741857398702832,4.803124232174145,82.00623324541941,8.688842927539326,0.01015026644681596
gbr,0.9734521332445301,3.8976200000166927,84.28681299278705,8.717192349902854,0.008361769087245383
