,R2,MAE,MSE,RMSE,MAPE
gbr,0.9780943737127833,3.323310579696693,60.46376686176708,7.490928195825146,0.006988140468939925
xgb,0.971035983093893,4.860738284790398,82.19795960359767,8.861234442106928,0.010218131820366839
