,R2,MAE,MSE,RMSE,MAPE
gbr,0.979672159392703,3.370277683741339,58.498988896914554,7.552686025667427,0.007190821374237127
xgb,0.9717379390928672,4.8064951481047995,84.44833689353521,8.892442764010525,0.010109827423808846
