,R2,MAE,MSE,RMSE,MAPE
gbr,0.9683296547302168,3.8207641726749366,96.9515597151027,9.393540433857265,0.00816746764885861
xgb,0.9653618091171072,4.909046394256371,105.8737963852808,9.761200626239798,0.010362146858200914
