,R2,MAE,MSE,RMSE,MAPE
gbr,0.9827744319316645,3.1065590397219687,50.57930682629735,6.883415871838902,0.006597565638922148
xgb,0.9725525548986911,4.674824670762564,80.01169873718462,8.625775077658368,0.009919168870883248
