,R2,MAE,MSE,RMSE,MAPE
gbr,0.9788983197506533,3.83357232493326,69.98019509653618,8.017995092205028,0.00826894739165281
xgb,0.973835264981156,5.062913908582421,88.29666213663373,8.85074295932599,0.010871250524899964
