,R2,MAE,MSE,RMSE,MAPE
gbr,0.9776381151078913,3.352568743018849,68.67146368938063,7.956740113365624,0.007080704887795361
xgb,0.9758403547205574,4.7091389150203975,74.76460943648388,8.474562469482228,0.009847050966544781
