,R2,MAE,MSE,RMSE,MAPE
gbr,0.9770968446635528,3.6168667526813882,72.18154018017388,8.063519082659036,0.007782481776969536
xgb,0.9740441338927853,4.779706093191367,81.45389260755323,8.543992004807084,0.010172183161101727
