,R2,MAE,MSE,RMSE,MAPE
gbr,0.9751168803304802,3.5407800658816213,73.5621456524354,8.26521883967103,0.007435480215968597
xgb,0.9714680161807576,4.81870016785402,83.69575524430054,8.936318791164812,0.010186381106722372
