,R2,MAE,MSE,RMSE,MAPE
gbr,0.9786678363564267,3.6372622413005073,68.70560156172267,7.963833761874509,0.00775860936829757
xgb,0.9752003787475708,4.7664109177129275,77.8128645129581,8.556325133265238,0.0100490048736356
