,R2,MAE,MSE,RMSE,MAPE
xgb,0.9704503558211666,4.83964170349986,87.31379403069101,8.981962393343547,0.01010999636771085
gbr,0.9701168579564141,3.76563168070014,86.93210910021277,8.868420629064257,0.007954810115142076
