,R2,MAE,MSE,RMSE,MAPE
gbr,0.9749602824609317,3.5593153442040046,72.56513915902556,8.313568075331725,0.007481579787289373
xgb,0.968750462455735,5.071251510330522,91.18289714251448,9.279836405159395,0.010612618293140202
