,R2,MAE,MSE,RMSE,MAPE
gbr,0.9762523169296535,3.307923573127186,78.54342100901383,8.031368298832676,0.007075390734116366
xgb,0.969157349442695,4.84946685042148,100.12091926060266,9.197783599132677,0.010331555947263414
