,R2,MAE,MSE,RMSE,MAPE
gbr,0.9817347029766165,3.3446664441458234,58.6782357635769,7.408085989663934,0.007226788151524418
xgb,0.9792899830560982,4.650558832702393,66.47510069627285,7.966002105527849,0.00985238810317855
