,R2,MAE,MSE,RMSE,MAPE
gbr,0.9706374635919468,3.438860207431253,75.46378808051246,8.444339902109473,0.007407809675287667
xgb,0.9659636833118223,4.819708163622641,85.11256697382613,8.927577571248419,0.010139190077104236
