,R2,MAE,MSE,RMSE,MAPE
gbr,0.981796128383588,3.2752488724562587,57.073639172427,7.229918044481336,0.006877807430860239
xgb,0.9755112456136814,4.624495191568489,73.47156135377523,8.279892478730797,0.009684316931970515
