,R2,MAE,MSE,RMSE,MAPE
gbr,0.9694978481355246,3.801817736828338,82.08468225589476,8.665943292187158,0.008238564041115075
xgb,0.9632580244213008,5.269844448388371,96.38382834929075,9.654780768604732,0.011217952242112127
