,R2,MAE,MSE,RMSE,MAPE
gbr,0.9845283525529656,3.001032646381323,49.28172975728322,6.849325387853037,0.006433282389501771
xgb,0.9798082661691314,4.457053275533807,63.55616427368032,7.7682283247840775,0.009428770885443591
