,R2,MAE,MSE,RMSE,MAPE
gbr,0.9753048671180021,3.546495520906025,68.33766011575149,8.155000639919454,0.007342709030119509
xgb,0.9732335616897847,4.781084662320428,74.40661083966738,8.547565234229936,0.009937983385585911
