,R2,MAE,MSE,RMSE,MAPE
gbr,0.978415804393854,3.5393358234995227,66.95363103215452,7.796072983376218,0.007511161814224096
xgb,0.974924701887144,4.645217979922647,77.10566898878763,8.387561580805047,0.009823768238710576
