,R2,MAE,MSE,RMSE,MAPE
gbr,0.9774442910191687,3.8259739157468227,67.52084148955565,8.053386285570223,0.00810013113510989
xgb,0.9732333765417153,5.10745186272575,80.13629206119947,8.840928507931752,0.010646118577356846
