,R2,MAE,MSE,RMSE,MAPE
gbr,0.9747736083229924,3.639033518006047,73.36646801991176,8.05427436630544,0.0076860259837937565
xgb,0.9732798595939647,4.620938729725429,77.67352098884523,8.327725793456866,0.00977044834505977
