,R2,MAE,MSE,RMSE,MAPE
gbr,0.971697437792802,3.7334769613364047,78.69774317612531,8.477498064354066,0.008113441200324121
xgb,0.9639443391780708,5.116379323396985,98.75521509523261,9.516735610454354,0.011023765004349326
