,R2,MAE,MSE,RMSE,MAPE
gbr,0.9788178338831329,3.4735368100679915,70.55360823003566,8.049207970721149,0.007490205811899205
xgb,0.9738257714281421,4.922952078118996,88.40681761417613,8.982755329946032,0.010461670368725298
