,R2,MAE,MSE,RMSE,MAPE
gbr,0.975248646898426,3.425034576520068,70.88019793225521,7.945151835986872,0.0072304311881372305
xgb,0.9713999242374278,4.625320914139247,81.11179935977933,8.46994077370437,0.009681902145846787
