,R2,MAE,MSE,RMSE,MAPE
gbr,0.9841142729609148,2.9492428171775,47.68362965193418,6.665600933938203,0.006419671269073293
xgb,0.9741607844333485,4.565559132967298,76.46462265448577,8.356506280765132,0.009750239421405653
