,R2,MAE,MSE,RMSE,MAPE
xgb,0.9815625488284505,4.138966997829295,59.46209290012282,7.418906024597222,0.008773824206038294
gbr,0.9805951806505588,3.197948723652587,63.72756549307511,7.6007477295917685,0.006918834695509073
