,R2,MAE,MSE,RMSE,MAPE
gbr,0.9762331710085499,3.6438123537517426,70.41566635634462,8.164059684166547,0.007756179467380199
xgb,0.9744025391341873,4.828746960070706,77.25552154397876,8.596517467418286,0.010083506179272814
