,R2,MAE,MSE,RMSE,MAPE
gbr,0.9798788017752939,3.3116131495226484,59.59169894018711,7.40259228938622,0.007067953863398926
xgb,0.9755843145239043,4.377173008008935,70.27357573778487,7.95721512599701,0.009256959579634901
