,R2,MAE,MSE,RMSE,MAPE
xgb,0.9762306856857881,4.714905108849781,68.4239041036436,8.070964115460233,0.0099215207335894
gbr,0.9754302074161709,3.7088886421575453,70.93741010357452,8.150501947782267,0.007854475161594083
