,R2,MAE,MSE,RMSE,MAPE
gbr,0.9821566611373882,3.3101060624242153,58.32107309059817,7.353721816956413,0.007151602758757555
xgb,0.9754737675858693,4.694962664431093,81.33665535418312,8.582089558247478,0.01004333288356272
