,R2,MAE,MSE,RMSE,MAPE
gbr,0.9811707363265294,3.138336673142861,56.0812211210123,7.393610963566784,0.006726056310843458
xgb,0.9801766751063801,4.031162424796726,58.01977579513848,7.319714998841111,0.008489535875069494
