,R2,MAE,MSE,RMSE,MAPE
gbr,0.9726055201421702,3.7636523670497546,82.16215775109555,8.321299390018671,0.008173206850818293
xgb,0.969192755269316,5.1434861725759005,90.12933811037674,8.959609881340338,0.01097737158747398
