,R2,MAE,MSE,RMSE,MAPE
gbr,0.9774694727083094,3.281923225027491,68.45141093418535,7.691875022001618,0.007019546175480523
xgb,0.9709624261739925,4.649787916438905,87.39683754401236,8.942063685067671,0.009928254994663899
