,R2,MAE,MSE,RMSE,MAPE
gbr,0.9835986559519776,3.1926698443147328,52.077842991512036,7.020914912905377,0.006839836033976671
xgb,0.982025241941729,4.201466215058718,56.44201810187811,7.336172884731117,0.008897170327932798
