,R2,MAE,MSE,RMSE,MAPE
gbr,0.9852624295850528,3.0314197203192825,47.21098324154144,6.555402494051317,0.006324524893628112
xgb,0.9798818182967107,4.500812571607405,64.87468662682222,7.751969331438119,0.009416773628988127
