,R2,MAE,MSE,RMSE,MAPE
gbr,0.9804395396513357,3.3551639930038624,61.375869177647004,7.606258772146629,0.0071205448362289
xgb,0.9789052372040835,4.634461999766235,66.66938423923338,7.995201972482438,0.009814637621301244
