,R2,MAE,MSE,RMSE,MAPE
gbr,0.9858172218273313,3.135628343157879,43.839383650830584,6.47075644352022,0.0067199063004450416
xgb,0.9817266206260218,4.5578670566194806,56.646128498531496,7.412882335829302,0.009573292802056802
