,R2,MAE,MSE,RMSE,MAPE
gbr,0.9754518483064771,3.47126930618742,72.55703862765384,8.307502997830046,0.007366811431184013
xgb,0.9733045464600677,4.705971848451909,78.92375322774092,8.729465646766196,0.0099487105540938
