,R2,MAE,MSE,RMSE,MAPE
gbr,0.9703313531690883,3.773546368320288,82.4264773370953,8.72690899064148,0.007976910096351162
xgb,0.962439537141653,5.109989134567494,103.82917469893937,9.719049579228614,0.010652334498340342
