,R2,MAE,MSE,RMSE,MAPE
gbr,0.9821556525413883,3.2577081664392344,51.36926498870582,7.017131168056933,0.00700655044877938
xgb,0.9783789677066552,4.307705903657711,64.79262910558309,7.93088180892577,0.009147230374057017
