,R2,MAE,MSE,RMSE,MAPE
gbr,0.9735032173246587,3.6228493203539403,69.25355979041002,8.113225274117045,0.0077266007465701435
xgb,0.9676268266641619,4.861013216452558,82.63494025701172,8.808699458340575,0.01019781801772295
