,R2,MAE,MSE,RMSE,MAPE
gbr,0.9769084002268041,3.2220484493375374,72.39224670902196,7.997453067762176,0.007020605423447705
xgb,0.9753362711712112,4.2210091402797705,75.06729899068895,8.307212783702807,0.008950355656892988
