,R2,MAE,MSE,RMSE,MAPE
gbr,0.9801558082165818,3.3213185281019113,57.842012492218956,7.31842712288932,0.007021930592497866
xgb,0.9757014915533111,4.498318775020988,69.71702452389067,8.038211928082408,0.009468828576187938
