,R2,MAE,MSE,RMSE,MAPE
gbr,0.9743981916156356,3.7574540781764716,71.79887683490188,8.286670590560977,0.007931843042970455
xgb,0.9673148375390163,5.049784583080774,91.54624851046505,9.43058915282429,0.010551049588001876
