,R2,MAE,MSE,RMSE,MAPE
xgb,0.98206173632526,4.229006628636592,52.63484078738934,7.155362864326977,0.008972580065542832
gbr,0.9784088377995769,3.4171216341910076,63.57143574136781,7.79638201428798,0.007338386966708854
