,R2,MAE,MSE,RMSE,MAPE
xgb,0.9766993642936843,4.560661440321354,65.3756714478925,7.857685560608782,0.009519601418935786
gbr,0.9759381711874837,3.493635934237196,65.75435885542466,7.873893401461361,0.0073996803946767414
