,R2,MAE,MSE,RMSE,MAPE
gbr,0.9740849361664738,3.3057897162870034,75.26927842074574,8.4428603870446,0.0071462491895922155
xgb,0.9703927414215292,4.579844310965457,85.11670391590484,8.92761710558078,0.00974170242342394
