,R2,MAE,MSE,RMSE,MAPE
gbr,0.9800064854401208,3.540665922139552,60.555663288934,7.656059705593814,0.0075104189332223835
xgb,0.9768453665028046,4.68528835809132,70.58079546485837,8.293580490684619,0.009901352528900632
