,R2,MAE,MSE,RMSE,MAPE
gbr,0.9729481882127828,3.644154814108331,81.45573583294195,8.563786569293946,0.007839604103668166
xgb,0.9673598337770095,5.010461257816285,98.34353071495984,9.495799496318728,0.010586316266250447
