,R2,MAE,MSE,RMSE,MAPE
gbr,0.980414424278458,3.1978811768139215,55.505029346298215,7.318126282877657,0.006740977731562414
xgb,0.977055465367471,4.419255348790874,67.95215575823573,8.137075113933026,0.009258031482960415
