,R2,MAE,MSE,RMSE,MAPE
xgb,0.9843295792514709,4.08571221176592,45.85547346590496,6.630558647564037,0.00854892508634524
gbr,0.9816999806996956,3.2855920379047254,53.023418238093896,7.152561669032802,0.006952573781248363
