,R2,MAE,MSE,RMSE,MAPE
gbr,0.9833988129891031,3.3233270177076193,50.67044086350349,6.974516907979724,0.007157909909624506
xgb,0.9822604574536525,4.3922124410434,53.2867228868876,7.180180895641627,0.009272113450750932
