,R2,MAE,MSE,RMSE,MAPE
gbr,0.9759549658953063,3.5820238450524613,74.85940672589888,8.130260230987798,0.007638084820968255
xgb,0.9700948765751358,4.851712129847311,92.18334495451457,9.003150979527955,0.010206307013618472
