,R2,MAE,MSE,RMSE,MAPE
gbr,0.9801873095794387,3.489712721044152,63.03188922205735,7.791935946723138,0.007351840151918386
xgb,0.9773710112718067,4.580272271093855,71.30420158869634,8.316072485031816,0.009643356512172694
