,R2,MAE,MSE,RMSE,MAPE
gbr,0.9748125471509811,3.498084950312472,70.83377493709659,8.152448509560038,0.007552113925660586
xgb,0.971948579541294,4.35365202633782,77.7209359963956,8.404242340297445,0.009265048640367628
