,R2,MAE,MSE,RMSE,MAPE
gbr,0.9782391137639774,3.537358098100525,63.061910398834016,7.830132982165995,0.0074843052787083395
xgb,0.972872258600247,4.850081339306131,79.94682975248956,8.684625806670585,0.010282341393071832
