,R2,MAE,MSE,RMSE,MAPE
gbr,0.9808254005332433,3.155984920573562,56.484757318141966,7.052056067548672,0.006718507562867665
xgb,0.9799698559279891,3.9999501098208627,58.12038683774773,7.231246356215371,0.008403113435997369
