,R2,MAE,MSE,RMSE,MAPE
gbr,0.9714202801906326,3.853693164937391,77.21936671613147,8.31660566160233,0.008332710819665953
xgb,0.9669239185241535,5.186174433940937,92.41232569958927,9.259208087777472,0.011102224789939791
