,R2,MAE,MSE,RMSE,MAPE
gbr,0.9787150377132784,3.400264199240201,57.77844929125655,7.413098912324829,0.0072070619836993675
xgb,0.9752338029528668,4.480938035220075,66.85732777485283,7.887194442565809,0.0094014993647901
