,R2,MAE,MSE,RMSE,MAPE
gbr,0.9748495735231927,3.4123037775736016,61.73473943536014,7.596043363643014,0.007242723311026803
xgb,0.9729027078000817,4.454244889149974,68.47511290774892,7.96870624099045,0.00942354724446601
