,R2,MAE,MSE,RMSE,MAPE
gbr,0.9726008322138007,3.909044675984017,89.40098849443952,8.989645308200943,0.008344239195648393
