,R2,MAE,MSE,RMSE,MAPE
gbr,0.9764383647692574,3.4951112763096077,79.05320112084071,8.534640203444535,0.007511262708459691
