,R2,MAE,MSE,RMSE,MAPE
gbr,0.9767405349973932,3.6059419555093726,84.47783795068514,8.92412785522017,0.007867228022120667
