,R2,MAE,MSE,RMSE,MAPE
gbr,0.9691362568866904,3.5121846997347412,91.68787905768426,9.175973823084414,0.007642337576024573
