,R2,MAE,MSE,RMSE,MAPE
gbr,0.9796315477280118,3.435607104308086,56.726509902536904,7.411371385307122,0.00735076620468669
xgb,0.9794207503074303,4.395292390947257,58.57423903939864,7.481975907072986,0.009304283899264191
