,R2,MAE,MSE,RMSE,MAPE
gbr,0.9785870649686149,3.6231316000665053,77.33993677649451,8.547276754954282,0.007672062920699263
