,R2,MAE,MSE,RMSE,MAPE
gbr,0.969872784323252,3.9909573375270475,101.31291868714979,9.413797030424274,0.008571740170678922
