,R2,MAE,MSE,RMSE,MAPE
gbr,0.9713917381937943,4.10900145590588,98.20699590492316,9.707075981587131,0.00882728167851654
