,R2,MAE,MSE,RMSE,MAPE
gbr,0.9719326561302696,3.50606574594761,105.00271553779562,9.383239695627703,0.007717056689592669
