,R2,MAE,MSE,RMSE,MAPE
gbr,0.9776498530493993,3.548436647604724,71.42894218214612,8.054198985823309,0.0076944227753426965
