,R2,MAE,MSE,RMSE,MAPE
gbr,0.9789775639550842,3.3998184032738132,70.66192908294826,7.867023540962867,0.007358389635313774
