,R2,MAE,MSE,RMSE,MAPE
gbr,0.9731701834190771,3.955853006859408,98.01632214608647,9.584456419952678,0.00844298756102907
