,R2,MAE,MSE,RMSE,MAPE
gbr,0.9803107229926278,3.4527266977003217,74.41945531617628,8.235358673662871,0.007370566336342263
