,R2,MAE,MSE,RMSE,MAPE
gbr,0.9716336011167508,4.036501613903377,100.66152983801116,9.818123731068715,0.008698800049221855
