,R2,MAE,MSE,RMSE,MAPE
xgb,0.9815442848880302,4.387009706645559,52.13264700574756,7.088978405325731,0.009213101613762422
gbr,0.9793962797351359,3.260119416031389,59.657793613714055,7.534524588652059,0.006916564803329216
