,R2,MAE,MSE,RMSE,MAPE
gbr,0.9774051082147942,3.349672983741435,75.98472091519682,8.346000768874514,0.007152013484716585
