,R2,MAE,MSE,RMSE,MAPE
gbr,0.9675892692893029,4.308450730293322,106.27538748213135,10.013600368411643,0.009146624559216289
