,R2,MAE,MSE,RMSE,MAPE
gbr,0.9729403966967489,3.7773359652457366,85.24195336956413,8.934164098831268,0.008149137513766587
