,R2,MAE,MSE,RMSE,MAPE
gbr,0.9798149376791759,3.2536198342642186,74.37221802589129,8.154832766000998,0.006926527814853549
