,R2,MAE,MSE,RMSE,MAPE
gbr,0.9718047675945298,3.845283547502455,97.21916118086028,9.494328956877684,0.00809311968754907
