,R2,MAE,MSE,RMSE,MAPE
gbr,0.9712098868873531,3.9721275848751203,90.32006943044618,9.156364917224895,0.00847029161416329
xgb,0.966435834647115,5.062754190183393,103.76554391009365,9.805606680930442,0.010771044022970615
