,R2,MAE,MSE,RMSE,MAPE
gbr,0.9672689450179399,3.7267515161855895,97.40794026679937,9.395347370947125,0.007995689559428157
xgb,0.9667624048013881,4.931030429557632,97.51357440378699,9.492621542860949,0.010501841534340634
