,R2,MAE,MSE,RMSE,MAPE
gbr,0.9787155028135036,3.3993646991706212,76.4373155766215,8.122098112973791,0.0071650620422237825
