,R2,MAE,MSE,RMSE,MAPE
gbr,0.9700395504312164,3.9442148757889326,86.6236594494945,8.797182673253102,0.008505854506262069
