,R2,MAE,MSE,RMSE,MAPE
gbr,0.9827952384567361,2.965660874392279,50.68908236615697,6.63449989739738,0.006182250112584523
xgb,0.9785109326799034,4.329059813784203,63.447483451753214,7.616701747611467,0.008982185797516746
