,R2,MAE,MSE,RMSE,MAPE
gbr,0.9812033224731233,3.206801490759498,70.19975233455496,8.034408072356616,0.0069317519215663075
