,R2,MAE,MSE,RMSE,MAPE
gbr,0.9753003248789964,3.5552424140580876,87.74221267893935,8.58775358665894,0.007722629243964116
