,R2,MAE,MSE,RMSE,MAPE
gbr,0.9798319832591508,3.446024566265541,57.73921037922172,7.234570708275696,0.007337549735298021
xgb,0.9780661881416656,4.387531413739329,62.73442825619044,7.468038541127089,0.009248947377668265
