,R2,MAE,MSE,RMSE,MAPE
gbr,0.9829511939646245,3.3054375599578023,53.4316863402319,7.1834698533662715,0.007024722416677061
xgb,0.9768400832127762,4.710785388643681,72.56535996080763,8.35476507709529,0.009934035303260525
