,R2,MAE,MSE,RMSE,MAPE
gbr,0.9783171469028563,3.4479512103193515,75.58179931457855,8.18802063810523,0.00752326903229663
