,R2,MAE,MSE,RMSE,MAPE
gbr,0.9680652051287817,3.949820381854427,102.22510920857769,9.838554530209391,0.008514867322541874
