,R2,MAE,MSE,RMSE,MAPE
gbr,0.9707082593493439,3.734716586908634,82.9964492460613,8.725067310824574,0.008227368351794313
