,R2,MAE,MSE,RMSE,MAPE
gbr,0.9731273432975337,3.7998733915378686,84.8080253936106,9.03698471117451,0.00817248618121511
