,R2,MAE,MSE,RMSE,MAPE
gbr,0.9789887820724339,3.4717626323676924,74.59532489165717,8.277480877165242,0.007420324622119767
