,R2,MAE,MSE,RMSE,MAPE
gbr,0.976330758088948,3.6048350876533264,76.74257921505625,8.283976279547385,0.007788795274120426
