,R2,MAE,MSE,RMSE,MAPE
gbr,0.9688298760347518,3.841646810233128,114.62431551403388,10.010760294983545,0.008425682162212865
