,R2,MAE,MSE,RMSE,MAPE
gbr,0.9700022760243872,4.087090751480926,110.63757421403413,10.01309484096971,0.00880144716165676
