,R2,MAE,MSE,RMSE,MAPE
gbr,0.9753215385782312,3.5874707601197295,73.88990474930472,8.223518112054865,0.007724810780115765
