,R2,MAE,MSE,RMSE,MAPE
gbr,0.9750352231524284,3.4751703503726157,67.14977005132455,8.00695082144047,0.007421004470438567
xgb,0.9746784835550095,4.440839449232193,68.94054390996953,8.135250010942878,0.009403055782602867
