,R2,MAE,MSE,RMSE,MAPE
gbr,0.967935963946182,3.960354649154206,110.11734144897846,10.187887658123987,0.008609727690589448
