,R2,MAE,MSE,RMSE,MAPE
gbr,0.9776948814480253,3.2179316579267363,63.69537210763728,7.6107101941648265,0.006862299503851345
xgb,0.9763756562314387,4.453491189613536,67.4969867844363,7.787083328625229,0.009446372574567442
