,R2,MAE,MSE,RMSE,MAPE
gbr,0.9818738661937705,3.2461442968919187,60.13808373912417,7.573998132269433,0.006869025023351459
xgb,0.9764341647020292,4.6961210634853074,76.0843050862847,8.627622889379333,0.009904282873806609
