,R2,MAE,MSE,RMSE,MAPE
gbr,0.9669711887088637,3.887540515537494,101.48774160545473,9.596609371675745,0.008483087098947358
