,R2,MAE,MSE,RMSE,MAPE
gbr,0.9736799173252073,3.8880257413560857,89.37636985081592,9.042528862367787,0.008421691521956345
