,R2,MAE,MSE,RMSE,MAPE
gbr,0.9786476739049981,3.4538001463786854,76.97265836419753,8.25037257080624,0.007397098312250258
