,R2,MAE,MSE,RMSE,MAPE
gbr,0.9763565751729495,3.3646763304750578,79.96831789256757,8.4243803670845,0.007294842194290205
