,R2,MAE,MSE,RMSE,MAPE
gbr,0.9771912247733804,3.663573729462583,83.64733680894057,8.682087501688578,0.007919096823944354
