,R2,MAE,MSE,RMSE,MAPE
gbr,0.9796200630044526,3.366726427705344,68.26396429703988,7.831536235706901,0.007352844546140491
