,R2,MAE,MSE,RMSE,MAPE
gbr,0.9731121328134995,3.7520326430795423,87.41728487077935,8.801205311155893,0.008111918065007403
