,R2,MAE,MSE,RMSE,MAPE
gbr,0.9653423230174869,3.9426676268849064,97.90977559111421,9.243894273834817,0.008541861296970665
