,R2,MAE,MSE,RMSE,MAPE
gbr,0.9711343578573963,3.7081109071575105,95.44192007616536,9.146590617082499,0.008073838623896039
