,R2,MAE,MSE,RMSE,MAPE
gbr,0.9775934506784856,3.487341495015758,73.31337777357646,8.065902152037541,0.007616674137781948
