,R2,MAE,MSE,RMSE,MAPE
gbr,0.9654350598473538,3.8443018297814966,113.84571635025816,10.175708249587327,0.008304869721265219
