,R2,MAE,MSE,RMSE,MAPE
gbr,0.9686258051841916,4.04230680581721,113.07721614323312,10.068366705086659,0.008918290457615625
