,R2,MAE,MSE,RMSE,MAPE
gbr,0.9791113991335294,3.256386428101102,71.40257611416499,7.973916886294615,0.007201614076597832
