,R2,MAE,MSE,RMSE,MAPE
gbr,0.9796980686053212,3.5698323127354,68.50532976109415,8.043220029579711,0.007727830999044359
