,R2,MAE,MSE,RMSE,MAPE
gbr,0.9727122207096599,3.368414762671738,87.3914273640365,8.923606117927294,0.007221637952776268
