,R2,MAE,MSE,RMSE,MAPE
gbr,0.9779050079036103,3.210864148290592,68.3927621232791,7.933139427931361,0.006876742392172801
xgb,0.9773055126284952,4.4526798156232505,70.691950026873,8.252397093815272,0.009320802055635163
