,R2,MAE,MSE,RMSE,MAPE
gbr,0.9635082364947948,4.22163062311604,120.66798765753148,10.481058414625746,0.009193677035090924
