,R2,MAE,MSE,RMSE,MAPE
gbr,0.9811451509440854,3.282740656350414,57.8166462649333,7.371804308445336,0.006855031715338247
xgb,0.978303368221036,4.623327050317899,65.35144362688831,7.971167890665636,0.009643010785623629
