,R2,MAE,MSE,RMSE,MAPE
gbr,0.9774836017004057,3.5799454410731633,65.2281338292233,7.775894620405353,0.007680308790097239
xgb,0.9739474665373768,4.811748312535371,75.17412982922124,8.469554921187104,0.01015602609115295
