,R2,MAE,MSE,RMSE,MAPE
gbr,0.982293783680648,3.267304907756691,57.93610304279165,7.295997542522846,0.00693233307932938
