,R2,MAE,MSE,RMSE,MAPE
xgb,0.9641664622150777,5.084357998764091,106.45978396832705,9.87506819269419,0.010871165122638594
gbr,0.9633366859971464,4.328605355631849,109.09374457129039,9.773433261721873,0.009369870832982638
