,R2,MAE,MSE,RMSE,MAPE
gbr,0.9742765396649883,3.5475130093217246,86.33129084571036,8.963774751527003,0.007694706434174453
