,R2,MAE,MSE,RMSE,MAPE
gbr,0.975604355271517,3.3365486916507785,70.6409465100351,8.09841745504906,0.007202090052846178
xgb,0.9680440153428398,4.787906149204705,91.57654861379311,9.127037171700993,0.010136786177322745
