,R2,MAE,MSE,RMSE,MAPE
gbr,0.9747384817888463,3.6210829212295677,65.96679921602068,7.938914799469101,0.007660949832120377
xgb,0.9742951258350707,4.767526063904282,67.19395875420904,8.073659131010219,0.010028986225669712
