,R2,MAE,MSE,RMSE,MAPE
gbr,0.9647073878186531,4.196493224967072,115.05625452542354,9.904703575226518,0.009254936967021161
