,R2,MAE,MSE,RMSE,MAPE
gbr,0.9703074875240082,3.525051520245659,105.13487517036961,9.67309717865854,0.007638339779156596
