,R2,MAE,MSE,RMSE,MAPE
gbr,0.9794285166906148,3.566963709385079,69.4349713915215,8.10218208664884,0.00754763886446424
