,R2,MAE,MSE,RMSE,MAPE
gbr,0.9825445831660286,3.022767283192249,52.524092683890885,7.086101305399239,0.006501163930576667
xgb,0.9801576664161379,4.295119602279847,60.06210066379159,7.584062490619912,0.009029198058577933
