,R2,MAE,MSE,RMSE,MAPE
gbr,0.9816217436315802,3.158856913162355,53.140137767093755,7.211104447408909,0.006722686557840679
xgb,0.9751009352370563,4.736115691282124,71.09409184162155,8.340715774969997,0.01002442971674795
