,R2,MAE,MSE,RMSE,MAPE
gbr,0.9718762341602396,3.7708589387203064,89.8766748875563,9.045796864172857,0.008162794187615313
