,R2,MAE,MSE,RMSE,MAPE
gbr,0.9757013898746058,3.6557444368414758,76.56195173702231,8.495549291356703,0.008033066651308617
