,R2,MAE,MSE,RMSE,MAPE
gbr,0.9722951434351318,3.741326994392371,94.74576336961852,9.380814163479894,0.008026697545532323
