,R2,MAE,MSE,RMSE,MAPE
gbr,0.9531242089556082,4.1689878153641065,145.52300850254747,11.17888441131089,0.00920239401511647
