,R2,MAE,MSE,RMSE,MAPE
gbr,0.9743859971090295,3.508558211469224,85.28927642637105,8.806255966250053,0.007651723013030867
