,R2,MAE,MSE,RMSE,MAPE
gbr,0.9721799460519058,3.581468152795195,101.90734763258163,9.190929218391188,0.007850929449319513
