,R2,MAE,MSE,RMSE,MAPE
gbr,0.9615768817580737,4.250026910826586,124.12890512545489,10.740705610695114,0.009206644063733017
