,R2,MAE,MSE,RMSE,MAPE
gbr,0.9701260808581633,3.702862887799886,90.44524951819356,9.088379209115827,0.007987952369809401
