,R2,MAE,MSE,RMSE,MAPE
gbr,0.974268411256219,3.58138406590312,80.53699458580104,8.404122898462981,0.007607305075516527
