,R2,MAE,MSE,RMSE,MAPE
gbr,0.9736463470576879,3.678748891854479,82.54259366860052,8.80275581187333,0.007834295840265942
