,R2,MAE,MSE,RMSE,MAPE
gbr,0.9774824599693709,3.1981223140000674,78.3164948972386,8.243588002036251,0.0069061204396656155
