,R2,MAE,MSE,RMSE,MAPE
gbr,0.9737451244916236,3.8684500009055873,94.01931501493348,9.432359754306301,0.008253835919596327
