,R2,MAE,MSE,RMSE,MAPE
gbr,0.9788832599575427,3.3572620705326663,81.90717883158048,8.644084767139372,0.007458565851847622
