,R2,MAE,MSE,RMSE,MAPE
gbr,0.9778251063174516,3.4737453938422895,74.91105058798902,8.26968016202747,0.007465405435452302
