,R2,MAE,MSE,RMSE,MAPE
gbr,0.9785228586030961,3.5336378393935215,72.57888697686187,8.232433128619968,0.007487746015230778
