,R2,MAE,MSE,RMSE,MAPE
gbr,0.9787638884597765,3.262448663550073,58.59229205537282,7.3094944736851515,0.006825130702203622
xgb,0.9777641136337877,4.399216444890916,63.44787554106993,7.772498002205381,0.009207792704109286
