,R2,MAE,MSE,RMSE,MAPE
gbr,0.9772339801353093,3.621586664337463,75.86642978436194,8.295561487561379,0.007891048710916289
