,R2,MAE,MSE,RMSE,MAPE
gbr,0.9668479692456746,4.068187311157228,103.00836309478186,9.81463224410341,0.00881485132886486
