,R2,MAE,MSE,RMSE,MAPE
gbr,0.9758901786493993,3.430530326126628,65.79875165260223,7.920913790041598,0.007337393429492754
xgb,0.9725115616865416,4.567246426074271,76.08836658452195,8.489943521445571,0.009690844648465277
