,R2,MAE,MSE,RMSE,MAPE
gbr,0.9794056860880298,3.20704066830352,62.75052782734916,7.532980767319022,0.006736903990569756
xgb,0.9734928747924654,4.519431337097053,81.50540097487655,8.728058008315102,0.009478960908103861
