,R2,MAE,MSE,RMSE,MAPE
gbr,0.9705367076721692,3.9237565672433172,102.57115379750383,9.62849456324477,0.008432910388014811
