,R2,MAE,MSE,RMSE,MAPE
gbr,0.9677600455451041,3.9545325049001514,114.29315421028821,10.069175698348145,0.0086480241649638
