,R2,MAE,MSE,RMSE,MAPE
gbr,0.9672778100062063,4.232539951213359,109.4877844456307,10.158522068452017,0.009096439237163335
