,R2,MAE,MSE,RMSE,MAPE
gbr,0.9704114695306956,3.8107285077003867,106.41110380251766,10.139306627164052,0.00818813242965972
