,R2,MAE,MSE,RMSE,MAPE
gbr,0.9714823323537557,3.82335903605858,98.3308128686155,9.477059682356813,0.008293143267660239
