,R2,MAE,MSE,RMSE,MAPE
gbr,0.974841597223091,3.671430204567611,73.89691713515921,8.477902146026679,0.007843305458042632
