,R2,MAE,MSE,RMSE,MAPE
gbr,0.9835752902889221,3.1658261440379896,48.745434083476916,6.9009659553278455,0.006728725730278014
xgb,0.980447973707579,4.37219658754905,58.18019584839159,7.526093422847637,0.009275500587445747
