,R2,MAE,MSE,RMSE,MAPE
gbr,0.973220729563659,3.709958763376656,93.21591078528796,9.228070719806482,0.008101664513434987
