,R2,MAE,MSE,RMSE,MAPE
gbr,0.9752781836295037,3.588525856314849,73.13382429280409,8.104187555937461,0.007752136457081446
xgb,0.9717301437078076,4.814803312340894,83.72640581062373,8.706852313308179,0.010249948551532414
