,R2,MAE,MSE,RMSE,MAPE
gbr,0.981261533585819,3.3504658775657505,57.158295314664805,7.282076345698587,0.0071498425151336475
xgb,0.9754633266088124,4.6890384269088266,74.44804138238409,8.276375905867548,0.009835781712761173
