,R2,MAE,MSE,RMSE,MAPE
gbr,0.9715546563510553,4.004308048589179,96.3174200660821,9.430145793249107,0.008673354890522605
