,R2,MAE,MSE,RMSE,MAPE
gbr,0.9684086753931084,4.120515280309073,101.23504138749504,9.883417968061085,0.008878345055565255
