,R2,MAE,MSE,RMSE,MAPE
gbr,0.9779585746539153,3.2019607512120993,61.9709555941444,7.370035560835859,0.006925635480972939
xgb,0.9733094635997886,4.504077305161293,74.6966948970584,8.047496166933312,0.009551266666040663
