,R2,MAE,MSE,RMSE,MAPE
gbr,0.9772393033700174,3.400003285992817,75.57197618042039,8.344207082843536,0.0072463778320388415
