,R2,MAE,MSE,RMSE,MAPE
gbr,0.9749751137735878,3.687667967484873,89.93316043314688,8.925847758910075,0.007990246673918936
