,R2,MAE,MSE,RMSE,MAPE
gbr,0.9741679792560604,3.878658882964442,88.94036039020682,9.07667521040016,0.008454071290050236
