,R2,MAE,MSE,RMSE,MAPE
gbr,0.9731271276783813,3.6519952374418096,91.25490184163525,9.087718745567017,0.007999606756187105
