,R2,MAE,MSE,RMSE,MAPE
gbr,0.9775169326849642,3.489430604710704,58.1975042627076,7.466379558566072,0.007397024356803966
xgb,0.9733153921873798,4.706962441108661,70.20893269089166,8.233617463938463,0.009960264321959013
