,R2,MAE,MSE,RMSE,MAPE
gbr,0.9632700014014942,3.9430573720510003,121.93150841244156,10.268915425368183,0.008385961651962131
