,R2,MAE,MSE,RMSE,MAPE
gbr,0.9814890866116839,3.503455016453798,54.89548250116347,7.30838460978907,0.007477217643165728
xgb,0.9763294412406915,4.882953372273143,68.72536050090164,8.19071051966529,0.010233541738354798
