,R2,MAE,MSE,RMSE,MAPE
gbr,0.9690641819368345,3.8078345351982086,107.93136242680018,10.045263747863519,0.00830679215143005
