,R2,MAE,MSE,RMSE,MAPE
gbr,0.9789337637585666,3.216168173914369,67.48983707307488,7.7810278140404705,0.006995100480791341
xgb,0.9785680938160736,4.279222522856939,67.51587330516895,7.93040129151441,0.009093352607017938
