,R2,MAE,MSE,RMSE,MAPE
gbr,0.9756648742489145,3.557950905865293,77.71661247283055,8.458160858954695,0.007574405060029314
