,R2,MAE,MSE,RMSE,MAPE
gbr,0.9823156652440266,3.1213777397018974,48.94488333190544,6.883057291985757,0.006592588685729929
xgb,0.9765158117601563,4.531980327754058,64.57343504635301,7.779325614743601,0.009517481860903024
