,R2,MAE,MSE,RMSE,MAPE
gbr,0.97551066629108,3.500819108908093,84.45310872608016,8.623904558347117,0.007495128826463563
