,R2,MAE,MSE,RMSE,MAPE
gbr,0.965042869657581,4.359932247419796,129.44977193822768,10.992531531297415,0.009235256333892033
