,R2,MAE,MSE,RMSE,MAPE
gbr,0.9760242143469595,3.828854843559848,77.02145677564975,8.487916036926807,0.008081955613289912
xgb,0.975168302284106,4.713897780780644,80.24564281481453,8.627730968107084,0.009861410341872105
