,R2,MAE,MSE,RMSE,MAPE
gbr,0.9802405797779075,3.5056554551622554,68.36564399747684,7.98261523308061,0.007528103562935274
