,R2,MAE,MSE,RMSE,MAPE
gbr,0.9674597500899564,4.218178947679989,116.65570203666103,10.381710759099013,0.009115922004447193
