,R2,MAE,MSE,RMSE,MAPE
gbr,0.9710147125260432,4.044615148672606,99.66034470595085,9.568513689347146,0.008592809105062753
