,R2,MAE,MSE,RMSE,MAPE
gbr,0.9708314198991419,3.6779532604122673,102.75539669721101,9.232293602228967,0.007953230989815246
