,R2,MAE,MSE,RMSE,MAPE
gbr,0.9720664837732915,3.7421807144965458,93.71943177779484,9.392034607393912,0.008196027394217072
