,R2,MAE,MSE,RMSE,MAPE
gbr,0.9806430640530784,3.5039358011112176,64.89397945079818,7.812117811352384,0.007554034253858001
