,R2,MAE,MSE,RMSE,MAPE
gbr,0.9825046300528371,3.280059096192802,55.407423160932865,7.31384395346535,0.007036808630100508
xgb,0.9792098668827215,4.537396645585472,64.83707387067496,7.906412419191613,0.009574383371678569
