,R2,MAE,MSE,RMSE,MAPE
gbr,0.9738451395772687,3.6633140043167707,85.59855932106214,8.962390946469473,0.007939789374229012
