,R2,MAE,MSE,RMSE,MAPE
gbr,0.9807617933048963,3.4718777236101372,58.60425808160935,7.513416616940589,0.007297554512668442
xgb,0.976695104576231,4.794435134785726,70.98554236794128,8.104968385965845,0.009951789840573395
