,R2,MAE,MSE,RMSE,MAPE
gbr,0.9779578527922015,3.4030636152029543,76.95724541211428,8.396360038234118,0.007218375228078955
