,R2,MAE,MSE,RMSE,MAPE
gbr,0.9636908152934165,4.350620643321806,128.92158138862692,10.953336760830881,0.009488699733875488
