,R2,MAE,MSE,RMSE,MAPE
gbr,0.9781015191030298,3.303424770614876,70.62310035381373,8.047495001610221,0.007056725101135744
