,R2,MAE,MSE,RMSE,MAPE
gbr,0.966844423668725,3.8479724852972885,91.44476616332985,9.029689343228291,0.008282232305765526
xgb,0.9661791020964374,4.983161912727917,93.70999997971204,9.255071605745119,0.010620964537361933
