,R2,MAE,MSE,RMSE,MAPE
gbr,0.980811887310128,3.4391022736860166,64.48944030595365,7.685158431666534,0.007352850309742391
xgb,0.97571951456857,4.531344937779055,81.49868425904745,8.82788699001348,0.009584435124802282
