,R2,MAE,MSE,RMSE,MAPE
gbr,0.9721911376798644,3.7430356872756883,88.79613639413478,8.870184102650654,0.00796740548635727
xgb,0.9702531017568627,4.943594664222127,94.87436560191337,9.267405481686776,0.010391834734226744
