,R2,MAE,MSE,RMSE,MAPE
gbr,0.983139825746518,3.009964003258843,55.87851429493414,7.131381827078229,0.006576615823828266
