,R2,MAE,MSE,RMSE,MAPE
gbr,0.9764802698677008,3.626349782375801,65.93807620151892,7.767854334996339,0.007752111491363621
xgb,0.9744103039383131,4.7711914744312125,71.7595722887693,8.143959755788533,0.010055187156417292
