,R2,MAE,MSE,RMSE,MAPE
gbr,0.9754202136018261,3.5856377133531807,83.39495974622733,8.666836525464248,0.007780270682719044
