,Neogonodactylus_oerstedii|334,Neogonodactylus_oerstedii|383,Bombus_impatiens|539,Bombus_impatiens|424,Bombus_impatiens|347
Neogonodactylus_oerstedii|334,0.0,6.699999999999989,-148.00000000000006,-55.60000000000002,39.19999999999999
Neogonodactylus_oerstedii|383,,0.0,-154.70000000000005,-62.30000000000001,32.5
Bombus_impatiens|539,,,0.0,92.40000000000003,187.20000000000005
Bombus_impatiens|424,,,,0.0,94.80000000000001
Bombus_impatiens|347,,,,,0.0
