,R2,MAE,MSE,RMSE,MAPE
gbr,0.9785656965062506,2.454582026690481,45.2505047954087,5.974864775773051,0.005353766954324
rf,0.974990079761284,3.8146411595113747,53.43483482207771,6.725369258777468,0.00829151913266411
xgb,0.9597663535290171,3.3750398488198563,86.88792842330021,7.624238179238418,0.007260695050478128
BayesianRidge,0.9390669070617337,4.523957087064906,139.32277643371884,10.75967276804666,0.010176642512880507
