,R2,MAE,MSE,RMSE,MAPE
gbr,0.9847943000626886,2.332997843950505,27.956838639396956,4.9621754827576,0.004967825572090419
xgb,0.982826787412486,2.7890154069469824,34.086427612503954,5.508036695948057,0.0059504962555622775
rf,0.9795752040402798,3.731755300299676,42.58127820307706,6.282433707354851,0.007896656782411377
BayesianRidge,0.908465745017125,5.337155078077104,170.16862955274507,12.245332197046123,0.011726251934364548
