,R2,MAE,MSE,RMSE,MAPE
gbr,0.9866670473149203,2.2953981533652437,37.18628155172896,5.552680377184551,0.00480965705344016
xgb,0.9857005678104549,2.7588688124379805,38.90200666142023,5.673954897195722,0.005816543256073401
rf,0.9812884647633597,3.9229036762915173,49.306887416173815,6.741831555002962,0.008417583764276653
BayesianRidge,0.9425568973922992,5.01167591742577,131.2857370758368,11.168051065948987,0.010779438007233052
