,R2,MAE,MSE,RMSE,MAPE
gbr,0.9733527461864341,3.0748000074670294,61.13595659357925,7.193949696735594,0.006551759441395641
rf,0.9725737255581643,4.098913381167335,66.08422095724902,7.414950793413,0.00871284642754643
xgb,0.9688929052783873,3.676436996459961,69.61657472338729,7.54897567315354,0.00784684668863301
BayesianRidge,0.9301526704131506,5.560775042589995,171.22697004884571,12.480716960418464,0.0120220469157685
