,R2,MAE,MSE,RMSE,MAPE
gbr,0.9889854574041779,2.399565950841396,31.05873103983464,5.3729269329379665,0.005232681321890809
xgb,0.9885594631622201,2.498981569966962,32.02353772052004,5.130051325961292,0.005424360251735002
rf,0.9869225417145804,3.383936673518998,37.55185227951883,5.869027391138647,0.007349670349107637
BayesianRidge,0.9683248038378501,4.187423898236679,86.05142268746157,8.925362987995024,0.009265237570395097
