,R2,MAE,MSE,RMSE,MAPE
gbr,0.9839109393585923,2.360750633957626,33.4866067184063,5.5086561736218735,0.005091560982671895
xgb,0.9797663810385273,3.075667053960985,42.2925974270587,6.32543037151698,0.006567020414793757
rf,0.978218723624307,3.6299798952647855,45.61765250488595,6.5881268638836,0.007752803592166163
BayesianRidge,0.9242676085739282,4.978213523483904,146.90901396511777,11.573709552339217,0.01097689639830261
