,R2,MAE,MSE,RMSE,MAPE
gbr,0.9912460039905598,1.9006067526091854,23.776072422816206,4.459129934811026,0.004067925560402754
rf,0.9833807917499232,3.4552857735877334,43.104972231073006,6.050633719761715,0.007298999736617831
xgb,0.9830315561419253,2.7325538727544973,47.23229651805984,5.937862006330908,0.005808159818658483
BayesianRidge,0.9605540236445111,4.19374056210536,123.86008851884606,10.29682039842221,0.009192305125361655
