,R2,MAE,MSE,RMSE,MAPE
gbr,0.9898205964919885,2.2345469780455596,24.169808932660157,4.834059799153588,0.0047769711745623295
xgb,0.9891926482639025,2.6460794048924603,25.085403671889175,4.933245567569116,0.005545876642744326
rf,0.9860190058938174,3.4896525866958954,32.198340066740016,5.601836747156332,0.00736096795237298
BayesianRidge,0.9567479844660329,4.419870855729859,112.09448367559757,9.974603867081552,0.009759518133950453
