,R2,MAE,MSE,RMSE,MAPE
gbr,0.9877690573871322,2.280093677152378,30.758075926357698,5.291929589106898,0.004960363520118168
xgb,0.986411803474508,2.7057912549664898,34.86658437050811,5.649949598449498,0.005847073914266287
rf,0.9777468550921113,4.098085731351053,50.9209195734228,6.964458139816193,0.0089468159325862
BayesianRidge,0.9471184674201826,4.477162594553499,138.06222670540748,11.372410580825694,0.009962208858347754
