,R2,MAE,MSE,RMSE,MAPE
xgb,0.9803797422122562,3.0249162372466056,47.45901766493122,6.408068874452107,0.006506977736598576
gbr,0.9800702193665689,2.793648881375867,48.84465978599894,6.318167045841688,0.006127202847012527
rf,0.9722736181894074,4.328410300097199,66.67947864542542,7.507846120220661,0.00931591348161788
BayesianRidge,0.9202244211720656,5.570477759108286,182.41008846674418,12.49600355609122,0.012476826730525595
