,R2,MAE,MSE,RMSE,MAPE
xgb,0.9858506510515452,2.891765541568879,35.852077233413475,5.71431248546532,0.006203593478291856
gbr,0.9853331104934966,2.726257535556278,37.30763321759602,5.832123081649102,0.005995876275420384
rf,0.9792250202092967,3.863644805126637,54.11677239528251,6.951246989405782,0.008411169554527117
BayesianRidge,0.945901802403036,5.239373380472347,144.4940226685466,11.411056092885179,0.011644761234799525
