,R2,MAE,MSE,RMSE,MAPE
gbr,0.9849749116635025,2.303616813961887,43.00317912802127,5.765075624992645,0.0050935883352616704
rf,0.978192542442476,4.02170944547978,65.04509280109735,7.245425731746022,0.008867622083628051
xgb,0.9764663393434947,3.0232471767548588,66.66714362757087,7.00890188139959,0.006629746098461124
BayesianRidge,0.9487075377970019,4.652132518760734,144.09795941051746,10.578674498750761,0.010423202359095224
