,R2,MAE,MSE,RMSE,MAPE
xgb,0.979738851133866,3.305139723747007,47.5974208011181,6.525329425052038,0.0070222909647121995
gbr,0.9776803610077895,3.021835920763041,50.07004451846977,6.478147472683676,0.006578995706959209
rf,0.9731248084092565,4.714097971352671,63.195798540121544,7.668330507593607,0.010216501247091905
BayesianRidge,0.9367980510037078,5.495026969400928,146.77914051164936,11.277083843101247,0.012080674866299403
