,R2,MAE,MSE,RMSE,MAPE
xgb,0.9723062007206679,3.0735880138028056,46.07100702377634,6.627071114943389,0.006727937140032153
gbr,0.9710362355141114,2.5424009774536245,46.62421524556021,6.467229374551925,0.005676952633987575
rf,0.9677486120589271,4.056926495727114,54.57078525360235,7.29752151242136,0.008914624472707893
BayesianRidge,0.8773325417346746,5.583464599406788,200.6084532435404,13.221908864214134,0.01263309653565583
