,R2,MAE,MSE,RMSE,MAPE
xgb,0.9821787194317689,2.694908029494747,38.78666406365113,5.569471436353586,0.005962235606509299
gbr,0.9809181413540763,2.3620569641525497,41.168072335142995,5.529843653269959,0.00536225957540927
rf,0.9784599210996466,3.7344077678835546,43.78218773925589,6.363099045546671,0.008283800792805655
BayesianRidge,0.9293077818223869,5.00653099620188,169.0023723722258,11.467653926467376,0.01120099845416069
