,R2,MAE,MSE,RMSE,MAPE
xgb,0.9781068993482329,2.9849383046550133,55.75125992885732,6.857067975109183,0.006464337390797503
gbr,0.9778782491262099,2.5435239146974125,55.6392824290866,6.933452941817217,0.005526250167191479
rf,0.9741815889753507,4.044126827404757,66.2761010892796,7.652684287504916,0.008792336153710441
BayesianRidge,0.9406108599331835,4.776729193409585,151.92917913235996,11.216395242514867,0.010565270502787143
