,R2,MAE,MSE,RMSE,MAPE
xgb,0.9845134020205842,2.639668768605879,33.225504006411484,5.084070094813983,0.005598213273700098
gbr,0.9828936714724155,2.3850015685497477,33.604724308890916,5.277934224242702,0.005081394944285349
rf,0.9806946202544662,3.257939453938257,37.371622740589785,5.48898638189514,0.00692104947429824
BayesianRidge,0.9482009382269678,4.57183660032143,117.55460855480229,10.322606577057403,0.010381712171603765
