,R2,MAE,MSE,RMSE,MAPE
xgb,0.9903125558911425,2.2814278571836413,21.80791976501698,4.4266256239944095,0.004800605668665489
gbr,0.9886601670183246,2.032497014716451,23.159141702257575,4.495560011670732,0.004341678341665454
rf,0.9836717143402163,3.379587837926791,33.641393673065686,5.6118857044042265,0.007182030281929907
BayesianRidge,0.948506634044028,4.327809084137888,106.38752969621524,10.221352685734235,0.009536688129475092
