,R2,MAE,MSE,RMSE,MAPE
gbr,0.9770668996159877,2.7717539387229175,44.43352027517743,6.258601059078441,0.006039187065116028
xgb,0.9754485079290941,3.138764073771815,47.45343005961569,6.43665002781564,0.006716746056627421
rf,0.9660707502798479,4.267575698920569,66.55594212018192,7.660942698434082,0.00910367240823948
BayesianRidge,0.9200260915744327,6.396292991564062,168.88597098689584,12.584797390777794,0.01361916921300321
