,R2,MAE,MSE,RMSE,MAPE
gbr,0.9845191408026196,2.619663559604459,40.00342151698747,5.7027306720706585,0.005508100394205881
rf,0.9830565392139926,3.4880676887024036,43.88036749812311,6.0180858811234,0.0073361692467037625
xgb,0.9830281880382199,3.001043391689177,45.15564873257061,5.869550877555407,0.00631315191470756
BayesianRidge,0.9581323389270766,4.431389100181073,107.90855754851464,9.455736261773547,0.009690918674430699
