,R2,MAE,MSE,RMSE,MAPE
xgb,0.9899460319315623,2.5406781916464527,27.225162951819307,4.8249572980804585,0.00531665223184735
gbr,0.9893444786910257,2.2264648983733095,27.520135764156937,4.854270111849153,0.00465758625127212
rf,0.9866853154763838,3.294746836937114,34.596047594671454,5.637875833139989,0.006928651043563661
BayesianRidge,0.9605660582773654,4.147399788607704,120.51397352426943,9.74487837949279,0.009022326411786189
