,R2,MAE,MSE,RMSE,MAPE
gbr,0.9895990522858786,2.1551199482858436,26.80674921969659,4.551666489750984,0.0046252590509103814
xgb,0.9862443609348069,2.6147113012498426,35.17047974454165,5.176444332142153,0.0055642305171504395
rf,0.9824330648861043,3.5671678994693976,43.93244404433973,6.09390636330379,0.007595487179470751
BayesianRidge,0.9598714770498411,4.2368807062003295,91.19038004416748,9.099453806550887,0.009260219491442168
