,R2,MAE,MSE,RMSE,MAPE
gbr,0.9792842384903475,2.7182482639882437,46.665862275615964,6.359551463363166,0.005953922030420917
xgb,0.9772763600934249,3.132905731201172,50.856864817493886,6.592120376481323,0.006768956676817692
rf,0.9756692190386257,3.9717747859347625,51.50317917703535,6.945902141734753,0.008471209109242957
BayesianRidge,0.943869917892272,4.85725988464821,132.44772176969974,10.272753099445547,0.010801940448602108
