,R2,MAE,MSE,RMSE,MAPE
gbr,0.9863413752877973,2.596871781743792,39.07375776412255,5.7227583058430564,0.005551487985315499
rf,0.980473400518099,4.3089832197841105,55.851323105460565,7.068774686090855,0.009146871951874639
xgb,0.9795066667175376,3.6650176503581386,56.91716280986767,7.172065132721533,0.007870089804231812
BayesianRidge,0.9267187285389215,5.924846823413771,200.60260479350353,13.572245694921259,0.013021384505069861
