,R2,MAE,MSE,RMSE,MAPE
gbr,0.9819256083614138,2.7521730630480965,44.66339360687438,6.308360234998389,0.006041260918197784
rf,0.9712865629884598,4.344551942183855,68.47955453509014,7.864481105049441,0.009481050197285394
xgb,0.9700143733179324,3.5618894829288608,73.3603718243082,7.857845681266726,0.007892021849749986
BayesianRidge,0.9116154775597047,6.279681000574927,208.74316915983076,13.92660921531178,0.013901715304864486
