,R2,MAE,MSE,RMSE,MAPE
gbr,0.9893606325728447,2.0218397358386517,30.244536922755362,4.978237398261374,0.004502845816720976
xgb,0.9879980226879408,2.524505582624866,33.63871479825336,5.304820863157742,0.005501227575683759
rf,0.9855105799902157,3.552362202393487,40.62818071461913,6.156036255238547,0.00767770708516549
BayesianRidge,0.9542669647401458,4.254421566990212,133.62560202916717,10.172590315484761,0.009538815703326164
