,R2,MAE,MSE,RMSE,MAPE
gbr,0.9851256086436841,2.7493814580666007,42.572504668873286,5.9904770304049695,0.006014348405337723
xgb,0.9831527934191154,3.146406826511506,47.54598665665551,6.300234145944134,0.006938540504429573
rf,0.9781379464783295,4.273056298583985,60.97825531696135,7.410519920057752,0.009306065514347359
BayesianRidge,0.95123974890522,5.319444084275449,132.49549323414854,11.127579971777227,0.011790636587925203
