,R2,MAE,MSE,RMSE,MAPE
gbr,0.985880857969543,1.9654826878794023,30.12098930969193,4.97767736287707,0.004223677301401238
xgb,0.9804078242822218,2.445402184763262,37.58965006733881,5.54354644846682,0.005242290250235355
rf,0.9761758439446883,3.7198778154010936,50.8425704979741,6.875069562075244,0.008030662311082744
BayesianRidge,0.9309182628342123,4.808036019428575,138.07731622312335,11.127645653464722,0.010375239746336919
