,R2,MAE,MSE,RMSE,MAPE
gbr,0.9810575201340827,2.5597613003513553,51.152160683178955,6.385759482005996,0.005777572778609169
rf,0.9778193178024047,3.955848717894651,61.416730343924144,7.108324347531038,0.008625143838694754
xgb,0.9776183289873872,3.0690402953855456,57.06203388133201,6.701072137424435,0.006750566266664956
BayesianRidge,0.9414930868667962,5.583925759069361,146.46613053607177,11.526118943912397,0.01237520461901541
