,R2,MAE,MSE,RMSE,MAPE
gbr,0.982441921407587,2.3869496043856526,35.76670910110621,5.468427716445283,0.005190397601995203
xgb,0.9814729012041437,2.8975387511714814,39.47676284655313,5.752069337524599,0.006231368195803074
rf,0.9747586749070297,3.9647502234828402,54.317335185329604,6.939984940870535,0.00847159018170807
BayesianRidge,0.9476519558587049,4.4522894492437235,110.01333850654825,10.092051627366866,0.009916623380682962
