,R2,MAE,MSE,RMSE,MAPE
gbr,0.9848205181465399,2.5015801000727977,41.37755602586101,5.7182854979304985,0.005491258942580059
xgb,0.9834714262975007,2.893149608489006,44.849353831329566,5.908878678325165,0.0063020404039404124
rf,0.9758374407939636,4.033843886769546,63.8538858411989,7.2412901222365935,0.00893287811093847
BayesianRidge,0.9496107113023073,4.280346071310804,116.05976815883363,10.068907784567688,0.009688723631999222
