,R2,MAE,MSE,RMSE,MAPE
gbr,0.9833972685050437,2.5225367562027587,38.29228272564097,5.820753955818282,0.005416355848219451
xgb,0.9804392080248471,3.0572993333878054,44.16159692108168,6.263982019858132,0.006498727051901054
rf,0.9749557637366626,3.8705879491357202,53.92070161556181,6.927792570733329,0.008403215470716284
BayesianRidge,0.9412051123070821,4.843194014047796,142.45141271147725,11.38406243163106,0.010843492930373684
