,R2,MAE,MSE,RMSE,MAPE
gbr,0.9917942111167897,2.0307484413999517,22.472742706151898,4.273874239293286,0.004298826907914765
xgb,0.9892636017149506,2.7040507033563426,30.275455414082142,5.0446207615265175,0.005688044699866647
rf,0.9870679717139861,3.452083260080992,34.22418208835239,5.589671698853569,0.0071819776569009034
BayesianRidge,0.9680521877870305,3.970849997887062,82.90914808155406,8.345381754786967,0.008622065551079422
