,R2,MAE,MSE,RMSE,MAPE
gbr,0.9903057451275817,2.225564720938476,24.4540008397888,4.550501217181763,0.004824502870954375
rf,0.9849311869636839,3.7377530949055346,35.36460504022164,5.71811427408512,0.007939525224291213
xgb,0.9838335513324715,2.6308372663682507,37.886909550745834,5.357225743442239,0.005635953655819458
BayesianRidge,0.9065288269542926,6.275949443695075,239.1120526983155,14.005609799643548,0.013828486519509126
